graph_stem,summary_graph_path,prune_graph_path,solver,matched_k,num_nodes,n_supernodes,n_superedges,L,L_atom,L_atom_norm,sil_raw,sil_norm,L_causal,internalized_mass_fraction,dag_removed_mass_fraction,final_retained_mass_fraction,raw_superedge_mass,final_superedge_mass,total_fine_edge_mass
000,summary_graphs/entmax/alpha_0.50/node_0.02/000_summary_graph.pt,pruned_graphs/entmax/alpha_0.50/node_0.02/000_prune_graph.pt,ours-summary,14,44,17,119,0.22740378651268747,-95.25747680664062,0.4055805995508715,0.0793500979683306,0.5396750489841653,0.04922697347450346,0.04922697347450346,0.21620225727658454,0.6126212730390863,163.438848644495,128.10300064086914,209.10635375976562
000,summary_graphs/entmax/alpha_0.50/node_0.02/000_summary_graph.pt,pruned_graphs/entmax/alpha_0.50/node_0.02/000_prune_graph.pt,baseline-spectral-cosine,14,44,17,120,0.2529599873414168,-98.90467834472656,0.3984806268787947,0.029330329235270302,0.5146651646176351,0.10743934780403884,0.10743934780403884,0.202448512410919,0.5595219623734785,146.69848808646202,116.99959740042686,209.10635375976562
000,summary_graphs/entmax/alpha_0.50/node_0.02/000_summary_graph.pt,pruned_graphs/entmax/alpha_0.50/node_0.02/000_prune_graph.pt,baseline-kmeans,14,44,17,105,0.2707575223385141,-69.55925750732422,0.45560730368451696,0.37793197701185616,0.688965988505928,0.08590774099251121,0.08590774099251121,0.2730466144440191,0.5553777705073153,159.75304999947548,116.13302055001259,209.10635375976562
000,summary_graphs/entmax/alpha_0.50/node_0.02/000_summary_graph.pt,pruned_graphs/entmax/alpha_0.50/node_0.02/000_prune_graph.pt,baseline-spectral-adj,14,44,17,107,0.49558844318401807,-7.505202770233154,0.5764078633128572,-0.5255749391278086,0.2372125304360957,0.4147690230551789,0.4147690230551789,0.28305604905976345,0.27908759665247956,81.39965423941612,58.35898971557617,209.10635375976562
000,summary_graphs/entmax/alpha_0.50/node_0.02/000_summary_graph.pt,pruned_graphs/entmax/alpha_0.50/node_0.02/000_prune_graph.pt,baseline-random-same-size,14,44,17,112,0.33173948690581084,-13.297053337097168,0.5651328968786758,-0.6670237409354508,0.1664881295322746,0.0983460769329458,0.0983460769329458,0.35216942662652867,0.4070104664548434,131.3745878636837,85.1084745824337,209.10635375976562
001,summary_graphs/entmax/alpha_0.50/node_0.02/001_summary_graph.pt,pruned_graphs/entmax/alpha_0.50/node_0.02/001_prune_graph.pt,ours-summary,12,40,15,94,0.2704634201750832,-73.48218536376953,0.49139687700025714,0.08325637950092565,0.5416281897504628,0.04952996334990926,0.04952996334990926,0.2660339093382241,0.6185156565663454,155.55776476860046,114.17412447929382,184.59375
001,summary_graphs/entmax/alpha_0.50/node_0.02/001_summary_graph.pt,pruned_graphs/entmax/alpha_0.50/node_0.02/001_prune_graph.pt,baseline-spectral-cosine,12,40,15,93,0.3128791014101736,-96.36897277832031,0.44011134422749726,0.30310730900685934,0.6515536545034297,0.1856468585928499,0.1856468585928499,0.23877053152429523,0.4875889408905251,118.23750233650208,90.00587105751038,184.59375
001,summary_graphs/entmax/alpha_0.50/node_0.02/001_summary_graph.pt,pruned_graphs/entmax/alpha_0.50/node_0.02/001_prune_graph.pt,baseline-kmeans,12,40,15,94,0.3179055420044151,-52.55353927612305,0.5382945294848158,0.41578093330942706,0.7078904666547136,0.0975165545240144,0.0975165545240144,0.2048191942400548,0.6183399208834758,143.54180073738098,114.1416847705841,184.59375
001,summary_graphs/entmax/alpha_0.50/node_0.02/001_summary_graph.pt,pruned_graphs/entmax/alpha_0.50/node_0.02/001_prune_graph.pt,baseline-spectral-adj,12,40,15,95,0.43409487406976877,-9.279597282409668,0.6352642938032376,-0.42388162967971005,0.28805918516014495,0.2329254543362999,0.2329254543362999,0.30031617259105414,0.32724228279833184,86.33453822135925,60.406880140304565,184.59375
001,summary_graphs/entmax/alpha_0.50/node_0.02/001_summary_graph.pt,pruned_graphs/entmax/alpha_0.50/node_0.02/001_prune_graph.pt,baseline-random-same-size,12,40,15,90,0.3707579560967509,-10.860347747802734,0.631722094874418,-0.6265684470171207,0.18671577649143967,0.10979381731908378,0.10979381731908378,0.3018831693555867,0.43417821431777515,114.80397152900696,80.1465847492218,184.59375
002,summary_graphs/entmax/alpha_0.50/node_0.02/002_summary_graph.pt,pruned_graphs/entmax/alpha_0.50/node_0.02/002_prune_graph.pt,ours-summary,13,48,15,95,0.2068139945275353,-132.47532653808594,0.36396350085674833,-0.2656600429532932,0.3671699785233534,0.04966448819832228,0.04966448819832228,0.07358094627950924,0.7243259804581014,221.70623397827148,205.39287948608398,283.56414794921875
002,summary_graphs/entmax/alpha_0.50/node_0.02/002_summary_graph.pt,pruned_graphs/entmax/alpha_0.50/node_0.02/002_prune_graph.pt,baseline-spectral-cosine,13,48,15,91,0.23488552464093634,-177.03207397460938,0.30324098334747385,-0.1521728917598309,0.4239135541200846,0.16653006593439884,0.16653006593439884,0.1823884679506066,0.5460548810083697,189.38283157348633,154.8415870666504,283.56414794921875
002,summary_graphs/entmax/alpha_0.50/node_0.02/002_summary_graph.pt,pruned_graphs/entmax/alpha_0.50/node_0.02/002_prune_graph.pt,baseline-kmeans,13,48,15,90,0.24545159251746196,-140.47251892089844,0.3530647884746552,0.5623553616665165,0.7811776808332582,0.13783839656026867,0.13783839656026867,0.19235149898928303,0.5901119114856815,207.18738555908203,167.33458137512207,283.56414794921875
002,summary_graphs/entmax/alpha_0.50/node_0.02/002_summary_graph.pt,pruned_graphs/entmax/alpha_0.50/node_0.02/002_prune_graph.pt,baseline-spectral-adj,13,48,15,85,0.34621263948298014,-21.15831184387207,0.5156676398662474,-0.47465321977412817,0.2626733901129359,0.1767576390997129,0.1767576390997129,0.28262756105527964,0.4356619336556954,172.20915985107422,123.53810501098633,283.56414794921875
002,summary_graphs/entmax/alpha_0.50/node_0.02/002_summary_graph.pt,pruned_graphs/entmax/alpha_0.50/node_0.02/002_prune_graph.pt,baseline-random-same-size,13,48,15,81,0.3043573099682073,1.6843726634979248,0.5467979238408943,-0.7146867826318296,0.1426566086840852,0.06191669609552036,0.06191669609552036,0.31816853787517285,0.4373111378490566,181.87157249450684,124.0057601928711,283.56414794921875
003,summary_graphs/entmax/alpha_0.50/node_0.02/003_summary_graph.pt,pruned_graphs/entmax/alpha_0.50/node_0.02/003_prune_graph.pt,ours-summary,15,36,19,159,0.3083547235576323,-110.44953918457031,0.5672021790868846,0.22106089427941814,0.610530447139709,0.049507268028379986,0.049507268028379986,0.09812870693938247,0.7608731778497742,184.83176803588867,166.69446563720703,219.08311462402344
003,summary_graphs/entmax/alpha_0.50/node_0.02/003_summary_graph.pt,pruned_graphs/entmax/alpha_0.50/node_0.02/003_prune_graph.pt,baseline-spectral-cosine,15,36,19,143,0.4014862108922367,-50.10427474975586,0.741742561599287,-0.12576642770099294,0.43711678614950356,0.06122986018518639,0.06122986018518639,0.15421078737103885,0.6982471969477841,180.86559677124023,152.97417068481445,219.08311462402344
003,summary_graphs/entmax/alpha_0.50/node_0.02/003_summary_graph.pt,pruned_graphs/entmax/alpha_0.50/node_0.02/003_prune_graph.pt,baseline-kmeans,15,36,19,158,0.3295421381025533,-112.01737976074219,0.5626674165906018,0.4054758642638775,0.7027379321319387,0.0964168596145048,0.0964168596145048,0.05970148250979155,0.7798273813084998,181.69443893432617,170.8470115661621,219.08311462402344
003,summary_graphs/entmax/alpha_0.50/node_0.02/003_summary_graph.pt,pruned_graphs/entmax/alpha_0.50/node_0.02/003_prune_graph.pt,baseline-spectral-adj,15,36,19,150,0.5203413892486582,-15.545485496520996,0.8416989660918044,-0.334353856609882,0.332823071695059,0.19898381240551216,0.19898381240551216,0.2406693405922798,0.42215504208121685,121.80074691772461,92.48704147338867,219.08311462402344
003,summary_graphs/entmax/alpha_0.50/node_0.02/003_summary_graph.pt,pruned_graphs/entmax/alpha_0.50/node_0.02/003_prune_graph.pt,baseline-random-same-size,15,36,19,149,0.4377917395852148,-42.323543548583984,0.7642472528166061,-0.5817968371484094,0.20910158142579532,0.11133622635382345,0.11133622635382345,0.1962703118339237,0.557107581221704,151.85810089111328,122.05286407470703,219.08311462402344
004,summary_graphs/entmax/alpha_0.50/node_0.02/004_summary_graph.pt,pruned_graphs/entmax/alpha_0.50/node_0.02/004_prune_graph.pt,ours-summary,14,42,17,125,0.22764010133235718,-104.8340072631836,0.40543768611494135,-0.2235524210823658,0.3882237894588171,0.04984251654977298,0.04984251654977298,0.09544074709160855,0.7097840575116399,174.89370727539062,158.20172119140625,222.88711547851562
004,summary_graphs/entmax/alpha_0.50/node_0.02/004_summary_graph.pt,pruned_graphs/entmax/alpha_0.50/node_0.02/004_prune_graph.pt,baseline-spectral-cosine,14,42,17,117,0.2545502514897241,-106.44999694824219,0.40211470312507747,0.004122649523852865,0.5020613247619264,0.10698579985437077,0.10698579985437077,0.3115721370863583,0.4833340635703249,156.48543739318848,107.72893524169922,222.88711547851562
004,summary_graphs/entmax/alpha_0.50/node_0.02/004_summary_graph.pt,pruned_graphs/entmax/alpha_0.50/node_0.02/004_prune_graph.pt,baseline-kmeans,14,42,17,124,0.28811572820678877,-63.68998718261719,0.4900423152731648,0.47781868128966715,0.7389093406448336,0.08618914114041275,0.08618914114041275,0.14498209868842263,0.6550516083583838,170.75965690612793,146.0025634765625,222.88711547851562
004,summary_graphs/entmax/alpha_0.50/node_0.02/004_summary_graph.pt,pruned_graphs/entmax/alpha_0.50/node_0.02/004_prune_graph.pt,baseline-spectral-adj,14,42,17,122,0.4047561630337975,-14.27852725982666,0.5916473537720874,-0.5689093335253527,0.21554533323732367,0.21786497229550764,0.21786497229550764,0.16498377507485962,0.4274819214999798,114.10582160949707,95.28021240234375,222.88711547851562
004,summary_graphs/entmax/alpha_0.50/node_0.02/004_summary_graph.pt,pruned_graphs/entmax/alpha_0.50/node_0.02/004_prune_graph.pt,baseline-random-same-size,14,42,17,105,0.3613690909198455,-9.509282112121582,0.6014543988625061,-0.6937032100691132,0.1531483949654434,0.12128378297718492,0.12128378297718492,0.36084941672936033,0.38288252894305724,133.52030754089355,85.3395824432373,222.88711547851562
005,summary_graphs/entmax/alpha_0.50/node_0.02/005_summary_graph.pt,pruned_graphs/entmax/alpha_0.50/node_0.02/005_prune_graph.pt,ours-summary,12,39,19,150,0.28306045161419563,-96.33943176269531,0.5167069471742592,-0.052144950160549985,0.473927524919725,0.04941395605413198,0.04941395605413198,0.1356693674121014,0.6858064497788947,199.1087245941162,172.09576988220215,250.93927001953125
005,summary_graphs/entmax/alpha_0.50/node_0.02/005_summary_graph.pt,pruned_graphs/entmax/alpha_0.50/node_0.02/005_prune_graph.pt,baseline-spectral-cosine,12,39,19,141,0.3404569236342682,-65.76119232177734,0.5969519569855755,-0.13060092047959282,0.4346995397602036,0.08396189028296101,0.08396189028296101,0.1543725909931464,0.6136585128225522,182.10268211364746,153.9910192489624,250.93927001953125
005,summary_graphs/entmax/alpha_0.50/node_0.02/005_summary_graph.pt,pruned_graphs/entmax/alpha_0.50/node_0.02/005_prune_graph.pt,baseline-kmeans,12,39,19,147,0.3768041242537856,-68.11955261230469,0.5907630434605027,0.39306070924127234,0.6965303546206362,0.16284520504706854,0.16284520504706854,0.1983304464860685,0.5739783098546501,179.66716766357422,144.03369808197021,250.93927001953125
005,summary_graphs/entmax/alpha_0.50/node_0.02/005_summary_graph.pt,pruned_graphs/entmax/alpha_0.50/node_0.02/005_prune_graph.pt,baseline-spectral-adj,12,39,19,142,0.45872476218999875,-14.246237754821777,0.7321402572132915,-0.4154068217699757,0.29229658911501216,0.185309267166706,0.185309267166706,0.2603636779461559,0.3852884899422069,130.7183132171631,96.6840124130249,250.93927001953125
005,summary_graphs/entmax/alpha_0.50/node_0.02/005_summary_graph.pt,pruned_graphs/entmax/alpha_0.50/node_0.02/005_prune_graph.pt,baseline-random-same-size,12,39,19,141,0.3687441036563037,-38.177860260009766,0.6693375827947428,-0.5627896315396443,0.21860518423017783,0.06815062451786463,0.06815062451786463,0.28314465020405866,0.4230641092341299,148.09598445892334,106.16339874267578,250.93927001953125
006,summary_graphs/entmax/alpha_0.50/node_0.02/006_summary_graph.pt,pruned_graphs/entmax/alpha_0.50/node_0.02/006_prune_graph.pt,ours-summary,11,42,13,74,0.19686670522699656,-116.26702880859375,0.3439894826123461,-0.035265512858599454,0.48236724357070027,0.04974392784164703,0.04974392784164703,0.09099687396209322,0.7413626543285282,198.65548658370972,180.57845830917358,243.576416015625
006,summary_graphs/entmax/alpha_0.50/node_0.02/006_summary_graph.pt,pruned_graphs/entmax/alpha_0.50/node_0.02/006_prune_graph.pt,baseline-spectral-cosine,11,42,13,68,0.21029858162844378,-165.01177978515625,0.2562346310557857,0.4067943598502556,0.7033971799251277,0.1643625322011019,0.1643625322011019,0.18525023636395016,0.5728970647259567,171.2724814414978,139.54421377182007,243.576416015625
006,summary_graphs/entmax/alpha_0.50/node_0.02/006_summary_graph.pt,pruned_graphs/entmax/alpha_0.50/node_0.02/006_prune_graph.pt,baseline-kmeans,11,42,13,73,0.24429208073722403,-93.81392669677734,0.3844116670085803,0.5917158021457352,0.7958579010728676,0.10417249446586775,0.10417249446586775,0.21019905730746974,0.6082792059010874,187.59469747543335,148.16246891021729,243.576416015625
006,summary_graphs/entmax/alpha_0.50/node_0.02/006_summary_graph.pt,pruned_graphs/entmax/alpha_0.50/node_0.02/006_prune_graph.pt,baseline-spectral-adj,11,42,13,65,0.3482955841860097,-24.531435012817383,0.5091404665049728,-0.4497607330327078,0.2751196334836461,0.18745070186704663,0.18745070186704663,0.3236343168515303,0.40119039514380234,144.47882413864136,97.72051858901978,243.576416015625
006,summary_graphs/entmax/alpha_0.50/node_0.02/006_summary_graph.pt,pruned_graphs/entmax/alpha_0.50/node_0.02/006_prune_graph.pt,baseline-random-same-size,11,42,13,72,0.3243284498835763,-10.537128448486328,0.5343343546057084,-0.6534510767993853,0.17327446160030735,0.11432254516144409,0.11432254516144409,0.15419527478811423,0.5450433862813211,156.96260690689087,132.75971460342407,243.576416015625
007,summary_graphs/entmax/alpha_0.50/node_0.02/007_summary_graph.pt,pruned_graphs/entmax/alpha_0.50/node_0.02/007_prune_graph.pt,ours-summary,14,42,17,128,0.3274362457784165,-97.67623138427734,0.6054453177292837,0.10739578358866303,0.5536978917943315,0.049427173827549305,0.049427173827549305,0.0827695465735166,0.787045630517903,199.18314456939697,182.69684600830078,232.1299285888672
007,summary_graphs/entmax/alpha_0.50/node_0.02/007_summary_graph.pt,pruned_graphs/entmax/alpha_0.50/node_0.02/007_prune_graph.pt,baseline-spectral-cosine,14,42,17,121,0.352482071027849,-146.95181274414062,0.5152456897086274,-0.11737992474119868,0.4413100376294007,0.1897184523470706,0.1897184523470706,0.2150078835588817,0.5395749573371016,159.55764865875244,125.25149631500244,232.1299285888672
007,summary_graphs/entmax/alpha_0.50/node_0.02/007_summary_graph.pt,pruned_graphs/entmax/alpha_0.50/node_0.02/007_prune_graph.pt,baseline-kmeans,14,42,17,123,0.3646602747734341,-92.62698364257812,0.6146880446974062,0.4962343812836242,0.748117190641812,0.11463250484946202,0.11463250484946202,0.10352355371099976,0.7219552739467189,186.9401330947876,167.5874261856079,232.1299285888672
007,summary_graphs/entmax/alpha_0.50/node_0.02/007_summary_graph.pt,pruned_graphs/entmax/alpha_0.50/node_0.02/007_prune_graph.pt,baseline-spectral-adj,14,42,17,122,0.4774431843998016,-28.94426918029785,0.7312600071258613,-0.38310186548099,0.308449067259505,0.22362636167374192,0.22362636167374192,0.1554654546019941,0.5228457635565998,143.7101068496704,121.36814975738525,232.1299285888672
007,summary_graphs/entmax/alpha_0.50/node_0.02/007_summary_graph.pt,pruned_graphs/entmax/alpha_0.50/node_0.02/007_prune_graph.pt,baseline-random-same-size,14,42,17,113,0.392377102940789,-31.79792594909668,0.7260364424455983,-0.6841045994427744,0.15794770027861282,0.058717763435979654,0.058717763435979654,0.19328544046721058,0.610246802098513,175.59686374664307,141.6565465927124,232.1299285888672
008,summary_graphs/entmax/alpha_0.50/node_0.02/008_summary_graph.pt,pruned_graphs/entmax/alpha_0.50/node_0.02/008_prune_graph.pt,ours-summary,14,44,16,115,0.2547448088124874,-128.0829620361328,0.45954721468717735,-0.0937434801040087,0.45312825994799566,0.04994240293779748,0.04994240293779748,0.04763985590076476,0.7519739465065878,203.04436206817627,193.37135791778564,257.15167236328125
008,summary_graphs/entmax/alpha_0.50/node_0.02/008_summary_graph.pt,pruned_graphs/entmax/alpha_0.50/node_0.02/008_prune_graph.pt,baseline-spectral-cosine,14,44,16,110,0.3034868591875564,-129.34805297851562,0.45719433574505225,0.0855691365165831,0.5427845682582916,0.14977938263006055,0.14977938263006055,0.1311624283443263,0.598104285801936,177.0221757888794,153.80351734161377,257.15167236328125
008,summary_graphs/entmax/alpha_0.50/node_0.02/008_summary_graph.pt,pruned_graphs/entmax/alpha_0.50/node_0.02/008_prune_graph.pt,baseline-kmeans,14,44,16,108,0.31053777906315944,-103.74322509765625,0.5048160402161012,0.5549317239572613,0.7774658619786307,0.11625951791021771,0.11625951791021771,0.10010910611740235,0.659658368674868,188.5031328201294,169.63225269317627,257.15167236328125
008,summary_graphs/entmax/alpha_0.50/node_0.02/008_summary_graph.pt,pruned_graphs/entmax/alpha_0.50/node_0.02/008_prune_graph.pt,baseline-spectral-adj,14,44,16,100,0.40155530190942035,-24.263179779052734,0.652638750271307,-0.5136912446738121,0.24315437766309395,0.15047185354753367,0.15047185354753367,0.26523448715382303,0.47481810695288323,166.17583179473877,122.10027027130127,257.15167236328125
008,summary_graphs/entmax/alpha_0.50/node_0.02/008_summary_graph.pt,pruned_graphs/entmax/alpha_0.50/node_0.02/008_prune_graph.pt,baseline-random-same-size,14,44,16,100,0.3952832882637012,-25.753437042236328,0.6498670482068308,-0.6373635769328289,0.18131821153358557,0.14069952832057153,0.14069952832057153,0.30831391345019393,0.45448873613188917,168.96760082244873,116.87253856658936,257.15167236328125
009,summary_graphs/entmax/alpha_0.50/node_0.02/009_summary_graph.pt,pruned_graphs/entmax/alpha_0.50/node_0.02/009_prune_graph.pt,ours-summary,16,41,19,159,0.34576122791547603,-106.02082061767578,0.6422445567766051,0.07225174795579609,0.536125873977898,0.04927789905434704,0.04927789905434704,0.09270545352309095,0.7647027814501502,214.32317352294922,194.4542465209961,254.287353515625
009,summary_graphs/entmax/alpha_0.50/node_0.02/009_summary_graph.pt,pruned_graphs/entmax/alpha_0.50/node_0.02/009_prune_graph.pt,baseline-spectral-cosine,16,41,19,158,0.4054495878499705,-83.5356216430664,0.6872291545549779,-0.09339245922860341,0.4533037703856983,0.12367002114496302,0.12367002114496302,0.1679380549864145,0.6238690352749383,190.661292552948,158.64200592041016,254.287353515625
009,summary_graphs/entmax/alpha_0.50/node_0.02/009_summary_graph.pt,pruned_graphs/entmax/alpha_0.50/node_0.02/009_prune_graph.pt,baseline-kmeans,16,41,19,157,0.39547496540434784,-87.56816864013672,0.6791615945631202,0.36374057664525644,0.6818702883226282,0.11178833624557553,0.11178833624557553,0.09032062844434172,0.7075929501038586,197.79709672927856,179.93193864822388,254.287353515625
009,summary_graphs/entmax/alpha_0.50/node_0.02/009_summary_graph.pt,pruned_graphs/entmax/alpha_0.50/node_0.02/009_prune_graph.pt,baseline-spectral-adj,16,41,19,150,0.517331765482093,-17.481124877929688,0.8193801794831687,-0.4545468457746533,0.27272657711267334,0.2152833514810174,0.2152833514810174,0.2857179220258553,0.4191758530735358,149.22832536697388,106.59111833572388,254.287353515625
009,summary_graphs/entmax/alpha_0.50/node_0.02/009_summary_graph.pt,pruned_graphs/entmax/alpha_0.50/node_0.02/009_prune_graph.pt,baseline-random-same-size,16,41,19,140,0.43818705316167084,-57.945098876953125,0.7384265373190206,-0.5587120661666803,0.22064396691665983,0.13794756900432104,0.13794756900432104,0.3204365592723951,0.4841716262447663,181.17325639724731,123.11872148513794,254.287353515625
010,summary_graphs/entmax/alpha_0.50/node_0.02/010_summary_graph.pt,pruned_graphs/entmax/alpha_0.50/node_0.02/010_prune_graph.pt,ours-summary,12,45,16,111,0.23014364794022873,-121.73713684082031,0.4107417387295975,-0.05614523217332119,0.4719273839133394,0.049545557150859974,0.049545557150859974,0.23588644360309796,0.6072991719526575,201.28113961219788,153.80164742469788,253.25515747070312
010,summary_graphs/entmax/alpha_0.50/node_0.02/010_summary_graph.pt,pruned_graphs/entmax/alpha_0.50/node_0.02/010_prune_graph.pt,baseline-spectral-cosine,12,45,16,108,0.2668984747702851,-106.93283081054688,0.436871272855448,-0.020291717702038064,0.48985414114898096,0.09692567668512217,0.09692567668512217,0.14357558396878894,0.6509663941429134,192.49871158599854,164.86059665679932,253.25515747070312
010,summary_graphs/entmax/alpha_0.50/node_0.02/010_summary_graph.pt,pruned_graphs/entmax/alpha_0.50/node_0.02/010_prune_graph.pt,baseline-kmeans,12,45,16,107,0.2832796116594563,-105.28960418701172,0.4397715470524176,0.46814274978609083,0.7340713748930454,0.12678767626649498,0.12678767626649498,0.3321577335942391,0.4878070100356503,184.98326230049133,123.53964114189148,253.25515747070312
010,summary_graphs/entmax/alpha_0.50/node_0.02/010_summary_graph.pt,pruned_graphs/entmax/alpha_0.50/node_0.02/010_prune_graph.pt,baseline-spectral-adj,12,45,16,104,0.44410874590452665,-17.717166900634766,0.594336501613801,-0.46286261789659194,0.268568691051704,0.2938809901952523,0.2938809901952523,0.23833419840711942,0.32231520163936006,107.17034554481506,81.62798714637756,253.25515747070312
010,summary_graphs/entmax/alpha_0.50/node_0.02/010_summary_graph.pt,pruned_graphs/entmax/alpha_0.50/node_0.02/010_prune_graph.pt,baseline-random-same-size,12,45,16,107,0.35123643157138845,-6.524755477905273,0.6140910612305005,-0.6418989608197355,0.17905051959013224,0.08838180191227643,0.08838180191227643,0.3099597804758236,0.3949295487210895,144.94509482383728,100.01794505119324,253.25515747070312
011,summary_graphs/entmax/alpha_0.50/node_0.02/011_summary_graph.pt,pruned_graphs/entmax/alpha_0.50/node_0.02/011_prune_graph.pt,ours-summary,8,33,12,57,0.1690004123925514,-53.2780647277832,0.28953425178260134,0.19429591716897557,0.5971479585844878,0.04846657300250146,0.04846657300250146,0.13786258481869668,0.6880942498708215,143.27597045898438,123.52357482910156,179.51548767089844
011,summary_graphs/entmax/alpha_0.50/node_0.02/011_summary_graph.pt,pruned_graphs/entmax/alpha_0.50/node_0.02/011_prune_graph.pt,baseline-spectral-cosine,8,33,12,59,0.21686945917203526,-54.470359802246094,0.2846998458692056,0.10528272870168573,0.5526413643508429,0.14903907247486492,0.14903907247486492,0.12478453610877625,0.5394409492034962,110.64476013183594,96.83800506591797,179.51548767089844
011,summary_graphs/entmax/alpha_0.50/node_0.02/011_summary_graph.pt,pruned_graphs/entmax/alpha_0.50/node_0.02/011_prune_graph.pt,baseline-kmeans,8,33,12,57,0.20319504192004773,-49.45594787597656,0.3050318457781328,0.5032708203422077,0.7516354101711038,0.10135823806196267,0.10135823806196267,0.16215895101072847,0.632967173823923,135.61929321289062,113.62741088867188,179.51548767089844
011,summary_graphs/entmax/alpha_0.50/node_0.02/011_summary_graph.pt,pruned_graphs/entmax/alpha_0.50/node_0.02/011_prune_graph.pt,baseline-spectral-adj,8,33,12,56,0.36256475532709,-7.473264217376709,0.4752598791701685,-0.10006890394477364,0.4499655480276132,0.24986963148401148,0.24986963148401148,0.22362019654262344,0.38844671023815514,89.81712341308594,69.7322006225586,179.51548767089844
011,summary_graphs/entmax/alpha_0.50/node_0.02/011_summary_graph.pt,pruned_graphs/entmax/alpha_0.50/node_0.02/011_prune_graph.pt,baseline-random-same-size,8,33,12,54,0.2937171262400035,1.3686182498931885,0.5111111894799051,-0.48269380723803584,0.2586530963809821,0.07632306300010192,0.07632306300010192,0.3513528160900051,0.3560679308580641,98.54310607910156,63.919708251953125,179.51548767089844
012,summary_graphs/entmax/alpha_0.50/node_0.02/012_summary_graph.pt,pruned_graphs/entmax/alpha_0.50/node_0.02/012_prune_graph.pt,ours-summary,16,40,21,189,0.26234849123475457,-87.02787780761719,0.47485383463595426,-0.16179888310874563,0.4191005584456272,0.04984314783355485,0.04984314783355485,0.09142384398636143,0.7812345710598594,191.27841186523438,173.7910041809082,222.45687866210938
012,summary_graphs/entmax/alpha_0.50/node_0.02/012_summary_graph.pt,pruned_graphs/entmax/alpha_0.50/node_0.02/012_prune_graph.pt,baseline-spectral-cosine,16,40,21,192,0.31922607349723525,-50.79021072387695,0.5649784660727557,-0.049615808958241206,0.4751920955208794,0.0734736809217148,0.0734736809217148,0.0977007797767148,0.7315482222499944,180.3591651916504,162.73793411254883,222.45687866210938
012,summary_graphs/entmax/alpha_0.50/node_0.02/012_summary_graph.pt,pruned_graphs/entmax/alpha_0.50/node_0.02/012_prune_graph.pt,baseline-kmeans,16,40,21,188,0.32192068687818387,-57.90531921386719,0.5472828786303778,0.47641184721207674,0.7382059236060383,0.09655849512598992,0.09655849512598992,0.12747192811156316,0.7200730605543588,183.58745193481445,160.18520545959473,222.45687866210938
012,summary_graphs/entmax/alpha_0.50/node_0.02/012_summary_graph.pt,pruned_graphs/entmax/alpha_0.50/node_0.02/012_prune_graph.pt,baseline-spectral-adj,16,40,21,185,0.40273407983369036,-29.045310974121094,0.6190589297337602,-0.2158768660517135,0.39206156697414324,0.1864092299336205,0.1864092299336205,0.18547946153251224,0.5293249149766368,144.56599044799805,117.75196838378906,222.45687866210938
012,summary_graphs/entmax/alpha_0.50/node_0.02/012_summary_graph.pt,pruned_graphs/entmax/alpha_0.50/node_0.02/012_prune_graph.pt,baseline-random-same-size,16,40,21,179,0.35058555272963915,-19.402084350585938,0.6430420641724998,-0.5915338861549257,0.20423305692253713,0.05812904128677852,0.05812904128677852,0.20980539166427992,0.6049607090614444,170.30952835083008,134.5776710510254,222.45687866210938
013,summary_graphs/entmax/alpha_0.50/node_0.02/013_summary_graph.pt,pruned_graphs/entmax/alpha_0.50/node_0.02/013_prune_graph.pt,ours-summary,9,33,12,59,0.18631603347633502,-60.19266891479492,0.3244632485617064,0.11993229045039037,0.5599661452251952,0.04816881839096363,0.04816881839096363,0.19675557010676648,0.654020428275133,168.45606231689453,135.31139373779297,206.89169311523438
013,summary_graphs/entmax/alpha_0.50/node_0.02/013_summary_graph.pt,pruned_graphs/entmax/alpha_0.50/node_0.02/013_prune_graph.pt,baseline-spectral-cosine,9,33,12,59,0.225525337356515,-54.10323715209961,0.34585122737033597,0.05611327254999361,0.5280566362749968,0.10519944734269403,0.10519944734269403,0.10168464399593592,0.7070221790130641,162.8348159790039,146.27701568603516,206.89169311523438
013,summary_graphs/entmax/alpha_0.50/node_0.02/013_summary_graph.pt,pruned_graphs/entmax/alpha_0.50/node_0.02/013_prune_graph.pt,baseline-kmeans,9,33,12,61,0.21604010960758657,-58.1004753112793,0.3318117193946315,0.5955824518023626,0.7977912259011812,0.10026849982054162,0.10026849982054162,0.2510662996655292,0.5885475645655599,162.58528900146484,121.7656021118164,206.89169311523438
013,summary_graphs/entmax/alpha_0.50/node_0.02/013_summary_graph.pt,pruned_graphs/entmax/alpha_0.50/node_0.02/013_prune_graph.pt,baseline-spectral-adj,9,33,12,60,0.3676746889455987,-8.293817520141602,0.5067483555850726,-0.3886433864980541,0.30567830675097296,0.22860102230612475,0.22860102230612475,0.2738667832924139,0.3955215352270922,112.69298553466797,81.83012008666992,206.89169311523438
013,summary_graphs/entmax/alpha_0.50/node_0.02/013_summary_graph.pt,pruned_graphs/entmax/alpha_0.50/node_0.02/013_prune_graph.pt,baseline-random-same-size,9,33,12,55,0.30868856780674325,-1.512723445892334,0.5305657091762458,-0.4075561999985793,0.29622190000071036,0.0868114264372407,0.0868114264372407,0.24328623499111765,0.43011612559586526,117.59724426269531,88.98745346069336,206.89169311523438
014,summary_graphs/entmax/alpha_0.50/node_0.02/014_summary_graph.pt,pruned_graphs/entmax/alpha_0.50/node_0.02/014_prune_graph.pt,ours-summary,11,39,14,87,0.1850794021888488,-82.32306671142578,0.32046079513128634,0.20734857651904576,0.6036742882595229,0.04969800924641128,0.04969800924641128,0.13908678898083152,0.6580925598975397,149.17491912841797,128.4266586303711,195.14984130859375
014,summary_graphs/entmax/alpha_0.50/node_0.02/014_summary_graph.pt,pruned_graphs/entmax/alpha_0.50/node_0.02/014_prune_graph.pt,baseline-spectral-cosine,11,39,14,84,0.19395805292254154,-94.4984130859375,0.2908129343190929,0.1285535124008919,0.5642767562004459,0.09710317152599017,0.09710317152599017,0.1273483324507686,0.5821906564373142,130.19446182250977,113.61441421508789,195.14984130859375
014,summary_graphs/entmax/alpha_0.50/node_0.02/014_summary_graph.pt,pruned_graphs/entmax/alpha_0.50/node_0.02/014_prune_graph.pt,baseline-kmeans,11,39,14,81,0.23183338497986755,-64.75332641601562,0.36324429116924395,0.5531225521920458,0.7765612760960229,0.10042247879049117,0.10042247879049117,0.24601153726699262,0.5297857043443993,137.1209259033203,103.3875961303711,195.14984130859375
014,summary_graphs/entmax/alpha_0.50/node_0.02/014_summary_graph.pt,pruned_graphs/entmax/alpha_0.50/node_0.02/014_prune_graph.pt,baseline-spectral-adj,11,39,14,76,0.36425158904565075,3.6391775608062744,0.5297848743852132,-0.4101548641899266,0.2949225679050367,0.19871830370608837,0.19871830370608837,0.35009115958588066,0.3385572085815218,101.65946578979492,66.06938552856445,195.14984130859375
014,summary_graphs/entmax/alpha_0.50/node_0.02/014_summary_graph.pt,pruned_graphs/entmax/alpha_0.50/node_0.02/014_prune_graph.pt,baseline-random-same-size,11,39,14,80,0.2995090935655855,1.575623869895935,0.5247599782294257,-0.6584436968820429,0.17077815155897857,0.07425820890174534,0.07425820890174534,0.20216575152473798,0.5083150303299466,124.33359146118164,99.19759750366211,195.14984130859375
015,summary_graphs/entmax/alpha_0.50/node_0.02/015_summary_graph.pt,pruned_graphs/entmax/alpha_0.50/node_0.02/015_prune_graph.pt,ours-summary,11,36,22,178,0.24992359620109067,-76.59823608398438,0.45026834960894246,-0.04679444247040765,0.4766027787647962,0.04957884279323885,0.04957884279323885,0.09974538590290528,0.7336237800551313,211.0544948577881,190.00278282165527,258.99212646484375
015,summary_graphs/entmax/alpha_0.50/node_0.02/015_summary_graph.pt,pruned_graphs/entmax/alpha_0.50/node_0.02/015_prune_graph.pt,baseline-spectral-cosine,11,36,22,174,0.3276096250544724,-36.56502914428711,0.5889393617940052,-0.01769933486811057,0.4911503325659447,0.06627988831493954,0.06627988831493954,0.12830114854219982,0.6852240662220941,203.58824348449707,177.46763801574707,258.99212646484375
015,summary_graphs/entmax/alpha_0.50/node_0.02/015_summary_graph.pt,pruned_graphs/entmax/alpha_0.50/node_0.02/015_prune_graph.pt,baseline-kmeans,11,36,22,179,0.3275808486003705,-48.662025451660156,0.547036579078699,0.34494796041576936,0.6724739802078847,0.10812511812204204,0.10812511812204204,0.18724656089326536,0.6124431298247813,195.1612148284912,158.6179485321045,258.99212646484375
015,summary_graphs/entmax/alpha_0.50/node_0.02/015_summary_graph.pt,pruned_graphs/entmax/alpha_0.50/node_0.02/015_prune_graph.pt,baseline-spectral-adj,11,36,22,173,0.4151179978769826,-17.504743576049805,0.6549622135039828,-0.3569071376976167,0.32154643115119164,0.1752737822499825,0.1752737822499825,0.2824214255802783,0.4471766861827995,161.39729499816895,115.81524085998535,258.99212646484375
015,summary_graphs/entmax/alpha_0.50/node_0.02/015_summary_graph.pt,pruned_graphs/entmax/alpha_0.50/node_0.02/015_prune_graph.pt,baseline-random-same-size,11,36,22,177,0.3701982109940542,-14.546236038208008,0.6652101970631492,-0.5714328201242455,0.21428358993787727,0.0751862249249592,0.0751862249249592,0.15950396813643086,0.5611085873773103,172.90112113952637,145.32270622253418,258.99212646484375
016,summary_graphs/entmax/alpha_0.50/node_0.02/016_summary_graph.pt,pruned_graphs/entmax/alpha_0.50/node_0.02/016_prune_graph.pt,ours-summary,9,43,12,60,0.18666883546943305,-92.84246063232422,0.323600413710251,0.227591611012386,0.613795805506193,0.04973725722861512,0.04973725722861512,0.23656802642314442,0.5864793699964861,172.1341152191162,131.41268730163574,224.0704345703125
016,summary_graphs/entmax/alpha_0.50/node_0.02/016_summary_graph.pt,pruned_graphs/entmax/alpha_0.50/node_0.02/016_prune_graph.pt,baseline-spectral-cosine,9,43,12,57,0.24044655722262345,-98.89505004882812,0.3099633018489619,0.12377769215796247,0.5618888460789813,0.17092981259628498,0.17092981259628498,0.17444981332641082,0.5395662094781772,146.4488010406494,120.90083503723145,224.0704345703125
016,summary_graphs/entmax/alpha_0.50/node_0.02/016_summary_graph.pt,pruned_graphs/entmax/alpha_0.50/node_0.02/016_prune_graph.pt,baseline-kmeans,9,43,12,58,0.23309783713212184,-85.58097839355469,0.33996128307935525,0.48622879997266427,0.7431143999863321,0.12623439118488844,0.12623439118488844,0.27583603606609536,0.5036238191775374,155.83101844787598,112.84720802307129,224.0704345703125
016,summary_graphs/entmax/alpha_0.50/node_0.02/016_summary_graph.pt,pruned_graphs/entmax/alpha_0.50/node_0.02/016_prune_graph.pt,baseline-spectral-adj,9,43,12,55,0.3910922234212447,-4.675143241882324,0.5222502996525186,-0.3765916536748085,0.31170417316259574,0.2599341471899709,0.2599341471899709,0.3789437376271694,0.24139697800701138,87.09343910217285,54.08992576599121,224.0704345703125
016,summary_graphs/entmax/alpha_0.50/node_0.02/016_summary_graph.pt,pruned_graphs/entmax/alpha_0.50/node_0.02/016_prune_graph.pt,baseline-random-same-size,9,43,12,50,0.30713946230822103,-5.79442834854126,0.5197284191053715,-0.44464427071831936,0.2776778646408403,0.09455050551107057,0.09455050551107057,0.434195200523919,0.27963772448565444,110.74233818054199,62.658546447753906,224.0704345703125
017,summary_graphs/entmax/alpha_0.50/node_0.02/017_summary_graph.pt,pruned_graphs/entmax/alpha_0.50/node_0.02/017_prune_graph.pt,ours-summary,13,38,15,93,0.2417701209666056,-88.01776123046875,0.43368713864519226,-0.07890057032208078,0.4605497148389596,0.04985310328801893,0.04985310328801893,0.16529246150419363,0.6817478435809928,150.69274520874023,125.78437042236328,184.50277709960938
017,summary_graphs/entmax/alpha_0.50/node_0.02/017_summary_graph.pt,pruned_graphs/entmax/alpha_0.50/node_0.02/017_prune_graph.pt,baseline-spectral-cosine,13,38,15,94,0.2934507981679947,-106.48223876953125,0.38940427707667125,0.14623659923304044,0.5731182996165203,0.19749731925931813,0.19749731925931813,0.23459993117162198,0.47910881991045995,115.49111557006836,88.39690780639648,184.50277709960938
017,summary_graphs/entmax/alpha_0.50/node_0.02/017_summary_graph.pt,pruned_graphs/entmax/alpha_0.50/node_0.02/017_prune_graph.pt,baseline-kmeans,13,38,15,94,0.30916909146386884,-54.53374099731445,0.5139909760286856,0.5970410156803737,0.7985205078401869,0.10434720689905204,0.10434720689905204,0.23132775760307983,0.5991622968192561,143.8156623840332,110.5471076965332,184.50277709960938
017,summary_graphs/entmax/alpha_0.50/node_0.02/017_summary_graph.pt,pruned_graphs/entmax/alpha_0.50/node_0.02/017_prune_graph.pt,baseline-spectral-adj,13,38,15,89,0.3814559192458999,-14.820050239562988,0.6092352400951931,-0.48978996818223175,0.2551050159088841,0.15367659839660663,0.15367659839660663,0.26798835105211977,0.4205319133803424,105.99463272094727,77.58930587768555,184.50277709960938
017,summary_graphs/entmax/alpha_0.50/node_0.02/017_summary_graph.pt,pruned_graphs/entmax/alpha_0.50/node_0.02/017_prune_graph.pt,baseline-random-same-size,13,38,15,85,0.33985782159446076,-15.87840747833252,0.6066970285945481,-0.6938541986644524,0.1530729006677738,0.07301861459437343,0.07301861459437343,0.2785695265973961,0.46241947078188494,118.26181411743164,85.31767654418945,184.50277709960938
018,summary_graphs/entmax/alpha_0.50/node_0.02/018_summary_graph.pt,pruned_graphs/entmax/alpha_0.50/node_0.02/018_prune_graph.pt,ours-summary,11,39,14,75,0.19078410017620626,-83.71774291992188,0.3321893368355655,-0.08981755828641153,0.4550912208567942,0.049378863516847005,0.049378863516847005,0.3098284729736567,0.530398323252146,141.77245807647705,97.84731388092041,184.4789276123047
018,summary_graphs/entmax/alpha_0.50/node_0.02/018_summary_graph.pt,pruned_graphs/entmax/alpha_0.50/node_0.02/018_prune_graph.pt,baseline-spectral-cosine,11,39,14,85,0.2586528053504991,-59.33001708984375,0.39401036450924926,-0.02602294206868332,0.48698852896565836,0.12329524619174895,0.12329524619174895,0.21256981103709055,0.5257623886777274,123.1754674911499,96.99208164215088,184.4789276123047
018,summary_graphs/entmax/alpha_0.50/node_0.02/018_summary_graph.pt,pruned_graphs/entmax/alpha_0.50/node_0.02/018_prune_graph.pt,baseline-kmeans,11,39,14,77,0.2642695735560254,-50.19678497314453,0.4171624075076743,0.4781095495242165,0.7390547747621082,0.1113767396043764,0.1113767396043764,0.34474895117018706,0.4731661379381706,133.2148675918579,87.28918170928955,184.4789276123047
018,summary_graphs/entmax/alpha_0.50/node_0.02/018_summary_graph.pt,pruned_graphs/entmax/alpha_0.50/node_0.02/018_prune_graph.pt,baseline-spectral-adj,11,39,14,76,0.39378896140483527,-1.0228559970855713,0.5418147042848734,-0.4031734178441182,0.2984132910779409,0.24576321852479713,0.24576321852479713,0.2144488923904563,0.36498180708851297,85.71237659454346,67.33145236968994,184.4789276123047
018,summary_graphs/entmax/alpha_0.50/node_0.02/018_summary_graph.pt,pruned_graphs/entmax/alpha_0.50/node_0.02/018_prune_graph.pt,baseline-random-same-size,11,39,14,80,0.35574719503102625,-2.0211305618286133,0.5392840723242817,-0.6422560405258974,0.17887197973705132,0.17221031773777087,0.17221031773777087,0.29989426064540575,0.36393503384736375,95.89743518829346,67.13834476470947,184.4789276123047
019,summary_graphs/entmax/alpha_0.50/node_0.02/019_summary_graph.pt,pruned_graphs/entmax/alpha_0.50/node_0.02/019_prune_graph.pt,ours-summary,12,39,15,96,0.2032950162780346,-78.8648681640625,0.35708919069945483,-0.08272512436961274,0.4586374378151936,0.049500841856614346,0.049500841856614346,0.21833655727259121,0.6287397570486731,186.69275856018066,145.93090438842773,232.10064697265625
019,summary_graphs/entmax/alpha_0.50/node_0.02/019_summary_graph.pt,pruned_graphs/entmax/alpha_0.50/node_0.02/019_prune_graph.pt,baseline-spectral-cosine,12,39,15,93,0.2740693727790222,-76.92301177978516,0.3616198855859094,0.11737280309131584,0.558686401545658,0.18651885997213505,0.18651885997213505,0.23846602060228814,0.48357951621424256,147.3855686187744,112.2391185760498,232.10064697265625
019,summary_graphs/entmax/alpha_0.50/node_0.02/019_summary_graph.pt,pruned_graphs/entmax/alpha_0.50/node_0.02/019_prune_graph.pt,baseline-kmeans,12,39,15,87,0.24986649526673743,-55.4444694519043,0.4117329055289131,0.4800253342133824,0.7400126671066912,0.08800008500456172,0.08800008500456172,0.33934210859778946,0.5109251655452376,179.49692726135254,118.58606147766113,232.10064697265625
019,summary_graphs/entmax/alpha_0.50/node_0.02/019_summary_graph.pt,pruned_graphs/entmax/alpha_0.50/node_0.02/019_prune_graph.pt,baseline-spectral-adj,12,39,15,83,0.37776839079501917,-5.734764575958252,0.5277139881279574,-0.33860214720598214,0.33069892639700893,0.2278227934620809,0.2278227934620809,0.284808233863462,0.2826325239557719,91.72252082824707,65.59919166564941,232.10064697265625
019,summary_graphs/entmax/alpha_0.50/node_0.02/019_summary_graph.pt,pruned_graphs/entmax/alpha_0.50/node_0.02/019_prune_graph.pt,baseline-random-same-size,12,39,15,84,0.2970138155341836,-2.5228466987609863,0.5352079586888007,-0.6905679206817124,0.15471603965914382,0.058819672379566534,0.058819672379566534,0.3353820983270601,0.442225067102984,154.43568992614746,102.6407241821289,232.10064697265625
020,summary_graphs/entmax/alpha_0.50/node_0.02/020_summary_graph.pt,pruned_graphs/entmax/alpha_0.50/node_0.02/020_prune_graph.pt,ours-summary,15,45,23,222,0.306627797485638,-83.38724517822266,0.5633773003997828,0.006549149563494893,0.5032745747817474,0.049878294571493155,0.049878294571493155,0.09107943347961206,0.688006287169012,215.35473775863647,195.74035024642944,284.50372314453125
020,summary_graphs/entmax/alpha_0.50/node_0.02/020_summary_graph.pt,pruned_graphs/entmax/alpha_0.50/node_0.02/020_prune_graph.pt,baseline-spectral-cosine,15,45,23,215,0.3237794075484082,-75.78697204589844,0.5799338233690782,0.008964544509096627,0.5044822722545483,0.06762499172773824,0.06762499172773824,0.18083281919244212,0.6005120942824215,208.56295347213745,170.8479266166687,284.50372314453125
020,summary_graphs/entmax/alpha_0.50/node_0.02/020_summary_graph.pt,pruned_graphs/entmax/alpha_0.50/node_0.02/020_prune_graph.pt,baseline-kmeans,15,45,23,218,0.3398751628458966,-62.31001663208008,0.6092922243655303,0.31623042921440564,0.6581152146072028,0.0704581013262628,0.0704581013262628,0.16284552754851686,0.6527851387212261,221.84651517868042,185.71980237960815,284.50372314453125
020,summary_graphs/entmax/alpha_0.50/node_0.02/020_summary_graph.pt,pruned_graphs/entmax/alpha_0.50/node_0.02/020_prune_graph.pt,baseline-spectral-adj,15,45,23,200,0.4525163752641584,-28.442176818847656,0.683070219665144,-0.4021633370801845,0.29891833145990776,0.22196253086317277,0.22196253086317277,0.3500901783089313,0.34174137866906057,149.60028505325317,97.22669458389282,284.50372314453125
020,summary_graphs/entmax/alpha_0.50/node_0.02/020_summary_graph.pt,pruned_graphs/entmax/alpha_0.50/node_0.02/020_prune_graph.pt,baseline-random-same-size,15,45,23,217,0.37906877255493926,-28.126848220825195,0.6837571552185828,-0.5062761914678316,0.24686190426608418,0.07438038989129571,0.07438038989129571,0.22434539219760088,0.5450603089041083,199.9236330986023,155.0716872215271,284.50372314453125
021,summary_graphs/entmax/alpha_0.50/node_0.02/021_summary_graph.pt,pruned_graphs/entmax/alpha_0.50/node_0.02/021_prune_graph.pt,ours-summary,13,45,15,98,0.21004813073571088,-128.32730102539062,0.37014016925908244,-0.18229245122059237,0.40885377438970383,0.04995609221233933,0.04995609221233933,0.11033512422348943,0.7262686661568639,186.0054111480713,165.48248100280762,227.8529815673828
021,summary_graphs/entmax/alpha_0.50/node_0.02/021_summary_graph.pt,pruned_graphs/entmax/alpha_0.50/node_0.02/021_prune_graph.pt,baseline-spectral-cosine,13,45,15,93,0.2388369300074304,-128.99441528320312,0.36898783608487584,0.368919889759917,0.6844599448799585,0.10868602392998494,0.10868602392998494,0.11962245584077014,0.6614825690120517,171.20015907287598,150.72077560424805,227.8529815673828
021,summary_graphs/entmax/alpha_0.50/node_0.02/021_summary_graph.pt,pruned_graphs/entmax/alpha_0.50/node_0.02/021_prune_graph.pt,baseline-kmeans,13,45,15,95,0.2687941405801755,-94.35320281982422,0.42882497651053697,0.47107768013024043,0.7355388400651202,0.108763304649814,0.108763304649814,0.16797638438622914,0.6159617552179386,168.68358039855957,140.34872245788574,227.8529815673828
021,summary_graphs/entmax/alpha_0.50/node_0.02/021_summary_graph.pt,pruned_graphs/entmax/alpha_0.50/node_0.02/021_prune_graph.pt,baseline-spectral-adj,13,45,15,91,0.38232909832233086,-22.16460609436035,0.5535192339483046,-0.47808539023296653,0.26095730488351676,0.21113896269635712,0.21113896269635712,0.2555594666587375,0.41832029717852376,128.03645515441895,95.31552696228027,227.8529815673828
021,summary_graphs/entmax/alpha_0.50/node_0.02/021_summary_graph.pt,pruned_graphs/entmax/alpha_0.50/node_0.02/021_prune_graph.pt,baseline-random-same-size,13,45,15,82,0.3520243253413404,-12.621889114379883,0.5700027643344765,-0.7225423171148768,0.1387288414425616,0.1340458863482043,0.1340458863482043,0.4176886316684261,0.3436847337026245,134.48061561584473,78.30959129333496,227.8529815673828
022,summary_graphs/entmax/alpha_0.50/node_0.02/022_summary_graph.pt,pruned_graphs/entmax/alpha_0.50/node_0.02/022_prune_graph.pt,ours-summary,13,40,21,182,0.30935696752844427,-116.64851379394531,0.5687487931282892,-0.16230534129080482,0.41884732935459756,0.049965141928599306,0.049965141928599306,0.16599084059901734,0.6805175415327023,237.44440937042236,198.03081226348877,291.00030517578125
022,summary_graphs/entmax/alpha_0.50/node_0.02/022_summary_graph.pt,pruned_graphs/entmax/alpha_0.50/node_0.02/022_prune_graph.pt,baseline-spectral-cosine,13,40,21,179,0.3908803507247901,-80.20648193359375,0.6579848874253982,-0.2234441991134867,0.38827790044325666,0.12377581402418199,0.12377581402418199,0.12234180387115545,0.6214930974239625,206.0650510787964,180.85468101501465,291.00030517578125
022,summary_graphs/entmax/alpha_0.50/node_0.02/022_summary_graph.pt,pruned_graphs/entmax/alpha_0.50/node_0.02/022_prune_graph.pt,baseline-kmeans,13,40,21,183,0.36094206900347364,-106.44182586669922,0.5937420600545341,0.43990924916903806,0.719954624584519,0.12814207795241314,0.12814207795241314,0.09335736092560629,0.6814822263346917,218.73175525665283,198.3115358352661,291.00030517578125
022,summary_graphs/entmax/alpha_0.50/node_0.02/022_summary_graph.pt,pruned_graphs/entmax/alpha_0.50/node_0.02/022_prune_graph.pt,baseline-spectral-adj,13,40,21,168,0.4933519173347545,-20.608272552490234,0.8039240742434596,-0.473170793218999,0.2634146033905005,0.18277976042604935,0.18277976042604935,0.3391532613535953,0.4263862057860009,187.7568712234497,124.07851600646973,291.00030517578125
022,summary_graphs/entmax/alpha_0.50/node_0.02/022_summary_graph.pt,pruned_graphs/entmax/alpha_0.50/node_0.02/022_prune_graph.pt,baseline-random-same-size,13,40,21,173,0.38417026220198525,-62.60844802856445,0.7010775309332803,-0.6184987984743904,0.1907506007628048,0.06726299347069024,0.06726299347069024,0.2468659773208753,0.576658250439568,222.8125696182251,167.8077268600464,291.00030517578125
023,summary_graphs/entmax/alpha_0.50/node_0.02/023_summary_graph.pt,pruned_graphs/entmax/alpha_0.50/node_0.02/023_prune_graph.pt,ours-summary,10,40,13,71,0.2101654278501448,-92.78849029541016,0.3708632817458502,-0.20775956662953118,0.3961202166852344,0.04946757395443938,0.04946757395443938,0.1418842307527591,0.6847430277398969,152.3382749557495,130.72387599945068,190.90939331054688
023,summary_graphs/entmax/alpha_0.50/node_0.02/023_summary_graph.pt,pruned_graphs/entmax/alpha_0.50/node_0.02/023_prune_graph.pt,baseline-spectral-cosine,10,40,13,71,0.20522929212818664,-119.55587768554688,0.3098891318423465,0.21857752093722388,0.6092887604686119,0.10056945241402676,0.10056945241402676,0.1065145340168693,0.6854489817637269,146.45862102508545,130.85864925384521,190.90939331054688
023,summary_graphs/entmax/alpha_0.50/node_0.02/023_summary_graph.pt,pruned_graphs/entmax/alpha_0.50/node_0.02/023_prune_graph.pt,baseline-kmeans,10,40,13,70,0.23448497684300984,-105.47785949707031,0.3419578180459192,0.5440275602206288,0.7720137801103144,0.1270121356401005,0.1270121356401005,0.15141849995016435,0.6232784303051336,140.22189617156982,118.98970699310303,190.90939331054688
023,summary_graphs/entmax/alpha_0.50/node_0.02/023_summary_graph.pt,pruned_graphs/entmax/alpha_0.50/node_0.02/023_prune_graph.pt,baseline-spectral-adj,10,40,13,65,0.36011205634003,-22.105514526367188,0.5318738653990882,-0.3121275819097266,0.34393620904513666,0.18835024728097183,0.18835024728097183,0.26893756894451754,0.42366159769164824,110.63484477996826,80.88097858428955,190.90939331054688
023,summary_graphs/entmax/alpha_0.50/node_0.02/023_summary_graph.pt,pruned_graphs/entmax/alpha_0.50/node_0.02/023_prune_graph.pt,baseline-random-same-size,10,40,13,65,0.3179612151445619,-11.456758499145508,0.5561309846483291,-0.5078829549878995,0.24605852250605026,0.07979144564079471,0.07979144564079471,0.3370920278890794,0.41496996588241897,119.5062780380249,79.22166442871094,190.90939331054688
024,summary_graphs/entmax/alpha_0.50/node_0.02/024_summary_graph.pt,pruned_graphs/entmax/alpha_0.50/node_0.02/024_prune_graph.pt,ours-summary,18,46,20,168,0.3386869753941535,-142.2374267578125,0.6282426713206045,-0.1646496697736901,0.41767516511315494,0.04913127946770241,0.04913127946770241,0.1331966276405912,0.7130875784154324,150.82867193222046,130.7388014793396,183.34185791015625
024,summary_graphs/entmax/alpha_0.50/node_0.02/024_summary_graph.pt,pruned_graphs/entmax/alpha_0.50/node_0.02/024_prune_graph.pt,baseline-spectral-cosine,18,46,20,176,0.3842499733359431,-111.26351165771484,0.6792982733956405,-0.17880848906508637,0.4105957554674568,0.08920167327624563,0.08920167327624563,0.1454095635710643,0.6266575866181759,134.4416708946228,114.89256620407104,183.34185791015625
024,summary_graphs/entmax/alpha_0.50/node_0.02/024_summary_graph.pt,pruned_graphs/entmax/alpha_0.50/node_0.02/024_prune_graph.pt,baseline-kmeans,18,46,20,156,0.3825505856926539,-115.4774398803711,0.6723523275339868,0.42522953308304823,0.7126147665415241,0.09274884385132094,0.09274884385132094,0.17717845881332123,0.6479150494836167,144.36903142929077,118.7899489402771,183.34185791015625
024,summary_graphs/entmax/alpha_0.50/node_0.02/024_summary_graph.pt,pruned_graphs/entmax/alpha_0.50/node_0.02/024_prune_graph.pt,baseline-spectral-adj,18,46,20,150,0.5253728615800682,-20.997425079345703,0.8280876764379709,-0.49670692945310974,0.25164653527344516,0.2226580467221657,0.2226580467221657,0.38893059090503934,0.37594716523052074,112.79709100723267,68.92685174942017,183.34185791015625
024,summary_graphs/entmax/alpha_0.50/node_0.02/024_summary_graph.pt,pruned_graphs/entmax/alpha_0.50/node_0.02/024_prune_graph.pt,baseline-random-same-size,18,46,20,168,0.42223496086277473,-72.52678680419922,0.7431497060821759,-0.5812226709511371,0.20938866452443144,0.10132021564337355,0.10132021564337355,0.3409732069025287,0.4757261422378709,132.34744882583618,87.22051477432251,183.34185791015625
025,summary_graphs/entmax/alpha_0.50/node_0.02/025_summary_graph.pt,pruned_graphs/entmax/alpha_0.50/node_0.02/025_prune_graph.pt,ours-summary,14,38,24,226,0.27077512165447926,-75.122802734375,0.4917534969546883,0.008521725579993936,0.5042608627899969,0.04979674635427022,0.04979674635427022,0.1398158309020821,0.6731978461312376,164.7985978126526,141.75714492797852,210.57278442382812
025,summary_graphs/entmax/alpha_0.50/node_0.02/025_summary_graph.pt,pruned_graphs/entmax/alpha_0.50/node_0.02/025_prune_graph.pt,baseline-spectral-cosine,14,38,24,225,0.3300815855254763,-28.701908111572266,0.624289948598003,0.12790398861326505,0.5639519943066326,0.035873222452949494,0.035873222452949494,0.1349750694389224,0.7063296670067125,171.94163942337036,148.7338047027588,210.57278442382812
025,summary_graphs/entmax/alpha_0.50/node_0.02/025_summary_graph.pt,pruned_graphs/entmax/alpha_0.50/node_0.02/025_prune_graph.pt,baseline-kmeans,14,38,24,227,0.3322830871083966,-53.68267822265625,0.5529672598711892,0.24458470027505724,0.6222923501375286,0.111598914345604,0.111598914345604,0.1222619184656738,0.6795029100517982,163.0153946876526,143.08481979370117,210.57278442382812
025,summary_graphs/entmax/alpha_0.50/node_0.02/025_summary_graph.pt,pruned_graphs/entmax/alpha_0.50/node_0.02/025_prune_graph.pt,baseline-spectral-adj,14,38,24,220,0.42752301573246054,-11.251483917236328,0.6741128289256431,-0.3950587977708336,0.30247060111458324,0.18093320253927808,0.18093320253927808,0.3030247804446563,0.39555542467886823,119.50669813156128,83.2932071685791,210.57278442382812
025,summary_graphs/entmax/alpha_0.50/node_0.02/025_summary_graph.pt,pruned_graphs/entmax/alpha_0.50/node_0.02/025_prune_graph.pt,baseline-random-same-size,14,38,24,224,0.36878518961668766,-25.054378509521484,0.6347040067836626,-0.5113382697860632,0.2443308651069684,0.10286637244971276,0.10286637244971276,0.34657407130954815,0.4101972568419442,132.190007686615,86.37637853622437,210.57278442382812
026,summary_graphs/entmax/alpha_0.50/node_0.02/026_summary_graph.pt,pruned_graphs/entmax/alpha_0.50/node_0.02/026_prune_graph.pt,ours-summary,11,44,13,72,0.20341448304873042,-127.30328369140625,0.35696328002014466,0.017313781912431676,0.5086568909562158,0.04986568607731618,0.04986568607731618,0.15216161622523175,0.6798569725412681,193.82570266723633,164.33287048339844,241.71682739257812
026,summary_graphs/entmax/alpha_0.50/node_0.02/026_summary_graph.pt,pruned_graphs/entmax/alpha_0.50/node_0.02/026_prune_graph.pt,baseline-spectral-cosine,11,44,13,67,0.22272234935557114,-130.61044311523438,0.3505815325733854,0.15496900833281047,0.5774845041664052,0.09486316613775686,0.09486316613775686,0.1701685843753787,0.620165566852011,180.64446640014648,149.9044532775879,241.71682739257812
026,summary_graphs/entmax/alpha_0.50/node_0.02/026_summary_graph.pt,pruned_graphs/entmax/alpha_0.50/node_0.02/026_prune_graph.pt,baseline-kmeans,11,44,13,70,0.20466492830074012,-145.73825073242188,0.32138992356472146,0.6455800407910784,0.8227900203955392,0.08793993303675876,0.08793993303675876,0.10248949232949099,0.6928291808791203,186.59221267700195,167.4684715270996,241.71682739257812
026,summary_graphs/entmax/alpha_0.50/node_0.02/026_summary_graph.pt,pruned_graphs/entmax/alpha_0.50/node_0.02/026_prune_graph.pt,baseline-spectral-adj,11,44,13,69,0.3997455201086873,-28.824909210205078,0.5469937749850363,-0.3543385636761535,0.3228307181619232,0.2524972652323383,0.2524972652323383,0.26706050692737937,0.36803118952066244,121.37336349487305,88.95933151245117,241.71682739257812
026,summary_graphs/entmax/alpha_0.50/node_0.02/026_summary_graph.pt,pruned_graphs/entmax/alpha_0.50/node_0.02/026_prune_graph.pt,baseline-random-same-size,11,44,13,64,0.33613976354959196,-15.719816207885742,0.5722822652204524,-0.6176859583303052,0.19115702083484742,0.09999726187873152,0.09999726187873152,0.26409102105287413,0.42996323058282243,141.2258186340332,103.92934799194336,241.71682739257812
027,summary_graphs/entmax/alpha_0.50/node_0.02/027_summary_graph.pt,pruned_graphs/entmax/alpha_0.50/node_0.02/027_prune_graph.pt,ours-summary,15,46,20,178,0.29715142198468764,-127.93635559082031,0.5446455052475433,0.020578721505325852,0.510289360752663,0.04965733872183198,0.04965733872183198,0.051946116936052764,0.7381430982217935,203.79105520248413,193.2049012184143,261.7445068359375
027,summary_graphs/entmax/alpha_0.50/node_0.02/027_summary_graph.pt,pruned_graphs/entmax/alpha_0.50/node_0.02/027_prune_graph.pt,baseline-spectral-cosine,15,46,20,177,0.37138118960434524,-91.24994659423828,0.6126615234741659,-0.02827758505361571,0.48586120747319217,0.13010085573452454,0.13010085573452454,0.12040449690310649,0.6076967584900693,180.8345856666565,159.061288356781,261.7445068359375
027,summary_graphs/entmax/alpha_0.50/node_0.02/027_summary_graph.pt,pruned_graphs/entmax/alpha_0.50/node_0.02/027_prune_graph.pt,baseline-kmeans,15,46,20,170,0.36717658308724055,-100.6788558959961,0.5951805003924894,0.40310658765070234,0.7015532938253511,0.13917266578199175,0.13917266578199175,0.2170934555659148,0.5408124771769196,180.806631565094,141.55469512939453,261.7445068359375
027,summary_graphs/entmax/alpha_0.50/node_0.02/027_summary_graph.pt,pruned_graphs/entmax/alpha_0.50/node_0.02/027_prune_graph.pt,baseline-spectral-adj,15,46,20,171,0.47065817963060014,-17.468387603759766,0.7494513806039775,-0.41123228675709667,0.29438385662145167,0.19186497865722277,0.19186497865722277,0.20708106581212993,0.407080890928528,134.37841176986694,106.55118703842163,261.7445068359375
027,summary_graphs/entmax/alpha_0.50/node_0.02/027_summary_graph.pt,pruned_graphs/entmax/alpha_0.50/node_0.02/027_prune_graph.pt,baseline-random-same-size,15,46,20,164,0.4183016704687378,-39.89929962158203,0.7078648252503088,-0.5952684508310144,0.20236577458449279,0.12873851568716677,0.12873851568716677,0.3506711568520719,0.38816181977893033,156.46805953979492,101.59922409057617,261.7445068359375
028,summary_graphs/entmax/alpha_0.50/node_0.02/028_summary_graph.pt,pruned_graphs/entmax/alpha_0.50/node_0.02/028_prune_graph.pt,ours-summary,13,41,15,89,0.27846950530341114,-82.1234359741211,0.5073511474526979,-0.16790702628520798,0.416046486857396,0.049587863154124306,0.049587863154124306,0.18165626218651276,0.6673321939795097,172.00787353515625,140.76156616210938,210.93177795410156
028,summary_graphs/entmax/alpha_0.50/node_0.02/028_summary_graph.pt,pruned_graphs/entmax/alpha_0.50/node_0.02/028_prune_graph.pt,baseline-spectral-cosine,13,41,15,95,0.28431558864249706,-114.473388671875,0.4388675794673595,0.019954627118482726,0.5099773135592414,0.12976359781763458,0.12976359781763458,0.09601503221913074,0.6474419155612222,151.0711784362793,136.5660743713379,210.93177795410156
028,summary_graphs/entmax/alpha_0.50/node_0.02/028_summary_graph.pt,pruned_graphs/entmax/alpha_0.50/node_0.02/028_prune_graph.pt,baseline-kmeans,13,41,15,92,0.28427653711907497,-100.94512939453125,0.4675063480340347,0.5301489331013752,0.7650744665506877,0.10104672620411528,0.10104672620411528,0.12465398326105687,0.7006653283780484,168.83904266357422,147.79258346557617,210.93177795410156
028,summary_graphs/entmax/alpha_0.50/node_0.02/028_summary_graph.pt,pruned_graphs/entmax/alpha_0.50/node_0.02/028_prune_graph.pt,baseline-spectral-adj,13,41,15,92,0.3897518385060464,-22.291120529174805,0.6340136139682073,-0.39297044525384084,0.3035147773730796,0.14549006304388548,0.14549006304388548,0.20730446871078695,0.4886790006239319,130.03470611572266,103.07793045043945,210.93177795410156
028,summary_graphs/entmax/alpha_0.50/node_0.02/028_summary_graph.pt,pruned_graphs/entmax/alpha_0.50/node_0.02/028_prune_graph.pt,baseline-random-same-size,13,41,15,91,0.36841013884293217,-13.214591979980469,0.6532282718410876,-0.6886807240473088,0.15565963797634558,0.08359200584477681,0.08359200584477681,0.18606975686168892,0.5539857309497328,143.56659698486328,116.85319519042969,210.93177795410156
029,summary_graphs/entmax/alpha_0.50/node_0.02/029_summary_graph.pt,pruned_graphs/entmax/alpha_0.50/node_0.02/029_prune_graph.pt,ours-summary,14,37,20,169,0.24693793393254357,-69.92449951171875,0.44462282679416376,0.03703320946562055,0.5185166047328102,0.04925304107092336,0.04925304107092336,0.1409528489412734,0.680394065209898,144.2422971725464,123.91093444824219,182.11642456054688
029,summary_graphs/entmax/alpha_0.50/node_0.02/029_summary_graph.pt,pruned_graphs/entmax/alpha_0.50/node_0.02/029_prune_graph.pt,baseline-spectral-cosine,14,37,20,166,0.28375281383018264,-39.72519302368164,0.5291279969551271,-0.11692602105105859,0.44153698947447073,0.038377630705238155,0.038377630705238155,0.12265089441088642,0.6839505935058217,141.97157764434814,124.55863666534424,182.11642456054688
029,summary_graphs/entmax/alpha_0.50/node_0.02/029_summary_graph.pt,pruned_graphs/entmax/alpha_0.50/node_0.02/029_prune_graph.pt,baseline-kmeans,14,37,20,165,0.2781853158739786,-58.2677001953125,0.47724154809957187,0.39535623368933387,0.697678116844667,0.07912908364838535,0.07912908364838535,0.0980995364884949,0.6998158522006619,141.31045055389404,127.44796085357666,182.11642456054688
029,summary_graphs/entmax/alpha_0.50/node_0.02/029_summary_graph.pt,pruned_graphs/entmax/alpha_0.50/node_0.02/029_prune_graph.pt,baseline-spectral-adj,14,37,20,159,0.3996738890801962,-5.933035373687744,0.6236869434168245,-0.5565808325056825,0.22170958374715877,0.17566083474356792,0.17566083474356792,0.29892716866780683,0.43805392431384793,113.79247760772705,79.7768144607544,182.11642456054688
029,summary_graphs/entmax/alpha_0.50/node_0.02/029_summary_graph.pt,pruned_graphs/entmax/alpha_0.50/node_0.02/029_prune_graph.pt,baseline-random-same-size,14,37,20,164,0.36524491051898417,-6.766458034515381,0.6213548266606047,-0.5898429918825552,0.2050785040587224,0.10913499437736361,0.10913499437736361,0.23711642850332654,0.48768215788414454,116.42003345489502,88.81493091583252,182.11642456054688
030,summary_graphs/entmax/alpha_0.50/node_0.02/030_summary_graph.pt,pruned_graphs/entmax/alpha_0.50/node_0.02/030_prune_graph.pt,ours-summary,10,40,12,60,0.1760417745503937,-115.24517059326172,0.30471575488524777,0.05878899252304113,0.5293944962615206,0.047367794215539626,0.047367794215539626,0.11485682088132035,0.7343249661688604,173.35665130615234,153.4454574584961,208.96124267578125
030,summary_graphs/entmax/alpha_0.50/node_0.02/030_summary_graph.pt,pruned_graphs/entmax/alpha_0.50/node_0.02/030_prune_graph.pt,baseline-spectral-cosine,10,40,12,60,0.2421301865681854,-103.35368347167969,0.3288848949511395,0.081191432652536,0.540595716326268,0.15537547818523137,0.15537547818523137,0.24161080911783694,0.4982708366375834,137.29005432128906,104.11929321289062,208.96124267578125
030,summary_graphs/entmax/alpha_0.50/node_0.02/030_summary_graph.pt,pruned_graphs/entmax/alpha_0.50/node_0.02/030_prune_graph.pt,baseline-kmeans,10,40,12,52,0.22927602450441242,-73.32058715820312,0.3899264257286779,0.6031227370537663,0.8015613685268832,0.06862562328014696,0.06862562328014696,0.4386097603022571,0.4604878869477667,171.40326690673828,96.22412109375,208.96124267578125
030,summary_graphs/entmax/alpha_0.50/node_0.02/030_summary_graph.pt,pruned_graphs/entmax/alpha_0.50/node_0.02/030_prune_graph.pt,baseline-spectral-adj,10,40,12,50,0.4185285210852174,-4.877106189727783,0.5290360900849089,-0.5571240103955301,0.22143799480223497,0.3080209520855258,0.3080209520855258,0.42011103693679996,0.22505400714623494,81.0975341796875,47.027565002441406,208.96124267578125
030,summary_graphs/entmax/alpha_0.50/node_0.02/030_summary_graph.pt,pruned_graphs/entmax/alpha_0.50/node_0.02/030_prune_graph.pt,baseline-random-same-size,10,40,12,56,0.31310820256911837,-0.3487585783004761,0.5382398519508366,-0.702346907636873,0.1488265461815635,0.08797655318740012,0.08797655318740012,0.38377644644185155,0.36579249718353757,124.0401382446289,76.43645477294922,208.96124267578125
031,summary_graphs/entmax/alpha_0.50/node_0.02/031_summary_graph.pt,pruned_graphs/entmax/alpha_0.50/node_0.02/031_prune_graph.pt,ours-summary,10,42,16,99,0.20631735702029633,-76.29588317871094,0.36310571220895665,-0.13105139024833234,0.4344743048758338,0.049529001831636,0.049529001831636,0.21731777189091017,0.6106932294733405,172.0716781616211,134.6774444580078,220.53207397460938
031,summary_graphs/entmax/alpha_0.50/node_0.02/031_summary_graph.pt,pruned_graphs/entmax/alpha_0.50/node_0.02/031_prune_graph.pt,baseline-spectral-cosine,10,42,16,100,0.24997964106848097,-49.844459533691406,0.4332167350795677,-0.004939455084135804,0.4975302724579321,0.06674254705739423,0.06674254705739423,0.14217514980298168,0.6311417553289019,162.25573348999023,139.1870002746582,220.53207397460938
031,summary_graphs/entmax/alpha_0.50/node_0.02/031_summary_graph.pt,pruned_graphs/entmax/alpha_0.50/node_0.02/031_prune_graph.pt,baseline-kmeans,10,42,16,96,0.25687677176968726,-80.63138580322266,0.35161418909398107,0.49519342260489385,0.7475967113024469,0.16213935444539349,0.16213935444539349,0.32036987228606667,0.443246286703121,143.82826614379883,97.7500228881836,220.53207397460938
031,summary_graphs/entmax/alpha_0.50/node_0.02/031_summary_graph.pt,pruned_graphs/entmax/alpha_0.50/node_0.02/031_prune_graph.pt,baseline-spectral-adj,10,42,16,99,0.3875750637323042,-15.336658477783203,0.5246816668686186,-0.3187313682431937,0.34063431587840315,0.25046846059598976,0.25046846059598976,0.24394913210249122,0.35835601638161213,104.5286750793457,79.02899551391602,220.53207397460938
031,summary_graphs/entmax/alpha_0.50/node_0.02/031_summary_graph.pt,pruned_graphs/entmax/alpha_0.50/node_0.02/031_prune_graph.pt,baseline-random-same-size,10,42,16,102,0.30857818889739297,-4.921153545379639,0.5522885898993729,-0.5372947578613941,0.23135262106930293,0.06486778789541306,0.06486778789541306,0.2610303816732275,0.47158712954384585,140.73662185668945,104.00008773803711,220.53207397460938
032,summary_graphs/entmax/alpha_0.50/node_0.02/032_summary_graph.pt,pruned_graphs/entmax/alpha_0.50/node_0.02/032_prune_graph.pt,ours-summary,8,41,10,41,0.17450558645187508,-100.91075897216797,0.29984535677973617,0.0025372518285257744,0.5012686259142629,0.04916581612401401,0.04916581612401401,0.04395611129139628,0.7098140472180965,124.5103759765625,119.03738403320312,167.70220947265625
032,summary_graphs/entmax/alpha_0.50/node_0.02/032_summary_graph.pt,pruned_graphs/entmax/alpha_0.50/node_0.02/032_prune_graph.pt,baseline-spectral-cosine,8,41,10,41,0.1872120416428304,-134.8023681640625,0.23218297713361583,0.23919802463934983,0.619599012319675,0.14224110615204497,0.14224110615204497,0.15024549236281592,0.5548727304556321,109.50619506835938,93.05338287353516,167.70220947265625
032,summary_graphs/entmax/alpha_0.50/node_0.02/032_summary_graph.pt,pruned_graphs/entmax/alpha_0.50/node_0.02/032_prune_graph.pt,baseline-kmeans,8,41,10,34,0.21780722727897528,-100.90023803710938,0.29986634590170486,0.6538022102722834,0.8269011051361417,0.13574810865624573,0.13574810865624573,0.26673442354901616,0.5226938059049371,119.5431900024414,87.65690612792969,167.70220947265625
032,summary_graphs/entmax/alpha_0.50/node_0.02/032_summary_graph.pt,pruned_graphs/entmax/alpha_0.50/node_0.02/032_prune_graph.pt,baseline-spectral-adj,8,41,10,35,0.383078481643639,-4.728050708770752,0.49186779667956354,-0.38330944188331506,0.30834527905834247,0.2742891666077144,0.2742891666077144,0.28431192176128167,0.2953656383512645,69.21097564697266,49.533470153808594,167.70220947265625
032,summary_graphs/entmax/alpha_0.50/node_0.02/032_summary_graph.pt,pruned_graphs/entmax/alpha_0.50/node_0.02/032_prune_graph.pt,baseline-random-same-size,8,41,10,39,0.3095511084538012,12.330740928649902,0.5259245205584946,-0.5329075986975562,0.2335462006512219,0.09317769634910775,0.09317769634910775,0.3078947208102242,0.3721241610506207,90.16842651367188,62.406044006347656,167.70220947265625
033,summary_graphs/entmax/alpha_0.50/node_0.02/033_summary_graph.pt,pruned_graphs/entmax/alpha_0.50/node_0.02/033_prune_graph.pt,ours-summary,9,43,13,68,0.18054386757844754,-119.47431945800781,0.3117837402333987,0.24424037394828785,0.622120186974144,0.04930399492349638,0.04930399492349638,0.09047723506993793,0.7003006009599146,168.70232105255127,153.43860149383545,219.10391235351562
033,summary_graphs/entmax/alpha_0.50/node_0.02/033_summary_graph.pt,pruned_graphs/entmax/alpha_0.50/node_0.02/033_prune_graph.pt,baseline-spectral-cosine,9,43,13,72,0.16822579541037486,-167.10325622558594,0.22652254418550224,0.3246984848361609,0.6623492424180805,0.10992904663524745,0.10992904663524745,0.14419320084589343,0.616801241594758,157.9136381149292,135.14356517791748,219.10391235351562
033,summary_graphs/entmax/alpha_0.50/node_0.02/033_summary_graph.pt,pruned_graphs/entmax/alpha_0.50/node_0.02/033_prune_graph.pt,baseline-kmeans,9,43,13,68,0.19442840056101454,-114.44599151611328,0.3207850309199909,0.6393440918239928,0.8196720459119964,0.0680717702020382,0.0680717702020382,0.19927484840143278,0.6369168901471768,174.28075313568115,139.55098247528076,219.10391235351562
033,summary_graphs/entmax/alpha_0.50/node_0.02/033_summary_graph.pt,pruned_graphs/entmax/alpha_0.50/node_0.02/033_prune_graph.pt,baseline-spectral-adj,9,43,13,63,0.3961951324012012,-9.747262954711914,0.5082075998309968,-0.5418984341736206,0.2290507829131897,0.28418266497140554,0.28418266497140554,0.34512256644667566,0.2610316689780777,87.33399105072021,57.19305992126465,219.10391235351562
033,summary_graphs/entmax/alpha_0.50/node_0.02/033_summary_graph.pt,pruned_graphs/entmax/alpha_0.50/node_0.02/033_prune_graph.pt,baseline-random-same-size,9,43,13,65,0.29693809536392374,-7.812788009643555,0.5116705361042068,-0.5653978491329853,0.21730107543350735,0.08220565462364067,0.08220565462364067,0.23540570856432683,0.39567126817842285,113.38447570800781,86.69312286376953,219.10391235351562
034,summary_graphs/entmax/alpha_0.50/node_0.02/034_summary_graph.pt,pruned_graphs/entmax/alpha_0.50/node_0.02/034_prune_graph.pt,ours-summary,10,39,13,67,0.1833001739914437,-74.81562042236328,0.31710170662758513,-0.10228204230921623,0.4488589788453919,0.04949864135530225,0.04949864135530225,0.1892327110909621,0.593199558199256,122.64849090576172,99.43938446044922,167.63226318359375
034,summary_graphs/entmax/alpha_0.50/node_0.02/034_summary_graph.pt,pruned_graphs/entmax/alpha_0.50/node_0.02/034_prune_graph.pt,baseline-spectral-cosine,10,39,13,68,0.20438104553069497,-80.33413696289062,0.3022397863863633,0.15793886584790215,0.5789694329239511,0.10652230467502669,0.10652230467502669,0.21431846405415914,0.5276069939526384,112.5697250366211,88.44395446777344,167.63226318359375
034,summary_graphs/entmax/alpha_0.50/node_0.02/034_summary_graph.pt,pruned_graphs/entmax/alpha_0.50/node_0.02/034_prune_graph.pt,baseline-kmeans,10,39,13,71,0.21799112438247803,-56.55247116088867,0.36628621525014243,0.5483680527540549,0.7741840263770274,0.06969603351481365,0.06969603351481365,0.18088310424258683,0.6186551674921454,126.60777282714844,103.7065658569336,167.63226318359375
034,summary_graphs/entmax/alpha_0.50/node_0.02/034_summary_graph.pt,pruned_graphs/entmax/alpha_0.50/node_0.02/034_prune_graph.pt,baseline-spectral-adj,10,39,13,66,0.3963452665098892,-0.7179133892059326,0.5166542728809174,-0.430494815216827,0.2847525923915865,0.276036260138861,0.276036260138861,0.24465452282319777,0.3062373861591189,67.96263122558594,51.33526611328125,167.63226318359375
034,summary_graphs/entmax/alpha_0.50/node_0.02/034_summary_graph.pt,pruned_graphs/entmax/alpha_0.50/node_0.02/034_prune_graph.pt,baseline-random-same-size,10,39,13,65,0.2864622597239429,-8.182387351989746,0.49655168389468635,-0.5674756191633319,0.21626219041833405,0.07637283555319942,0.07637283555319942,0.3445860906251962,0.3459382385571095,88.47906494140625,57.99040985107422,167.63226318359375
035,summary_graphs/entmax/alpha_0.50/node_0.02/035_summary_graph.pt,pruned_graphs/entmax/alpha_0.50/node_0.02/035_prune_graph.pt,ours-summary,8,44,10,43,0.18429327970126091,-106.99050903320312,0.32008055914314176,-0.019402168087558156,0.49029891595622094,0.04850600025938007,0.04850600025938007,0.04540553127985656,0.7656581076246709,172.21755695343018,164.39792728424072,214.71453857421875
035,summary_graphs/entmax/alpha_0.50/node_0.02/035_summary_graph.pt,pruned_graphs/entmax/alpha_0.50/node_0.02/035_prune_graph.pt,baseline-spectral-cosine,8,44,10,43,0.21201728044188672,-142.43267822265625,0.2591665974325471,0.03419852273870144,0.5170992613693507,0.1648679634512263,0.1648679634512263,0.1347879762013833,0.5870092494193241,145.67460536956787,126.03942012786865,214.71453857421875
035,summary_graphs/entmax/alpha_0.50/node_0.02/035_summary_graph.pt,pruned_graphs/entmax/alpha_0.50/node_0.02/035_prune_graph.pt,baseline-kmeans,8,44,10,43,0.1970895855998777,-119.90803527832031,0.297879379897265,0.5813834947589271,0.7906917473794636,0.09629979130249039,0.09629979130249039,0.20039523589179348,0.6207205574702171,166.6795072555542,133.2777280807495,214.71453857421875
035,summary_graphs/entmax/alpha_0.50/node_0.02/035_summary_graph.pt,pruned_graphs/entmax/alpha_0.50/node_0.02/035_prune_graph.pt,baseline-spectral-adj,8,44,10,41,0.38032209968587233,-7.406737327575684,0.49123359675866834,-0.3628828722989063,0.3185585638505468,0.2694106026130763,0.2694106026130763,0.31023852676110675,0.34524825992649555,107.47167491912842,74.12982082366943,214.71453857421875
035,summary_graphs/entmax/alpha_0.50/node_0.02/035_summary_graph.pt,pruned_graphs/entmax/alpha_0.50/node_0.02/035_prune_graph.pt,baseline-random-same-size,8,44,10,38,0.3009741799766276,9.653118133544922,0.5205541415011132,-0.5374818798595687,0.23125906007021563,0.08139421845214201,0.08139421845214201,0.3836417627599633,0.3315269572282535,115.49072170257568,71.1836576461792,214.71453857421875
036,summary_graphs/entmax/alpha_0.50/node_0.02/036_summary_graph.pt,pruned_graphs/entmax/alpha_0.50/node_0.02/036_prune_graph.pt,ours-summary,12,36,14,86,0.2375285280258129,-74.2095718383789,0.42556125950947316,-0.09508437238639819,0.4524578138068009,0.04949579654215262,0.04949579654215262,0.12351445137882361,0.7184925543655029,143.7138912677765,125.96314883232117,175.3158721923828
036,summary_graphs/entmax/alpha_0.50/node_0.02/036_summary_graph.pt,pruned_graphs/entmax/alpha_0.50/node_0.02/036_prune_graph.pt,baseline-spectral-cosine,12,36,14,86,0.2886079535113507,-79.04562377929688,0.41250675099687384,0.19713105151315763,0.5985655257565788,0.16470915602582764,0.16470915602582764,0.13170405584584136,0.5866857857338625,118.45653653144836,102.85533022880554,175.3158721923828
036,summary_graphs/entmax/alpha_0.50/node_0.02/036_summary_graph.pt,pruned_graphs/entmax/alpha_0.50/node_0.02/036_prune_graph.pt,baseline-kmeans,12,36,14,83,0.27787888748573963,-54.534400939941406,0.47867261644089754,0.6242320223543911,0.8121160111771956,0.07708515853058179,0.07708515853058179,0.18555259250138478,0.6685314053238691,143.90636563301086,117.20416641235352,175.3158721923828
036,summary_graphs/entmax/alpha_0.50/node_0.02/036_summary_graph.pt,pruned_graphs/entmax/alpha_0.50/node_0.02/036_prune_graph.pt,baseline-spectral-adj,12,36,14,79,0.45445585485534357,-3.2165322303771973,0.6172005185292828,-0.6170867346529254,0.1914566326735373,0.2917111911814044,0.2917111911814044,0.14445716256082394,0.40138538218500525,82.25097012519836,70.36922836303711,175.3158721923828
036,summary_graphs/entmax/alpha_0.50/node_0.02/036_summary_graph.pt,pruned_graphs/entmax/alpha_0.50/node_0.02/036_prune_graph.pt,baseline-random-same-size,12,36,14,77,0.374763036057815,-1.4466122388839722,0.6219783213504169,-0.6895683070156166,0.15521584649219172,0.1275477507652132,0.1275477507652132,0.3184474132414305,0.3970798712776995,102.14091372489929,69.61440396308899,175.3158721923828
037,summary_graphs/entmax/alpha_0.50/node_0.02/037_summary_graph.pt,pruned_graphs/entmax/alpha_0.50/node_0.02/037_prune_graph.pt,ours-summary,9,45,11,52,0.2316955417869224,-127.91154479980469,0.41358020528584366,0.24554163718284666,0.6227708185914234,0.04981087828800114,0.04981087828800114,0.04869470177733429,0.7407220044464184,176.70820808410645,168.10345458984375,226.94540405273438
037,summary_graphs/entmax/alpha_0.50/node_0.02/037_summary_graph.pt,pruned_graphs/entmax/alpha_0.50/node_0.02/037_prune_graph.pt,baseline-spectral-cosine,9,45,11,52,0.2580161913335591,-178.77188110351562,0.33213830689512347,-0.07314034907130926,0.46342982546434536,0.1838940757719947,0.1838940757719947,0.16747447255047912,0.5568888944694359,151.80720710754395,126.38337516784668,226.94540405273438
037,summary_graphs/entmax/alpha_0.50/node_0.02/037_summary_graph.pt,pruned_graphs/entmax/alpha_0.50/node_0.02/037_prune_graph.pt,baseline-kmeans,9,45,11,42,0.24755436197988442,-137.26553344726562,0.3986017782630631,0.6638985850940906,0.8319492925470453,0.09650694569670575,0.09650694569670575,0.28785860194654045,0.5513435452636822,175.70230293273926,125.1248836517334,226.94540405273438
037,summary_graphs/entmax/alpha_0.50/node_0.02/037_summary_graph.pt,pruned_graphs/entmax/alpha_0.50/node_0.02/037_prune_graph.pt,baseline-spectral-adj,9,45,11,49,0.432732544662647,-25.896202087402344,0.5769358162634818,-0.40668519556155047,0.29665740221922476,0.28852927306181214,0.28852927306181214,0.14377524528060107,0.39624008293096247,105.02483749389648,89.92486572265625,226.94540405273438
037,summary_graphs/entmax/alpha_0.50/node_0.02/037_summary_graph.pt,pruned_graphs/entmax/alpha_0.50/node_0.02/037_prune_graph.pt,baseline-random-same-size,9,45,11,41,0.3504563488411312,-9.840673446655273,0.6026453163290617,-0.6165488436298981,0.19172557818505093,0.09826738135320062,0.09826738135320062,0.3591855846612007,0.3759864877476065,133.15618896484375,85.32840538024902,226.94540405273438
038,summary_graphs/entmax/alpha_0.50/node_0.02/038_summary_graph.pt,pruned_graphs/entmax/alpha_0.50/node_0.02/038_prune_graph.pt,ours-summary,9,38,12,59,0.19557154470428867,-66.9798355102539,0.3414380981820885,-0.058633201198132125,0.47068339940093396,0.04970499122648883,0.04970499122648883,0.13023321025108311,0.6671280094950578,164.39191246032715,142.9826259613037,214.32562255859375
038,summary_graphs/entmax/alpha_0.50/node_0.02/038_summary_graph.pt,pruned_graphs/entmax/alpha_0.50/node_0.02/038_prune_graph.pt,baseline-spectral-cosine,9,38,12,57,0.22050304553490785,-88.88052368164062,0.27638326350198616,0.18964523387976134,0.5948226169398807,0.16462282756782953,0.16462282756782953,0.19606670975220322,0.5259535709841148,140.21726417541504,112.72532653808594,214.32562255859375
038,summary_graphs/entmax/alpha_0.50/node_0.02/038_summary_graph.pt,pruned_graphs/entmax/alpha_0.50/node_0.02/038_prune_graph.pt,baseline-kmeans,9,38,12,56,0.18179579424425452,-103.48829650878906,0.23299168550692845,0.6066973795106151,0.8033486897553075,0.13059990298158058,0.13059990298158058,0.20926291374666103,0.5476314629941356,148.43297004699707,117.3714542388916,214.32562255859375
038,summary_graphs/entmax/alpha_0.50/node_0.02/038_summary_graph.pt,pruned_graphs/entmax/alpha_0.50/node_0.02/038_prune_graph.pt,baseline-spectral-adj,9,38,12,52,0.39286258505858324,-12.07241153717041,0.5045377080209658,-0.47576819614446747,0.26211590192776624,0.2811874620962007,0.2811874620962007,0.281980629579489,0.3435802724952307,102.55719947814941,73.6380558013916,214.32562255859375
038,summary_graphs/entmax/alpha_0.50/node_0.02/038_summary_graph.pt,pruned_graphs/entmax/alpha_0.50/node_0.02/038_prune_graph.pt,baseline-random-same-size,9,38,12,54,0.3075102313650853,4.8886237144470215,0.5549194839430205,-0.4888902969043235,0.25555485154783825,0.06010097878715015,0.06010097878715015,0.27159146116852717,0.3829794709456983,112.68719291687012,82.08231353759766,214.32562255859375
039,summary_graphs/entmax/alpha_0.50/node_0.02/039_summary_graph.pt,pruned_graphs/entmax/alpha_0.50/node_0.02/039_prune_graph.pt,ours-summary,11,47,13,71,0.1972672146997591,-134.51321411132812,0.3466398766602023,-0.17979130446202485,0.4101043477689876,0.04789455273931595,0.04789455273931595,0.13940202752243439,0.6675159747000939,167.03541946411133,143.7503433227539,215.35116577148438
039,summary_graphs/entmax/alpha_0.50/node_0.02/039_summary_graph.pt,pruned_graphs/entmax/alpha_0.50/node_0.02/039_prune_graph.pt,baseline-spectral-cosine,11,47,13,70,0.2317287244817376,-183.53759765625,0.27203116079892947,-0.06168177956789083,0.4691591102160546,0.19142628816454574,0.19142628816454574,0.22167878476212985,0.4766167586156956,131.8735408782959,102.63997459411621,215.35116577148438
039,summary_graphs/entmax/alpha_0.50/node_0.02/039_summary_graph.pt,pruned_graphs/entmax/alpha_0.50/node_0.02/039_prune_graph.pt,baseline-kmeans,11,47,13,65,0.26178852771550076,-91.59278869628906,0.4119591413698275,0.6324977502198693,0.8162488751099346,0.11161791406117409,0.11161791406117409,0.3570980631864526,0.4746053514660758,158.97730255126953,102.20681571960449,215.35116577148438
039,summary_graphs/entmax/alpha_0.50/node_0.02/039_summary_graph.pt,pruned_graphs/entmax/alpha_0.50/node_0.02/039_prune_graph.pt,baseline-spectral-adj,11,47,13,56,0.37967296069038886,-15.853311538696289,0.5272248285435251,-0.4537627341985501,0.2731186329007249,0.2321210928372526,0.2321210928372526,0.39537088442102436,0.2836277073309954,101.0198745727539,61.07955741882324,215.35116577148438
039,summary_graphs/entmax/alpha_0.50/node_0.02/039_summary_graph.pt,pruned_graphs/entmax/alpha_0.50/node_0.02/039_prune_graph.pt,baseline-random-same-size,11,47,13,61,0.33166818584086877,-0.9537093639373779,0.5499000251353696,-0.536866235498624,0.231566882250688,0.11343634654636793,0.11343634654636793,0.4884070611616141,0.30539679226349925,128.55446243286133,65.7675552368164,215.35116577148438
040,summary_graphs/entmax/alpha_0.50/node_0.02/040_summary_graph.pt,pruned_graphs/entmax/alpha_0.50/node_0.02/040_prune_graph.pt,ours-summary,13,42,17,123,0.2764517464951493,-151.93402099609375,0.5029885322625886,0.005243682298247644,0.5026218411491238,0.04991496072771007,0.04991496072771007,0.03756994761848734,0.7211214246121092,101.85469125211239,98.02801583707333,135.93829345703125
040,summary_graphs/entmax/alpha_0.50/node_0.02/040_summary_graph.pt,pruned_graphs/entmax/alpha_0.50/node_0.02/040_prune_graph.pt,baseline-spectral-cosine,13,42,17,116,0.3280007910062648,-143.44114685058594,0.5195686842903603,-0.402236317805055,0.2988818410974725,0.13643289772216927,0.13643289772216927,0.12173861895843022,0.5825602394227183,90.16933511197567,79.19224478304386,135.93829345703125
040,summary_graphs/entmax/alpha_0.50/node_0.02/040_summary_graph.pt,pruned_graphs/entmax/alpha_0.50/node_0.02/040_prune_graph.pt,baseline-kmeans,13,42,17,117,0.3303191505277268,-100.51275634765625,0.6033751433139499,0.5685866857203504,0.7842933428601753,0.05726315774150368,0.05726315774150368,0.1035856619974231,0.6763740205694783,102.56990121304989,91.94513009488583,135.93829345703125
040,summary_graphs/entmax/alpha_0.50/node_0.02/040_summary_graph.pt,pruned_graphs/entmax/alpha_0.50/node_0.02/040_prune_graph.pt,baseline-spectral-adj,13,42,17,113,0.4109147203989681,-38.15376663208008,0.7251148477660897,-0.5178478514032475,0.24107607429837624,0.09671459303184644,0.09671459303184644,0.13127999170343024,0.5724872244034992,89.58345101773739,77.82293631136417,135.93829345703125
040,summary_graphs/entmax/alpha_0.50/node_0.02/040_summary_graph.pt,pruned_graphs/entmax/alpha_0.50/node_0.02/040_prune_graph.pt,baseline-random-same-size,13,42,17,117,0.3729724362767825,-64.38479614257812,0.6739056247701793,-0.6190985409812979,0.19045072950935105,0.07203924778338568,0.07203924778338568,0.061903080502141335,0.6255426676634024,90.64650033414364,85.03520272672176,135.93829345703125
041,summary_graphs/entmax/alpha_0.50/node_0.02/041_summary_graph.pt,pruned_graphs/entmax/alpha_0.50/node_0.02/041_prune_graph.pt,ours-summary,12,42,15,97,0.2667155947677805,-111.54385375976562,0.4834477079576721,0.1661978585691259,0.583098929284563,0.04998348157788887,0.04998348157788887,0.08629124881005663,0.728222685512763,88.00769138336182,80.41339778900146,110.42418670654297
041,summary_graphs/entmax/alpha_0.50/node_0.02/041_summary_graph.pt,pruned_graphs/entmax/alpha_0.50/node_0.02/041_prune_graph.pt,baseline-spectral-cosine,12,42,15,82,0.31918485153067655,-105.72036743164062,0.4956876037184175,-0.001056426793394413,0.49947178660330277,0.14268209934293555,0.14268209934293555,0.20832556131329813,0.4983202923041729,69.50661826133728,55.026612997055054,110.42418670654297
041,summary_graphs/entmax/alpha_0.50/node_0.02/041_summary_graph.pt,pruned_graphs/entmax/alpha_0.50/node_0.02/041_prune_graph.pt,baseline-kmeans,12,42,15,96,0.3187246793587336,-86.6916732788086,0.535682535178311,0.46159726656471584,0.730798633282358,0.10176682353915624,0.10176682353915624,0.1256226167040173,0.6120749016704231,77.2982861995697,67.58787322044373,110.42418670654297
041,summary_graphs/entmax/alpha_0.50/node_0.02/041_summary_graph.pt,pruned_graphs/entmax/alpha_0.50/node_0.02/041_prune_graph.pt,baseline-spectral-adj,12,42,15,89,0.4030026802391842,-24.62954330444336,0.6661260523218044,-0.5335692062644496,0.2332153968677752,0.13987930815656388,0.13987930815656388,0.16804956413804692,0.4939680205795149,65.56402230262756,54.54601693153381,110.42418670654297
041,summary_graphs/entmax/alpha_0.50/node_0.02/041_summary_graph.pt,pruned_graphs/entmax/alpha_0.50/node_0.02/041_prune_graph.pt,baseline-random-same-size,12,42,15,82,0.36580327296243864,-50.26105499267578,0.6122532181573554,-0.7292154529768899,0.13539227351155503,0.11935332776752187,0.11935332776752187,0.2993496657497953,0.43316270390082745,68.26748943328857,47.83163928985596,110.42418670654297
042,summary_graphs/entmax/alpha_0.50/node_0.02/042_summary_graph.pt,pruned_graphs/entmax/alpha_0.50/node_0.02/042_prune_graph.pt,ours-summary,9,39,12,61,0.20806727929650695,-90.80169677734375,0.3674394873287572,0.1710326140873485,0.5855163070436742,0.048695071264256685,0.048695071264256685,0.023700778510921987,0.7505601260220871,93.13864922523499,90.93119072914124,121.15110778808594
042,summary_graphs/entmax/alpha_0.50/node_0.02/042_summary_graph.pt,pruned_graphs/entmax/alpha_0.50/node_0.02/042_prune_graph.pt,baseline-spectral-cosine,9,39,12,61,0.22799573405044476,-100.57252502441406,0.34053586829893634,0.15654675746741864,0.5782733787337093,0.11545559980195322,0.11545559980195322,0.08693383512203211,0.6603036396476266,87.61305642127991,79.99651741981506,121.15110778808594
042,summary_graphs/entmax/alpha_0.50/node_0.02/042_summary_graph.pt,pruned_graphs/entmax/alpha_0.50/node_0.02/042_prune_graph.pt,baseline-kmeans,9,39,12,60,0.24574833643343524,-65.4240493774414,0.43731593439281624,0.560787516965693,0.7803937584828464,0.05418073847405422,0.05418073847405422,0.0763600298271305,0.7354678995924183,96.46913695335388,89.10275077819824,121.15110778808594
042,summary_graphs/entmax/alpha_0.50/node_0.02/042_summary_graph.pt,pruned_graphs/entmax/alpha_0.50/node_0.02/042_prune_graph.pt,baseline-spectral-adj,9,39,12,57,0.36304204724273936,-16.28765869140625,0.5726111720975194,-0.3200387949765335,0.33998060251173323,0.15347292238795923,0.15347292238795923,0.14114124899464986,0.5098527549765679,71.92012190818787,61.76922607421875,121.15110778808594
042,summary_graphs/entmax/alpha_0.50/node_0.02/042_summary_graph.pt,pruned_graphs/entmax/alpha_0.50/node_0.02/042_prune_graph.pt,baseline-random-same-size,9,39,12,58,0.34683075794370555,-5.77180814743042,0.6015661500113271,-0.5729567822906478,0.21352160885467608,0.09209536587608398,0.09209536587608398,0.20751035929183867,0.4761444132781612,72.79012894630432,57.685423135757446,121.15110778808594
043,summary_graphs/entmax/alpha_0.50/node_0.02/043_summary_graph.pt,pruned_graphs/entmax/alpha_0.50/node_0.02/043_prune_graph.pt,ours-summary,8,36,14,74,0.18624407841807808,-79.7339859008789,0.32412964333101124,0.0048998214524846005,0.5024499107262423,0.04835851350514491,0.04835851350514491,0.14442494214200263,0.6127063280864032,86.88115501403809,74.33334922790527,121.3197021484375
043,summary_graphs/entmax/alpha_0.50/node_0.02/043_summary_graph.pt,pruned_graphs/entmax/alpha_0.50/node_0.02/043_prune_graph.pt,baseline-spectral-cosine,8,36,14,69,0.22077837067349737,-56.22171401977539,0.40346664977878416,0.268914366798848,0.634457183399424,0.03809009156821061,0.03809009156821061,0.19441782461635043,0.6165672092698,92.85427665710449,74.80175018310547,121.3197021484375
043,summary_graphs/entmax/alpha_0.50/node_0.02/043_summary_graph.pt,pruned_graphs/entmax/alpha_0.50/node_0.02/043_prune_graph.pt,baseline-kmeans,8,36,14,72,0.22459831302756478,-61.02693176269531,0.387252480536458,0.4654345905224944,0.7327172952612472,0.061944145518671584,0.061944145518671584,0.14093445711183988,0.640037260992845,90.38789939880371,77.64912986755371,121.3197021484375
043,summary_graphs/entmax/alpha_0.50/node_0.02/043_summary_graph.pt,pruned_graphs/entmax/alpha_0.50/node_0.02/043_prune_graph.pt,baseline-spectral-adj,8,36,14,69,0.36236852285669124,-9.364973068237305,0.5615745067116461,-0.315396911670608,0.342301544164696,0.16316253900173636,0.16316253900173636,0.21345776693302262,0.45166162671768706,69.66625785827637,54.795454025268555,121.3197021484375
043,summary_graphs/entmax/alpha_0.50/node_0.02/043_summary_graph.pt,pruned_graphs/entmax/alpha_0.50/node_0.02/043_prune_graph.pt,baseline-random-same-size,8,36,14,76,0.3301897708208541,-4.546380519866943,0.5778337789571836,-0.38960800006396334,0.3051959999680183,0.08254576268452468,0.08254576268452468,0.1971221121943645,0.4745004375655908,71.69988441467285,57.56625175476074,121.3197021484375
044,summary_graphs/entmax/alpha_0.50/node_0.02/044_summary_graph.pt,pruned_graphs/entmax/alpha_0.50/node_0.02/044_prune_graph.pt,ours-summary,10,41,12,54,0.1970614510797821,-106.46678161621094,0.34419008623363734,0.2485305692098774,0.6242652846049387,0.049932815925926875,0.049932815925926875,0.1429547702178595,0.6858408205255319,106.80056762695312,91.53291702270508,133.46087646484375
044,summary_graphs/entmax/alpha_0.50/node_0.02/044_summary_graph.pt,pruned_graphs/entmax/alpha_0.50/node_0.02/044_prune_graph.pt,baseline-spectral-cosine,10,41,12,61,0.19887936329358363,-148.73390197753906,0.26328242079944725,0.16959503890436733,0.5847975194521837,0.13447630578772005,0.13447630578772005,0.12917584014656006,0.60645164941556,92.94364166259766,80.93756866455078,133.46087646484375
044,summary_graphs/entmax/alpha_0.50/node_0.02/044_summary_graph.pt,pruned_graphs/entmax/alpha_0.50/node_0.02/044_prune_graph.pt,baseline-kmeans,10,41,12,54,0.21393156550314513,-102.19902801513672,0.3523594934052747,0.6137913984421385,0.8068956992210692,0.0755036376010155,0.0755036376010155,0.2027004186213154,0.6013387710181407,100.65877532958984,80.25519943237305,133.46087646484375
044,summary_graphs/entmax/alpha_0.50/node_0.02/044_summary_graph.pt,pruned_graphs/entmax/alpha_0.50/node_0.02/044_prune_graph.pt,baseline-spectral-adj,10,41,12,56,0.3331762775653724,-15.33626937866211,0.5186321975131055,-0.40454212232382886,0.2977289388380856,0.1477203576176393,0.1477203576176393,0.2705643048663975,0.41266487181375117,75.50304412841797,55.074615478515625,133.46087646484375
044,summary_graphs/entmax/alpha_0.50/node_0.02/044_summary_graph.pt,pruned_graphs/entmax/alpha_0.50/node_0.02/044_prune_graph.pt,baseline-random-same-size,10,41,12,52,0.3193766199924677,-7.062193870544434,0.5344703803129012,-0.6288359329213133,0.18558203353934333,0.10428285967203425,0.10428285967203425,0.22691209690975084,0.4670739709131387,80.63261795043945,62.33610153198242,133.46087646484375
045,summary_graphs/entmax/alpha_0.50/node_0.02/045_summary_graph.pt,pruned_graphs/entmax/alpha_0.50/node_0.02/045_prune_graph.pt,ours-summary,11,41,14,82,0.22744862972972857,-106.3040542602539,0.4049276194810139,0.15003743690212779,0.5750187184510639,0.04996963997844323,0.04996963997844323,0.1311506449769364,0.6460022037416748,84.73810195922852,73.6246452331543,113.96965026855469
045,summary_graphs/entmax/alpha_0.50/node_0.02/045_summary_graph.pt,pruned_graphs/entmax/alpha_0.50/node_0.02/045_prune_graph.pt,baseline-spectral-cosine,11,41,14,80,0.22634884630799096,-127.95883178710938,0.35597271571861777,0.013233442310490213,0.5066167211552451,0.09672497689736412,0.09672497689736412,0.16172478637731644,0.5651763629292091,76.83986282348633,64.4129524230957,113.96965026855469
045,summary_graphs/entmax/alpha_0.50/node_0.02/045_summary_graph.pt,pruned_graphs/entmax/alpha_0.50/node_0.02/045_prune_graph.pt,baseline-kmeans,11,41,14,85,0.26674852667903043,-77.84468841552734,0.4692656171113113,0.5981446410268929,0.7990723205134465,0.06423143624674957,0.06423143624674957,0.14908180615287148,0.6328926184695242,84.76790237426758,72.13055038452148,113.96965026855469
045,summary_graphs/entmax/alpha_0.50/node_0.02/045_summary_graph.pt,pruned_graphs/entmax/alpha_0.50/node_0.02/045_prune_graph.pt,baseline-spectral-adj,11,41,14,75,0.35153512209125104,-18.058273315429688,0.6044245578677809,-0.4246893118199443,0.28765534409002785,0.09864568631472115,0.09864568631472115,0.15331546768674162,0.5416858623812861,72.91469955444336,61.735748291015625,113.96965026855469
045,summary_graphs/entmax/alpha_0.50/node_0.02/045_summary_graph.pt,pruned_graphs/entmax/alpha_0.50/node_0.02/045_prune_graph.pt,baseline-random-same-size,11,41,14,84,0.3332990293675871,-12.939083099365234,0.6159975207397269,-0.5925747666979796,0.2037126166510102,0.050600537995447316,0.050600537995447316,0.11952200635166425,0.5395933788675097,69.84532165527344,61.49726867675781,113.96965026855469
046,summary_graphs/entmax/alpha_0.50/node_0.02/046_summary_graph.pt,pruned_graphs/entmax/alpha_0.50/node_0.02/046_prune_graph.pt,ours-summary,8,43,11,45,0.21439339674920208,-114.93339538574219,0.3791378859841593,0.33492731135140913,0.6674636556757045,0.04964890751424483,0.04964890751424483,0.19809862120913882,0.6077732912973387,89.42810249328613,71.7125186920166,117.99221801757812
046,summary_graphs/entmax/alpha_0.50/node_0.02/046_summary_graph.pt,pruned_graphs/entmax/alpha_0.50/node_0.02/046_prune_graph.pt,baseline-spectral-cosine,8,43,11,50,0.24322422138098493,-132.44183349609375,0.3451760393337211,0.20486953863865434,0.6024347693193272,0.14127240342824876,0.14127240342824876,0.1576543153761516,0.5682902517840382,79.60369300842285,67.0538272857666,117.99221801757812
046,summary_graphs/entmax/alpha_0.50/node_0.02/046_summary_graph.pt,pruned_graphs/entmax/alpha_0.50/node_0.02/046_prune_graph.pt,baseline-kmeans,8,43,11,45,0.2536604645485275,-97.3697280883789,0.4132067889004348,0.590412546804197,0.7952062734020985,0.09411414019662019,0.09411414019662019,0.21629636034258518,0.5362680560236232,80.73901176452637,63.27545738220215,117.99221801757812
046,summary_graphs/entmax/alpha_0.50/node_0.02/046_summary_graph.pt,pruned_graphs/entmax/alpha_0.50/node_0.02/046_prune_graph.pt,baseline-spectral-adj,8,43,11,44,0.3722287053892538,-37.46398162841797,0.5294083591852855,-0.3547719799994094,0.3226140100002953,0.21504905159322205,0.21504905159322205,0.15012870917049656,0.43675721652537564,60.63736152648926,51.533952713012695,117.99221801757812
046,summary_graphs/entmax/alpha_0.50/node_0.02/046_summary_graph.pt,pruned_graphs/entmax/alpha_0.50/node_0.02/046_prune_graph.pt,baseline-random-same-size,8,43,11,45,0.3311482619909825,-19.923954010009766,0.5634314146711541,-0.4494563592599813,0.27527182037000936,0.09886510931081091,0.09886510931081091,0.2789523201057713,0.36836032398873464,60.27847099304199,43.46365165710449,117.99221801757812
047,summary_graphs/entmax/alpha_0.50/node_0.02/047_summary_graph.pt,pruned_graphs/entmax/alpha_0.50/node_0.02/047_prune_graph.pt,ours-summary,9,29,13,68,0.26620543738783675,-60.989158630371094,0.4834431180968343,0.22804045797210187,0.6140202289860509,0.048967756678839236,0.048967756678839236,0.07604496807532343,0.7873643213097516,69.00265789031982,63.75535297393799,80.97312927246094
047,summary_graphs/entmax/alpha_0.50/node_0.02/047_summary_graph.pt,pruned_graphs/entmax/alpha_0.50/node_0.02/047_prune_graph.pt,baseline-spectral-cosine,9,29,13,70,0.3022697422419431,-47.417823791503906,0.5412044856711336,-0.11860369884891274,0.4406981505755436,0.06333499881275262,0.06333499881275262,0.12784178636550814,0.7065634684184293,65.5989408493042,57.21265506744385,80.97312927246094
047,summary_graphs/entmax/alpha_0.50/node_0.02/047_summary_graph.pt,pruned_graphs/entmax/alpha_0.50/node_0.02/047_prune_graph.pt,baseline-kmeans,9,29,13,67,0.304126477821045,-42.73711013793945,0.5611262833478201,0.49875270948266853,0.7493763547413342,0.04712667229426992,0.04712667229426992,0.15407979730904764,0.7228234287889452,69.19006633758545,58.52927494049072,80.97312927246094
047,summary_graphs/entmax/alpha_0.50/node_0.02/047_summary_graph.pt,pruned_graphs/entmax/alpha_0.50/node_0.02/047_prune_graph.pt,baseline-spectral-adj,9,29,13,59,0.3893626486771882,-12.342723846435547,0.6904889255805037,-0.41897336039913424,0.2905133198004329,0.08823637177387267,0.08823637177387267,0.18392450513175046,0.5366377101017495,53.24658679962158,43.45323467254639,80.97312927246094
047,summary_graphs/entmax/alpha_0.50/node_0.02/047_summary_graph.pt,pruned_graphs/entmax/alpha_0.50/node_0.02/047_prune_graph.pt,baseline-random-same-size,9,29,13,64,0.3873086345042669,-11.204614639282227,0.6953328638353741,-0.5278906327317344,0.2360546836341328,0.07928440517315974,0.07928440517315974,0.2049395767049704,0.5267789572715769,53.649935722351074,42.654940605163574,80.97312927246094
048,summary_graphs/entmax/alpha_0.50/node_0.02/048_summary_graph.pt,pruned_graphs/entmax/alpha_0.50/node_0.02/048_prune_graph.pt,ours-summary,10,34,15,94,0.2720426880093972,-67.15872192382812,0.4943161489820995,0.11939973678847748,0.5596998683942387,0.04976922703669481,0.04976922703669481,0.03177763103874241,0.7150627400958465,81.92354965209961,79.3202133178711,110.92762756347656
048,summary_graphs/entmax/alpha_0.50/node_0.02/048_summary_graph.pt,pruned_graphs/entmax/alpha_0.50/node_0.02/048_prune_graph.pt,baseline-spectral-cosine,10,34,15,90,0.3092229935286644,-51.841278076171875,0.5551692176566617,-0.10233713585936899,0.4488314320703155,0.06327676940066707,0.06327676940066707,0.08039104542696994,0.6479081201245764,78.15377426147461,71.87091064453125,110.92762756347656
048,summary_graphs/entmax/alpha_0.50/node_0.02/048_summary_graph.pt,pruned_graphs/entmax/alpha_0.50/node_0.02/048_prune_graph.pt,baseline-kmeans,10,34,15,98,0.29289131393116014,-57.09160232543945,0.5343107295554554,0.43005892869364154,0.7150294643468208,0.05147189830686482,0.05147189830686482,0.030949192336023792,0.7253356131907095,83.02945327758789,80.45975875854492,110.92762756347656
048,summary_graphs/entmax/alpha_0.50/node_0.02/048_summary_graph.pt,pruned_graphs/entmax/alpha_0.50/node_0.02/048_prune_graph.pt,baseline-spectral-adj,10,34,15,88,0.39411350150180635,-14.52204704284668,0.703430727421632,-0.31957100937395444,0.3402144953130228,0.08479627558198072,0.08479627558198072,0.09845876125599261,0.5944100851844623,73.13753128051758,65.9365005493164,110.92762756347656
048,summary_graphs/entmax/alpha_0.50/node_0.02/048_summary_graph.pt,pruned_graphs/entmax/alpha_0.50/node_0.02/048_prune_graph.pt,baseline-random-same-size,10,34,15,85,0.3443334508218739,-30.307992935180664,0.6407164433527459,-0.47859182970934766,0.26070408514532617,0.04795045829100183,0.04795045829100183,0.11544549662002575,0.5769169530244013,72.34831619262695,63.996028900146484,110.92762756347656
049,summary_graphs/entmax/alpha_0.50/node_0.02/049_summary_graph.pt,pruned_graphs/entmax/alpha_0.50/node_0.02/049_prune_graph.pt,ours-summary,9,38,11,51,0.24180903552294084,-103.33763122558594,0.43465517599152476,0.13730610221985437,0.5686530511099271,0.04896289505435692,0.04896289505435692,0.04337733764133393,0.785836225945041,78.99291229248047,75.56641006469727,96.16050720214844
049,summary_graphs/entmax/alpha_0.50/node_0.02/049_summary_graph.pt,pruned_graphs/entmax/alpha_0.50/node_0.02/049_prune_graph.pt,baseline-spectral-cosine,9,38,11,50,0.2388053316671364,-158.79608154296875,0.30811245870895493,0.022521551426227603,0.5112607757131138,0.1694982046253179,0.1694982046253179,0.1612415860850892,0.5964815791874769,68.3843765258789,57.35797119140625,96.16050720214844
049,summary_graphs/entmax/alpha_0.50/node_0.02/049_summary_graph.pt,pruned_graphs/entmax/alpha_0.50/node_0.02/049_prune_graph.pt,baseline-kmeans,9,38,11,50,0.2680230053199146,-91.87078094482422,0.46081976137644104,0.726746361105492,0.863373180552746,0.07522624926338815,0.07522624926338815,0.08637415132421561,0.7264734468162759,76.46243286132812,69.8580551147461,96.16050720214844
049,summary_graphs/entmax/alpha_0.50/node_0.02/049_summary_graph.pt,pruned_graphs/entmax/alpha_0.50/node_0.02/049_prune_graph.pt,baseline-spectral-adj,9,38,11,44,0.37869337756268184,-30.56175994873047,0.6007120603206131,-0.5313430541536105,0.23432847292319475,0.15667469480475063,0.15667469480475063,0.17771516412557933,0.5136086306277,60.06296634674072,49.38886642456055,96.16050720214844
049,summary_graphs/entmax/alpha_0.50/node_0.02/049_summary_graph.pt,pruned_graphs/entmax/alpha_0.50/node_0.02/049_prune_graph.pt,baseline-random-same-size,9,38,11,42,0.34760703633096474,-18.156850814819336,0.6290170464697732,-0.6983780610728529,0.15081096946357353,0.0661970261921563,0.0661970261921563,0.17728385437230382,0.569237292674122,66.53345394134521,54.73814678192139,96.16050720214844
050,summary_graphs/entmax/alpha_0.50/node_0.02/050_summary_graph.pt,pruned_graphs/entmax/alpha_0.50/node_0.02/050_prune_graph.pt,ours-summary,10,33,12,55,0.4181946170376125,-83.8963623046875,0.7870430147301061,0.23793062218138314,0.6189653110906915,0.04934621934511896,0.04934621934511896,0.11923957709692198,0.732708496883007,125.50939178466797,110.54370498657227,150.86996459960938
050,summary_graphs/entmax/alpha_0.50/node_0.02/050_summary_graph.pt,pruned_graphs/entmax/alpha_0.50/node_0.02/050_prune_graph.pt,baseline-spectral-cosine,10,33,12,57,0.4291093198964547,-97.15890502929688,0.7556458133693369,0.058531810681094205,0.5292659053405471,0.10257282642357243,0.10257282642357243,0.09080124357628606,0.7174207027236849,119.04683685302734,108.23723602294922,150.86996459960938
050,summary_graphs/entmax/alpha_0.50/node_0.02/050_summary_graph.pt,pruned_graphs/entmax/alpha_0.50/node_0.02/050_prune_graph.pt,baseline-kmeans,10,33,12,57,0.4449115488927979,-65.56587982177734,0.8304379036387743,0.5688031831049809,0.7844015915524905,0.059385194146821405,0.059385194146821405,0.084156193304827,0.7561576515355785,124.56433868408203,114.08147811889648,150.86996459960938
050,summary_graphs/entmax/alpha_0.50/node_0.02/050_summary_graph.pt,pruned_graphs/entmax/alpha_0.50/node_0.02/050_prune_graph.pt,baseline-spectral-adj,10,33,12,57,0.4931179408064573,-40.00028610229492,0.8909608177792369,-0.2515696481471461,0.37421517592642695,0.09527506383367784,0.09527506383367784,0.1263389204573919,0.6966920774228732,120.30970764160156,105.10990905761719,150.86996459960938
050,summary_graphs/entmax/alpha_0.50/node_0.02/050_summary_graph.pt,pruned_graphs/entmax/alpha_0.50/node_0.02/050_prune_graph.pt,baseline-random-same-size,10,33,12,56,0.4477375563311452,-64.32589721679688,0.833373333572227,-0.6706776777468857,0.16466116112655715,0.06210177909006339,0.06210177909006339,0.20440480474954742,0.6244578208215009,118.41691589355469,94.21192932128906,150.86996459960938
051,summary_graphs/entmax/alpha_0.50/node_0.02/051_summary_graph.pt,pruned_graphs/entmax/alpha_0.50/node_0.02/051_prune_graph.pt,ours-summary,10,36,14,81,0.2040341809854376,-65.17545318603516,0.35861400721622816,-0.03184527517897613,0.4840773624105119,0.049454354754647066,0.049454354754647066,0.06171532748268211,0.6773256356871958,103.8012466430664,97.3951187133789,143.79364013671875
051,summary_graphs/entmax/alpha_0.50/node_0.02/051_summary_graph.pt,pruned_graphs/entmax/alpha_0.50/node_0.02/051_prune_graph.pt,baseline-spectral-cosine,10,36,14,76,0.2360979804825126,-61.60637664794922,0.37103780685302656,-0.09917066548285194,0.45041466725857404,0.10115815411199863,0.10115815411199863,0.21554097180641998,0.5497850622794116,100.77721405029297,79.05559539794922,143.79364013671875
051,summary_graphs/entmax/alpha_0.50/node_0.02/051_summary_graph.pt,pruned_graphs/entmax/alpha_0.50/node_0.02/051_prune_graph.pt,baseline-kmeans,10,36,14,72,0.23800084098860314,-54.701507568359375,0.39507335471750427,0.5341060691553557,0.7670530345776778,0.08092832725970203,0.08092832725970203,0.1020676447238852,0.6545532733566364,104.81925201416016,94.12059783935547,143.79364013671875
051,summary_graphs/entmax/alpha_0.50/node_0.02/051_summary_graph.pt,pruned_graphs/entmax/alpha_0.50/node_0.02/051_prune_graph.pt,baseline-spectral-adj,10,36,14,76,0.3531299956917807,-6.90714693069458,0.5614434262264694,-0.4534661876977189,0.2732669061511406,0.1448165651570921,0.1448165651570921,0.126582432048712,0.5462373430280804,89.92887115478516,78.54545593261719,143.79364013671875
051,summary_graphs/entmax/alpha_0.50/node_0.02/051_summary_graph.pt,pruned_graphs/entmax/alpha_0.50/node_0.02/051_prune_graph.pt,baseline-random-same-size,10,36,14,78,0.32256020561745546,-1.2655632495880127,0.581081488775966,-0.6671798415073957,0.16641007924630213,0.06403892245894496,0.06403892245894496,0.13936040819427808,0.5354794740047922,89.4666519165039,76.99854278564453,143.79364013671875
052,summary_graphs/entmax/alpha_0.50/node_0.02/052_summary_graph.pt,pruned_graphs/entmax/alpha_0.50/node_0.02/052_prune_graph.pt,ours-summary,14,33,16,112,0.31501331274677485,-88.4625015258789,0.5832204453387929,-0.06945067785578778,0.46527466107210613,0.046806180154756745,0.046806180154756745,0.07573674130372728,0.8252345510749114,179.40874099731445,165.82090759277344,200.9379119873047
052,summary_graphs/entmax/alpha_0.50/node_0.02/052_summary_graph.pt,pruned_graphs/entmax/alpha_0.50/node_0.02/052_prune_graph.pt,baseline-spectral-cosine,14,33,16,114,0.3403926441813473,-84.30338287353516,0.5930910953969221,-0.31664781640421347,0.34167609179789327,0.08769419296577247,0.08769419296577247,0.054039867961476466,0.7643454439997609,162.35988426208496,153.5859775543213,200.9379119873047
052,summary_graphs/entmax/alpha_0.50/node_0.02/052_summary_graph.pt,pruned_graphs/entmax/alpha_0.50/node_0.02/052_prune_graph.pt,baseline-kmeans,14,33,16,114,0.36494943794964363,-50.805850982666016,0.6725892788079492,0.4627556918153502,0.7313778459076751,0.0573095970913381,0.0573095970913381,0.07477880425690225,0.8071635971203464,175.29837036132812,162.1897678375244,200.9379119873047
052,summary_graphs/entmax/alpha_0.50/node_0.02/052_summary_graph.pt,pruned_graphs/entmax/alpha_0.50/node_0.02/052_prune_graph.pt,baseline-spectral-adj,14,33,16,112,0.41796319307434426,-19.092599868774414,0.7478529311816824,-0.4084566578945031,0.2957716710527485,0.08807345496700615,0.08807345496700615,0.08330459734087275,0.7384472741242527,161.8662567138672,148.38205337524414,200.9379119873047
052,summary_graphs/entmax/alpha_0.50/node_0.02/052_summary_graph.pt,pruned_graphs/entmax/alpha_0.50/node_0.02/052_prune_graph.pt,baseline-random-same-size,14,33,16,109,0.3708085705245617,-55.638240814208984,0.6611208387278633,-0.6285182576777905,0.18574087116110477,0.08049630232126,0.08049630232126,0.17272320658384066,0.6839400202769195,166.12273025512695,137.42947959899902,200.9379119873047
053,summary_graphs/entmax/alpha_0.50/node_0.02/053_summary_graph.pt,pruned_graphs/entmax/alpha_0.50/node_0.02/053_prune_graph.pt,ours-summary,9,34,12,58,0.37409304099591223,-69.6828384399414,0.6984180868438039,0.31143576573302484,0.6557178828665124,0.04976799514802052,0.04976799514802052,0.08807574112865649,0.7788855939087236,133.56912565231323,121.8049259185791,156.3835906982422
053,summary_graphs/entmax/alpha_0.50/node_0.02/053_summary_graph.pt,pruned_graphs/entmax/alpha_0.50/node_0.02/053_prune_graph.pt,baseline-spectral-cosine,9,34,12,62,0.3820389007931283,-70.41728973388672,0.6959624563467842,-0.05602522423399236,0.4719873878830038,0.06811534523947232,0.06811534523947232,0.061125436794694205,0.7684014576648578,127.98874711990356,120.1653790473938,156.3835906982422
053,summary_graphs/entmax/alpha_0.50/node_0.02/053_summary_graph.pt,pruned_graphs/entmax/alpha_0.50/node_0.02/053_prune_graph.pt,baseline-kmeans,9,34,12,58,0.39417187618522737,-60.061161041259766,0.7305880554720567,0.5576140455008921,0.778807022750446,0.05775569689839803,0.05775569689839803,0.08693967105904003,0.7725226533613108,132.31312608718872,120.80986642837524,156.3835906982422
053,summary_graphs/entmax/alpha_0.50/node_0.02/053_summary_graph.pt,pruned_graphs/entmax/alpha_0.50/node_0.02/053_prune_graph.pt,baseline-spectral-adj,9,34,12,58,0.4671534129605041,-32.02763748168945,0.8243178588767269,-0.35868617918679535,0.3206569104066023,0.10998896704428132,0.10998896704428132,0.10356721868334481,0.6956592288526753,121.35844469070435,108.78968811035156,156.3835906982422
053,summary_graphs/entmax/alpha_0.50/node_0.02/053_summary_graph.pt,pruned_graphs/entmax/alpha_0.50/node_0.02/053_prune_graph.pt,baseline-random-same-size,9,34,12,48,0.41958121077844046,-39.200077056884766,0.8003368284475811,-0.5032308462087027,0.24838457689564863,0.03882559310929976,0.03882559310929976,0.22516514116846356,0.63183090287552,127.5213475227356,98.80798530578613,156.3835906982422
054,summary_graphs/entmax/alpha_0.50/node_0.02/054_summary_graph.pt,pruned_graphs/entmax/alpha_0.50/node_0.02/054_prune_graph.pt,ours-summary,14,30,17,128,0.35868943030677103,-54.21432876586914,0.6679799576178732,0.019103640913287905,0.5095518204566439,0.04939890299566882,0.04939890299566882,0.0868571677546583,0.8049200331687629,131.67819213867188,120.24099731445312,149.38253784179688
054,summary_graphs/entmax/alpha_0.50/node_0.02/054_summary_graph.pt,pruned_graphs/entmax/alpha_0.50/node_0.02/054_prune_graph.pt,baseline-spectral-cosine,14,30,17,122,0.38467255119779076,-51.08293151855469,0.6773359019249757,-0.28220127734076855,0.35889936132961575,0.09200920047060583,0.09200920047060583,0.11628566018792656,0.7217893399485635,122.01083374023438,107.82272338867188,149.38253784179688
054,summary_graphs/entmax/alpha_0.50/node_0.02/054_summary_graph.pt,pruned_graphs/entmax/alpha_0.50/node_0.02/054_prune_graph.pt,baseline-kmeans,14,30,17,122,0.3710663438608368,-51.76011276245117,0.6753126254005181,0.3548468774293687,0.6774234387146844,0.06682006232115559,0.06682006232115559,0.07205495193543682,0.7941634744422179,127.84609985351562,118.6341552734375,149.38253784179688
054,summary_graphs/entmax/alpha_0.50/node_0.02/054_summary_graph.pt,pruned_graphs/entmax/alpha_0.50/node_0.02/054_prune_graph.pt,baseline-spectral-adj,14,30,17,128,0.4516272893612422,-19.258075714111328,0.7724214188666569,-0.29023576766034076,0.3548821161698296,0.1308331598558274,0.1308331598558274,0.11343863048700885,0.6817496420302731,114.87246704101562,101.84149169921875,149.38253784179688
054,summary_graphs/entmax/alpha_0.50/node_0.02/054_summary_graph.pt,pruned_graphs/entmax/alpha_0.50/node_0.02/054_prune_graph.pt,baseline-random-same-size,14,30,17,125,0.3991326518895972,-35.183570861816406,0.724839681093689,-0.5322363378332964,0.2338818310833518,0.07342562268550534,0.07342562268550534,0.15834741654499537,0.673023127632934,119.45297241210938,100.53790283203125,149.38253784179688
055,summary_graphs/entmax/alpha_0.50/node_0.02/055_summary_graph.pt,pruned_graphs/entmax/alpha_0.50/node_0.02/055_prune_graph.pt,ours-summary,11,36,13,71,0.3795125316437389,-98.81649780273438,0.7096061960481631,0.19235111047130832,0.5961755552356541,0.04941886723931465,0.04941886723931465,0.05827426613858452,0.8073257697325492,195.29993629455566,183.91897583007812,227.81259155273438
055,summary_graphs/entmax/alpha_0.50/node_0.02/055_summary_graph.pt,pruned_graphs/entmax/alpha_0.50/node_0.02/055_prune_graph.pt,baseline-spectral-cosine,11,36,13,71,0.3487113413459345,-159.7093505859375,0.5969611624680949,-0.5055836224279074,0.24720818878604628,0.10046152022377405,0.10046152022377405,0.03730234375715603,0.7541212193550055,178.45510292053223,171.79830932617188,227.81259155273438
055,summary_graphs/entmax/alpha_0.50/node_0.02/055_summary_graph.pt,pruned_graphs/entmax/alpha_0.50/node_0.02/055_prune_graph.pt,baseline-kmeans,11,36,13,68,0.3915538087496305,-87.45077514648438,0.730631534711071,0.48209978057618624,0.7410498902880931,0.05247608278819009,0.05247608278819009,0.15633745341201644,0.7385688314865057,199.43433570861816,168.25527954101562,227.81259155273438
055,summary_graphs/entmax/alpha_0.50/node_0.02/055_summary_graph.pt,pruned_graphs/entmax/alpha_0.50/node_0.02/055_prune_graph.pt,baseline-spectral-adj,11,36,13,65,0.4698294625071161,-44.25973129272461,0.8105302152868402,-0.5376664656146656,0.2311667671926672,0.12912870972739204,0.12912870972739204,0.09633388255664956,0.6389181952408873,161.0701198577881,145.55360984802246,227.81259155273438
055,summary_graphs/entmax/alpha_0.50/node_0.02/055_summary_graph.pt,pruned_graphs/entmax/alpha_0.50/node_0.02/055_prune_graph.pt,baseline-random-same-size,11,36,13,67,0.41104864308634154,-63.22696304321289,0.7754429337560019,-0.5905558039228476,0.20472209803857622,0.046654352416681116,0.046654352416681116,0.2381885892936561,0.6512873540029602,194.7614040374756,148.3714599609375,227.81259155273438
056,summary_graphs/entmax/alpha_0.50/node_0.02/056_summary_graph.pt,pruned_graphs/entmax/alpha_0.50/node_0.02/056_prune_graph.pt,ours-summary,14,32,18,139,0.3928114308700876,-74.91679382324219,0.7357621482971952,-0.041167397762577634,0.4794163011187112,0.04986071344297989,0.04986071344297989,0.050788283520011246,0.7986689916924254,129.66473293304443,123.07928371429443,154.10549926757812
056,summary_graphs/entmax/alpha_0.50/node_0.02/056_summary_graph.pt,pruned_graphs/entmax/alpha_0.50/node_0.02/056_prune_graph.pt,baseline-spectral-cosine,14,32,18,135,0.4260321456748316,-46.970401763916016,0.8039967619840717,-0.047890817327745666,0.47605459133612715,0.04806752936559158,0.04806752936559158,0.08308986141809004,0.7622516104329559,128.11197090148926,117.46716499328613,154.10549926757812
056,summary_graphs/entmax/alpha_0.50/node_0.02/056_summary_graph.pt,pruned_graphs/entmax/alpha_0.50/node_0.02/056_prune_graph.pt,baseline-kmeans,14,32,18,137,0.434959884578377,-68.44241333007812,0.7515700532406835,0.37288875920583375,0.6864443796029169,0.11834971591607049,0.11834971591607049,0.11626106256648898,0.6659169358395273,116.12191963195801,102.62146186828613,154.10549926757812
056,summary_graphs/entmax/alpha_0.50/node_0.02/056_summary_graph.pt,pruned_graphs/entmax/alpha_0.50/node_0.02/056_prune_graph.pt,baseline-spectral-adj,14,32,18,132,0.4750287634428029,-29.69231414794922,0.8461834390864647,-0.3075405662619517,0.34622971686902415,0.1038740877991412,0.1038740877991412,0.1573859830707646,0.6329815174240043,115.76585578918457,97.54593276977539,154.10549926757812
056,summary_graphs/entmax/alpha_0.50/node_0.02/056_summary_graph.pt,pruned_graphs/entmax/alpha_0.50/node_0.02/056_prune_graph.pt,baseline-random-same-size,14,32,18,126,0.4216564064080979,-68.19387817382812,0.7521770322022234,-0.517433497010568,0.24128325149471602,0.0911357806139723,0.0911357806139723,0.1587790622918977,0.6428602344304021,117.76727485656738,99.06829738616943,154.10549926757812
057,summary_graphs/entmax/alpha_0.50/node_0.02/057_summary_graph.pt,pruned_graphs/entmax/alpha_0.50/node_0.02/057_prune_graph.pt,ours-summary,9,34,12,61,0.387431077812445,-107.39431762695312,0.7307808663966358,0.07525846930271345,0.5376292346513567,0.04408128922825429,0.04408128922825429,0.047688236869577606,0.8319844428214327,181.22889709472656,172.58641052246094,207.43946838378906
057,summary_graphs/entmax/alpha_0.50/node_0.02/057_summary_graph.pt,pruned_graphs/entmax/alpha_0.50/node_0.02/057_prune_graph.pt,baseline-spectral-cosine,9,34,12,59,0.3929483220504477,-121.61817932128906,0.7025800896058736,-0.08831431529578573,0.45584284235210715,0.08331655449502182,0.08331655449502182,0.1062718568257624,0.756510030009372,175.59035110473633,156.93003845214844,207.43946838378906
057,summary_graphs/entmax/alpha_0.50/node_0.02/057_summary_graph.pt,pruned_graphs/entmax/alpha_0.50/node_0.02/057_prune_graph.pt,baseline-kmeans,9,34,12,62,0.38171802403125366,-132.67214965820312,0.6806641154421047,0.6672743789667159,0.833637189483358,0.08277193262040265,0.08277193262040265,0.10141643527282686,0.7645263580735892,176.49214553833008,158.5929412841797,207.43946838378906
057,summary_graphs/entmax/alpha_0.50/node_0.02/057_summary_graph.pt,pruned_graphs/entmax/alpha_0.50/node_0.02/057_prune_graph.pt,baseline-spectral-adj,9,34,12,55,0.46598373032922064,-46.255916595458984,0.8519960202058534,-0.5521264792056105,0.22393676039719473,0.07997144045258783,0.07997144045258783,0.12778221009512813,0.6508786882703937,154.79841232299805,135.01792907714844,207.43946838378906
057,summary_graphs/entmax/alpha_0.50/node_0.02/057_summary_graph.pt,pruned_graphs/entmax/alpha_0.50/node_0.02/057_prune_graph.pt,baseline-random-same-size,9,34,12,54,0.4156686172866875,-84.08878326416016,0.7769872227406851,-0.7537250891684636,0.1231374554157682,0.05435001183268994,0.05435001183268994,0.1726429654778799,0.6571919327993675,164.7747459411621,136.32754516601562,207.43946838378906
058,summary_graphs/entmax/alpha_0.50/node_0.02/058_summary_graph.pt,pruned_graphs/entmax/alpha_0.50/node_0.02/058_prune_graph.pt,ours-summary,14,37,18,132,0.31275275520599743,-111.22984313964844,0.5760592176478322,-0.05930104302879006,0.470349478485605,0.049446292764162736,0.049446292764162736,0.11569395221841022,0.7465163778907848,157.6779556274414,139.4355697631836,186.7816619873047
058,summary_graphs/entmax/alpha_0.50/node_0.02/058_summary_graph.pt,pruned_graphs/entmax/alpha_0.50/node_0.02/058_prune_graph.pt,baseline-spectral-cosine,14,37,18,121,0.39131740812651705,-74.87283325195312,0.6675459435616351,-0.2275595970068415,0.38622020149657926,0.11508887269139902,0.11508887269139902,0.17135440615976158,0.6056909883347849,136.52636337280273,113.1319694519043,186.7816619873047
058,summary_graphs/entmax/alpha_0.50/node_0.02/058_summary_graph.pt,pruned_graphs/entmax/alpha_0.50/node_0.02/058_prune_graph.pt,baseline-kmeans,14,37,18,134,0.38712569900050553,-61.063575744628906,0.702294812865303,0.38895445468374634,0.6944772273418731,0.071956585135708,0.071956585135708,0.1586303943225982,0.696450443320328,154.6100196838379,130.08417129516602,186.7816619873047
058,summary_graphs/entmax/alpha_0.50/node_0.02/058_summary_graph.pt,pruned_graphs/entmax/alpha_0.50/node_0.02/058_prune_graph.pt,baseline-spectral-adj,14,37,18,130,0.4558027521605432,-19.003591537475586,0.8081322592178936,-0.5934527326713265,0.20327363366433676,0.10347324510319289,0.10347324510319289,0.12622760791012544,0.6408102763165817,136.98259353637695,119.69160842895508,186.7816619873047
058,summary_graphs/entmax/alpha_0.50/node_0.02/058_summary_graph.pt,pruned_graphs/entmax/alpha_0.50/node_0.02/058_prune_graph.pt,baseline-random-same-size,14,37,18,137,0.3880218643336312,-52.35504913330078,0.7242085432846898,-0.4955589506644957,0.25222052466775213,0.05183518538257257,0.05183518538257257,0.08881105871582912,0.7315297833341489,149.95391464233398,136.63634872436523,186.7816619873047
059,summary_graphs/entmax/alpha_0.50/node_0.02/059_summary_graph.pt,pruned_graphs/entmax/alpha_0.50/node_0.02/059_prune_graph.pt,ours-summary,13,33,16,110,0.42396314072257274,-68.63739776611328,0.7980038147726392,0.18137369473012002,0.59068684736506,0.04992246667250633,0.04992246667250633,0.03572609071854044,0.8612941301855755,158.31668853759766,152.66065216064453,177.24566650390625
059,summary_graphs/entmax/alpha_0.50/node_0.02/059_summary_graph.pt,pruned_graphs/entmax/alpha_0.50/node_0.02/059_prune_graph.pt,baseline-spectral-cosine,13,33,16,108,0.4179057208109721,-91.22389221191406,0.7510197463936712,-0.2373480550480072,0.3813259724759964,0.08479169522827297,0.08479169522827297,0.056029486214745405,0.7399167284494143,138.93128204345703,131.14703369140625,177.24566650390625
059,summary_graphs/entmax/alpha_0.50/node_0.02/059_summary_graph.pt,pruned_graphs/entmax/alpha_0.50/node_0.02/059_prune_graph.pt,baseline-kmeans,13,33,16,115,0.4379703974250165,-82.75373077392578,0.7686392322817676,0.47616109452782146,0.7380805472639107,0.10730156256826538,0.10730156256826538,0.0862829516671025,0.7635924483977751,148.12403106689453,135.34345245361328,177.24566650390625
059,summary_graphs/entmax/alpha_0.50/node_0.02/059_summary_graph.pt,pruned_graphs/entmax/alpha_0.50/node_0.02/059_prune_graph.pt,baseline-spectral-adj,13,33,16,101,0.459411397664495,-68.62274169921875,0.7980342862308495,-0.49792542477782803,0.251037287611086,0.12078850909814051,0.12078850909814051,0.08643756491673231,0.7051350933008448,136.80744171142578,124.98213958740234,177.24566650390625
059,summary_graphs/entmax/alpha_0.50/node_0.02/059_summary_graph.pt,pruned_graphs/entmax/alpha_0.50/node_0.02/059_prune_graph.pt,baseline-random-same-size,13,33,16,112,0.44196958641538,-50.10990524291992,0.8365444325281293,-0.5629269112279137,0.21853654438604314,0.04739474030263071,0.04739474030263071,0.11955500599668695,0.7544927363805629,151.8897476196289,133.7305679321289,177.24566650390625
060,summary_graphs/entmax/alpha_0.50/node_0.02/060_summary_graph.pt,pruned_graphs/entmax/alpha_0.50/node_0.02/060_prune_graph.pt,ours-summary,13,35,15,92,0.2929674335542132,-70.177734375,0.5359736538960184,-0.0582806771436923,0.47085966142815383,0.04996121321240794,0.04996121321240794,0.27509993014563516,0.5965482153289215,104.89352416992188,76.03732299804688,127.462158203125
060,summary_graphs/entmax/alpha_0.50/node_0.02/060_summary_graph.pt,pruned_graphs/entmax/alpha_0.50/node_0.02/060_prune_graph.pt,baseline-spectral-cosine,13,35,15,93,0.3246861299656694,-61.025394439697266,0.5614699068662249,-0.09274440298967856,0.4536277985051607,0.08790235306511392,0.08790235306511392,0.24230551873398445,0.5749244615340414,96.71591186523438,73.28111267089844,127.462158203125
060,summary_graphs/entmax/alpha_0.50/node_0.02/060_summary_graph.pt,pruned_graphs/entmax/alpha_0.50/node_0.02/060_prune_graph.pt,baseline-kmeans,13,35,15,94,0.32681962845837165,-49.960750579833984,0.5922934032722218,0.4225154966778703,0.7112577483389352,0.061345853644521484,0.061345853644521484,0.2807876174417667,0.5787410096057155,102.56716918945312,73.767578125,127.462158203125
060,summary_graphs/entmax/alpha_0.50/node_0.02/060_summary_graph.pt,pruned_graphs/entmax/alpha_0.50/node_0.02/060_prune_graph.pt,baseline-spectral-adj,13,35,15,88,0.4396362778248966,-15.728935241699219,0.6876552902619733,-0.6187958742157971,0.19060206289210146,0.19161726538781998,0.19161726538781998,0.2886595862710712,0.38069591158527827,68.21533203125,48.524322509765625,127.462158203125
060,summary_graphs/entmax/alpha_0.50/node_0.02/060_summary_graph.pt,pruned_graphs/entmax/alpha_0.50/node_0.02/060_prune_graph.pt,baseline-random-same-size,13,35,15,87,0.36829748708280535,-21.43057632446289,0.6717718371285382,-0.5751011457844342,0.21244942710778292,0.0648231370370725,0.0648231370370725,0.22163169175456524,0.5849479730312114,95.78849792480469,74.55873107910156,127.462158203125
061,summary_graphs/entmax/alpha_0.50/node_0.02/061_summary_graph.pt,pruned_graphs/entmax/alpha_0.50/node_0.02/061_prune_graph.pt,ours-summary,15,37,19,160,0.3268148226313261,-150.84426879882812,0.6038856119793129,-0.28286947074892843,0.3585652646255358,0.04974403328333935,0.04974403328333935,0.035939631061554705,0.8399669216636504,183.5472332239151,176.95061337947845,210.66378784179688
061,summary_graphs/entmax/alpha_0.50/node_0.02/061_summary_graph.pt,pruned_graphs/entmax/alpha_0.50/node_0.02/061_prune_graph.pt,baseline-spectral-cosine,15,37,19,155,0.3773045950108974,-156.00930786132812,0.5948317338940439,-0.29921312986129134,0.35039343506935433,0.159777456127751,0.159777456127751,0.06654543119758492,0.6526193530059476,147.28436660766602,137.4832649230957,210.66378784179688
061,summary_graphs/entmax/alpha_0.50/node_0.02/061_summary_graph.pt,pruned_graphs/entmax/alpha_0.50/node_0.02/061_prune_graph.pt,baseline-kmeans,15,37,19,158,0.3849975225258144,-96.8298568725586,0.6985683095222888,0.38603511178191724,0.6930175558909586,0.07142673552933998,0.07142673552933998,0.12334819989677762,0.7242959939219091,174.05192983150482,152.58293759822845,210.66378784179688
061,summary_graphs/entmax/alpha_0.50/node_0.02/061_summary_graph.pt,pruned_graphs/entmax/alpha_0.50/node_0.02/061_prune_graph.pt,baseline-spectral-adj,15,37,19,153,0.4429502200427256,-45.462890625,0.788610284706506,-0.514019918380442,0.24299004080977898,0.09729015537894528,0.09729015537894528,0.12781874118503725,0.6653982973883139,160.71811258792877,140.17532575130463,210.66378784179688
061,summary_graphs/entmax/alpha_0.50/node_0.02/061_summary_graph.pt,pruned_graphs/entmax/alpha_0.50/node_0.02/061_prune_graph.pt,baseline-random-same-size,15,37,19,154,0.3794836230470271,-103.00686645507812,0.6877405992887553,-0.6346102742413078,0.1826948628793461,0.0712266468052989,0.0712266468052989,0.1868808368207017,0.6787306394149542,175.8462644815445,142.98396742343903,210.66378784179688
062,summary_graphs/entmax/alpha_0.50/node_0.02/062_summary_graph.pt,pruned_graphs/entmax/alpha_0.50/node_0.02/062_prune_graph.pt,ours-summary,14,33,19,155,0.34169087489633554,-99.68145751953125,0.6400918642321628,0.04824093816911608,0.524120469084558,0.04328988556050822,0.04328988556050822,0.05224393177448052,0.6546726323791958,119.27493238449097,113.04354095458984,172.67185974121094
062,summary_graphs/entmax/alpha_0.50/node_0.02/062_summary_graph.pt,pruned_graphs/entmax/alpha_0.50/node_0.02/062_prune_graph.pt,baseline-spectral-cosine,14,33,19,149,0.38863543131991785,-73.70477294921875,0.708807029975836,-0.09690939900795202,0.451545300496024,0.06846383266399975,0.06846383266399975,0.05480854003451125,0.7216007054650655,131.82528734207153,124.60013580322266,172.67185974121094
062,summary_graphs/entmax/alpha_0.50/node_0.02/062_summary_graph.pt,pruned_graphs/entmax/alpha_0.50/node_0.02/062_prune_graph.pt,baseline-kmeans,14,33,19,153,0.3961275860275356,-58.36579895019531,0.7493827402675184,0.44121265814310995,0.720606329071555,0.04287243178755284,0.04287243178755284,0.0668942074324809,0.7899999822157976,146.19003248214722,136.41076612472534,172.67185974121094
062,summary_graphs/entmax/alpha_0.50/node_0.02/062_summary_graph.pt,pruned_graphs/entmax/alpha_0.50/node_0.02/062_prune_graph.pt,baseline-spectral-adj,14,33,19,156,0.4835269124415157,-32.586551666259766,0.8175756822793722,-0.4306102847361164,0.2846948576319418,0.1494781426036592,0.1494781426036592,0.0531578373424596,0.6389752570270133,116.52739000320435,110.33304595947266,172.67185974121094
062,summary_graphs/entmax/alpha_0.50/node_0.02/062_summary_graph.pt,pruned_graphs/entmax/alpha_0.50/node_0.02/062_prune_graph.pt,baseline-random-same-size,14,33,19,153,0.4059406299465373,-63.542022705078125,0.7356902907314531,-0.5461286728941601,0.22693566355291994,0.07619096916162152,0.07619096916162152,0.07748336806231004,0.7295893222279201,136.5607304573059,125.97954511642456,172.67185974121094
063,summary_graphs/entmax/alpha_0.50/node_0.02/063_summary_graph.pt,pruned_graphs/entmax/alpha_0.50/node_0.02/063_prune_graph.pt,ours-summary,12,33,17,123,0.39826087618555317,-80.94683074951172,0.7498531926067491,0.12802078306846676,0.5640103915342334,0.0466685597643572,0.0466685597643572,0.08230108677710596,0.7383298862015472,203.99455785751343,187.20558404922485,253.55276489257812
063,summary_graphs/entmax/alpha_0.50/node_0.02/063_summary_graph.pt,pruned_graphs/entmax/alpha_0.50/node_0.02/063_prune_graph.pt,baseline-spectral-cosine,12,33,17,123,0.4368416726708526,-69.03291320800781,0.7821557009797557,-0.061420500126314344,0.4692897499368428,0.09152764436194946,0.09152764436194946,0.09995244981154648,0.6555104205620638,184.66410970687866,166.20647954940796,253.55276489257812
063,summary_graphs/entmax/alpha_0.50/node_0.02/063_summary_graph.pt,pruned_graphs/entmax/alpha_0.50/node_0.02/063_prune_graph.pt,baseline-kmeans,12,33,17,123,0.43525842579141283,-53.8123664855957,0.8234237825742996,0.4337658276056247,0.7168829138028123,0.04709306900852611,0.04709306900852611,0.06344484464342677,0.8153178935138908,220.73030614852905,206.7261061668396,253.55276489257812
063,summary_graphs/entmax/alpha_0.50/node_0.02/063_summary_graph.pt,pruned_graphs/entmax/alpha_0.50/node_0.02/063_prune_graph.pt,baseline-spectral-adj,12,33,17,110,0.49005216063300877,-41.47407150268555,0.8568770027511338,-0.48893093092681683,0.2555345345365916,0.12322731851488376,0.12322731851488376,0.17038391843347953,0.6033966499725519,184.4140830039978,152.99288892745972,253.55276489257812
063,summary_graphs/entmax/alpha_0.50/node_0.02/063_summary_graph.pt,pruned_graphs/entmax/alpha_0.50/node_0.02/063_prune_graph.pt,baseline-random-same-size,12,33,17,120,0.44589601438516285,-49.04766845703125,0.8363424194636195,-0.619222471720602,0.19038876413969902,0.055449609306706206,0.055449609306706206,0.1658576143210417,0.6747735835237928,205.10971593856812,171.09070777893066,253.55276489257812
064,summary_graphs/entmax/alpha_0.50/node_0.02/064_summary_graph.pt,pruned_graphs/entmax/alpha_0.50/node_0.02/064_prune_graph.pt,ours-summary,14,36,16,113,0.39053198530069155,-106.56470489501953,0.732055924732683,0.013658929241497794,0.5068294646207488,0.04900804586870009,0.04900804586870009,0.016776352786975767,0.8150860024365486,200.8294916152954,197.46030521392822,242.25701904296875
064,summary_graphs/entmax/alpha_0.50/node_0.02/064_summary_graph.pt,pruned_graphs/entmax/alpha_0.50/node_0.02/064_prune_graph.pt,baseline-spectral-cosine,14,36,16,108,0.40309398202227203,-127.3548583984375,0.6914192469414913,0.014249536396738057,0.507124768198369,0.11476871710305282,0.11476871710305282,0.06869759660406606,0.7328437248922247,190.6325330734253,177.53653621673584,242.25701904296875
064,summary_graphs/entmax/alpha_0.50/node_0.02/064_summary_graph.pt,pruned_graphs/entmax/alpha_0.50/node_0.02/064_prune_graph.pt,baseline-kmeans,14,36,16,109,0.4192020375981566,-96.7977523803711,0.751146487799399,0.42071020052063646,0.7103551002603182,0.08725758739691429,0.08725758739691429,0.06003659824289883,0.7467545031491717,192.46123790740967,180.90651988983154,242.25701904296875
064,summary_graphs/entmax/alpha_0.50/node_0.02/064_summary_graph.pt,pruned_graphs/entmax/alpha_0.50/node_0.02/064_prune_graph.pt,baseline-spectral-adj,14,36,16,109,0.4847291409489837,-38.47103500366211,0.8651525390527021,-0.4581836230520999,0.27090818847395004,0.10430574284526539,0.10430574284526539,0.14914531501363226,0.6575062666298661,187.20647716522217,159.28550815582275,242.25701904296875
064,summary_graphs/entmax/alpha_0.50/node_0.02/064_summary_graph.pt,pruned_graphs/entmax/alpha_0.50/node_0.02/064_prune_graph.pt,baseline-random-same-size,14,36,16,101,0.4319140935174128,-87.94261932373047,0.7684548283419311,-0.6630644466257262,0.16846777668713692,0.09537335869289444,0.09537335869289444,0.20946905649945252,0.6415506651757472,196.6022367477417,155.42015171051025,242.25701904296875
065,summary_graphs/entmax/alpha_0.50/node_0.02/065_summary_graph.pt,pruned_graphs/entmax/alpha_0.50/node_0.02/065_prune_graph.pt,ours-summary,12,36,16,108,0.3125774525086945,-114.86369323730469,0.5753142921781307,0.08013374248886918,0.5400668712444345,0.04984061283925828,0.04984061283925828,0.05161302681917947,0.8038506461390739,117.8840103149414,111.7996597290039,139.08013916015625
065,summary_graphs/entmax/alpha_0.50/node_0.02/065_summary_graph.pt,pruned_graphs/entmax/alpha_0.50/node_0.02/065_prune_graph.pt,baseline-spectral-cosine,12,36,16,110,0.35843500592728383,-93.66078186035156,0.6284165146653123,-0.06601481881832191,0.46699259059083903,0.08845349718925538,0.08845349718925538,0.08159465787119159,0.7272219355076538,110.12798309326172,101.14212799072266,139.08013916015625
065,summary_graphs/entmax/alpha_0.50/node_0.02/065_summary_graph.pt,pruned_graphs/entmax/alpha_0.50/node_0.02/065_prune_graph.pt,baseline-kmeans,12,36,16,108,0.36704455420024784,-69.1691665649414,0.6897552806856436,0.3644124810161169,0.6822062405080584,0.04433382771485203,0.04433382771485203,0.07857620666513342,0.7883351457789983,118.9916763305664,109.64176177978516,139.08013916015625
065,summary_graphs/entmax/alpha_0.50/node_0.02/065_summary_graph.pt,pruned_graphs/entmax/alpha_0.50/node_0.02/065_prune_graph.pt,baseline-spectral-adj,12,36,16,95,0.4343966745357928,-28.061538696289062,0.7927083679659487,-0.3106264056462341,0.34468679717688294,0.0760849811056369,0.0760849811056369,0.1529784477900137,0.6781044385609445,111.34410858154297,94.31085968017578,139.08013916015625
065,summary_graphs/entmax/alpha_0.50/node_0.02/065_summary_graph.pt,pruned_graphs/entmax/alpha_0.50/node_0.02/065_prune_graph.pt,baseline-random-same-size,12,36,16,105,0.3994240754509768,-52.05341720581055,0.7326213058702904,-0.6713777349313489,0.16431113253432555,0.06622684503166322,0.06622684503166322,0.14981104194768,0.685015813917564,112.05990600585938,95.2720947265625,139.08013916015625
066,summary_graphs/entmax/alpha_0.50/node_0.02/066_summary_graph.pt,pruned_graphs/entmax/alpha_0.50/node_0.02/066_prune_graph.pt,ours-summary,10,37,15,97,0.29522567412233996,-72.09429168701172,0.5449196431966882,0.16578107754512275,0.5828905387725614,0.04553170504799174,0.04553170504799174,0.07932149495526963,0.6780911310998989,102.43822479248047,94.31267166137695,139.08554077148438
066,summary_graphs/entmax/alpha_0.50/node_0.02/066_summary_graph.pt,pruned_graphs/entmax/alpha_0.50/node_0.02/066_prune_graph.pt,baseline-spectral-cosine,10,37,15,89,0.3132504998374982,-61.41939926147461,0.584510008891561,0.1194630947302651,0.5597315473651325,0.04199099078343542,0.04199099078343542,0.14017546495207764,0.6279143093171667,101.5716552734375,87.33380126953125,139.08554077148438
066,summary_graphs/entmax/alpha_0.50/node_0.02/066_summary_graph.pt,pruned_graphs/entmax/alpha_0.50/node_0.02/066_prune_graph.pt,baseline-kmeans,10,37,15,92,0.33485460561712016,-59.92304992675781,0.5900596513276676,0.43306097176616615,0.7165304858830831,0.07964955990657271,0.07964955990657271,0.11106878558261955,0.681057524264655,106.56083679199219,94.72525405883789,139.08554077148438
066,summary_graphs/entmax/alpha_0.50/node_0.02/066_summary_graph.pt,pruned_graphs/entmax/alpha_0.50/node_0.02/066_prune_graph.pt,baseline-spectral-adj,10,37,15,83,0.4357522660060482,-14.931268692016602,0.7569224808903875,-0.34061189901674355,0.32969405049162825,0.1145820511217089,0.1145820511217089,0.12606424387094797,0.5756523783037176,91.61419677734375,80.06492233276367,139.08554077148438
066,summary_graphs/entmax/alpha_0.50/node_0.02/066_summary_graph.pt,pruned_graphs/entmax/alpha_0.50/node_0.02/066_prune_graph.pt,baseline-random-same-size,10,37,15,85,0.36978812154861296,-31.03012466430664,0.6972159205119801,-0.4186465770670781,0.29067671146646096,0.042360322585245816,0.042360322585245816,0.1604924019580637,0.6015510509472732,99.66205596923828,83.66705322265625,139.08554077148438
067,summary_graphs/entmax/alpha_0.50/node_0.02/067_summary_graph.pt,pruned_graphs/entmax/alpha_0.50/node_0.02/067_prune_graph.pt,ours-summary,15,36,19,153,0.3728692388235812,-78.86183166503906,0.6957673928991611,-0.06889495866331652,0.46555252066834174,0.0499710847480013,0.0499710847480013,0.1109481150889637,0.6892651516458866,201.53963947296143,179.17919635772705,259.95684814453125
067,summary_graphs/entmax/alpha_0.50/node_0.02/067_summary_graph.pt,pruned_graphs/entmax/alpha_0.50/node_0.02/067_prune_graph.pt,baseline-spectral-cosine,15,36,19,149,0.38542329469696535,-106.54131317138672,0.6397723802157183,-0.23936788199971984,0.3803160590001401,0.13107420917821241,0.13107420917821241,0.1705104396851208,0.5712100950181644,179.01367664337158,148.48997592926025,259.95684814453125
067,summary_graphs/entmax/alpha_0.50/node_0.02/067_summary_graph.pt,pruned_graphs/entmax/alpha_0.50/node_0.02/067_prune_graph.pt,baseline-kmeans,15,36,19,156,0.393906803603189,-65.06664276123047,0.7236747331704767,0.3699721790908945,0.6849860895454473,0.06413887403590131,0.06413887403590131,0.061705376237822705,0.6809551563956796,188.66031169891357,177.0189561843872,259.95684814453125
067,summary_graphs/entmax/alpha_0.50/node_0.02/067_summary_graph.pt,pruned_graphs/entmax/alpha_0.50/node_0.02/067_prune_graph.pt,baseline-spectral-adj,15,36,19,147,0.46366230589932134,-28.96371078491211,0.7967102379822457,-0.43821310713552175,0.2808934464322391,0.13061437381639693,0.13061437381639693,0.16119781790402196,0.5835013252697204,180.83544445037842,151.68516540527344,259.95684814453125
067,summary_graphs/entmax/alpha_0.50/node_0.02/067_summary_graph.pt,pruned_graphs/entmax/alpha_0.50/node_0.02/067_prune_graph.pt,baseline-random-same-size,15,36,19,152,0.41641606003214426,-62.148780822753906,0.7295775393941766,-0.5524771827099794,0.22376140864501032,0.10325458067011194,0.10325458067011194,0.08797570614875726,0.6493587023755774,185.0885362625122,168.80524158477783,259.95684814453125
068,summary_graphs/entmax/alpha_0.50/node_0.02/068_summary_graph.pt,pruned_graphs/entmax/alpha_0.50/node_0.02/068_prune_graph.pt,ours-summary,9,25,14,80,0.3434023894696399,-39.343116760253906,0.6374133820893523,0.3108702861849016,0.6554351430924508,0.04939139684992756,0.04939139684992756,0.02118965386765226,0.7051444022939132,93.45674896240234,91.47643280029297,129.72723388671875
068,summary_graphs/entmax/alpha_0.50/node_0.02/068_summary_graph.pt,pruned_graphs/entmax/alpha_0.50/node_0.02/068_prune_graph.pt,baseline-spectral-cosine,9,25,14,80,0.3940812108402108,-25.38515281677246,0.7370546833173482,0.011891553010999195,0.5059457765054995,0.05110773836307339,0.05110773836307339,0.0789265543997447,0.7446684844769416,104.8817367553711,96.6037826538086,129.72723388671875
068,summary_graphs/entmax/alpha_0.50/node_0.02/068_summary_graph.pt,pruned_graphs/entmax/alpha_0.50/node_0.02/068_prune_graph.pt,baseline-kmeans,9,25,14,82,0.3929317602050555,-25.39004898071289,0.7370197720035228,0.43005287649647067,0.7150264382482353,0.04884374840658827,0.04884374840658827,0.06444367695057433,0.778863697634055,107.9997329711914,101.03983306884766,129.72723388671875
068,summary_graphs/entmax/alpha_0.50/node_0.02/068_summary_graph.pt,pruned_graphs/entmax/alpha_0.50/node_0.02/068_prune_graph.pt,baseline-spectral-adj,9,25,14,73,0.47779300737083574,-13.479898452758789,0.8220426005170796,-0.49149437421341874,0.2542528128932906,0.13354341422459196,0.13354341422459196,0.16278510135325072,0.5718822146452682,88.61368560791016,74.1886978149414,129.72723388671875
068,summary_graphs/entmax/alpha_0.50/node_0.02/068_summary_graph.pt,pruned_graphs/entmax/alpha_0.50/node_0.02/068_prune_graph.pt,baseline-random-same-size,9,25,14,80,0.41168907721484355,-20.923080444335938,0.768908071049153,-0.4096420938246353,0.2951789530876824,0.0544700833805341,0.0544700833805341,0.1150038756828718,0.717055286148681,105.10961151123047,93.02159881591797,129.72723388671875
069,summary_graphs/entmax/alpha_0.50/node_0.02/069_summary_graph.pt,pruned_graphs/entmax/alpha_0.50/node_0.02/069_prune_graph.pt,ours-summary,13,35,16,113,0.39598168032133535,-87.51481628417969,0.7420420207087883,0.0868473398577029,0.5434236699288515,0.04992133993388233,0.04992133993388233,0.10134998385699029,0.7497958551328471,141.09857940673828,126.7982406616211,169.1103515625
069,summary_graphs/entmax/alpha_0.50/node_0.02/069_summary_graph.pt,pruned_graphs/entmax/alpha_0.50/node_0.02/069_prune_graph.pt,baseline-spectral-cosine,13,35,16,104,0.39440338283694804,-112.27423095703125,0.6784263303052842,-0.173790634567113,0.4131046827164435,0.11038043536861189,0.11038043536861189,0.11598714927269359,0.6549238929889298,125.28597259521484,110.75440979003906,169.1103515625
069,summary_graphs/entmax/alpha_0.50/node_0.02/069_summary_graph.pt,pruned_graphs/entmax/alpha_0.50/node_0.02/069_prune_graph.pt,baseline-kmeans,13,35,16,102,0.42813719393634264,-66.44541931152344,0.7961765724755058,0.4154377604247985,0.7077188802123993,0.06009781539717953,0.06009781539717953,0.11937266060347258,0.7336020466278607,140.87650299072266,124.05970001220703,169.1103515625
069,summary_graphs/entmax/alpha_0.50/node_0.02/069_summary_graph.pt,pruned_graphs/entmax/alpha_0.50/node_0.02/069_prune_graph.pt,baseline-spectral-adj,13,35,16,99,0.495553972611607,-22.378368377685547,0.9094001878397224,-0.47569793429953183,0.2621510328502341,0.08170775738349159,0.08170775738349159,0.13701812864213617,0.6474949597647385,126.88343048095703,109.49810028076172,169.1103515625
069,summary_graphs/entmax/alpha_0.50/node_0.02/069_summary_graph.pt,pruned_graphs/entmax/alpha_0.50/node_0.02/069_prune_graph.pt,baseline-random-same-size,13,35,16,102,0.4325148155200749,-77.69901275634766,0.7672621458735872,-0.5380368600011438,0.2309815699994281,0.0977674851665626,0.0977674851665626,0.16215052491051854,0.6516481912178277,131.52774810791016,110.20045471191406,169.1103515625
070,summary_graphs/entmax/alpha_0.50/node_0.02/070_summary_graph.pt,pruned_graphs/entmax/alpha_0.50/node_0.02/070_prune_graph.pt,ours-summary,10,32,14,83,0.314932053200234,-79.14070129394531,0.5838058566058294,-0.011845803068571848,0.49407709846571407,0.04605824979463859,0.04605824979463859,0.059085653038070146,0.776426754292582,133.17920684814453,125.31022644042969,161.39349365234375
070,summary_graphs/entmax/alpha_0.50/node_0.02/070_summary_graph.pt,pruned_graphs/entmax/alpha_0.50/node_0.02/070_prune_graph.pt,baseline-spectral-cosine,10,32,14,77,0.3405417466374586,-59.969669342041016,0.6508600418124656,-0.11353132435164794,0.44323433782417604,0.03022345146245168,0.03022345146245168,0.06687342994058063,0.7902236098342417,136.67700958251953,127.53694915771484,161.39349365234375
070,summary_graphs/entmax/alpha_0.50/node_0.02/070_summary_graph.pt,pruned_graphs/entmax/alpha_0.50/node_0.02/070_prune_graph.pt,baseline-kmeans,10,32,14,82,0.3820374034940234,-55.03804016113281,0.6681092315972101,0.5409371824451616,0.7704685912225808,0.09596557539083667,0.09596557539083667,0.0475966166504244,0.7564993811148706,128.19576263427734,122.09407806396484,161.39349365234375
070,summary_graphs/entmax/alpha_0.50/node_0.02/070_summary_graph.pt,pruned_graphs/entmax/alpha_0.50/node_0.02/070_prune_graph.pt,baseline-spectral-adj,10,32,14,78,0.45227363883526034,-20.206941604614258,0.7899372450098191,-0.4359794967139847,0.28201025164300764,0.11461003266070154,0.11461003266070154,0.11556825876993618,0.6422820316071991,117.20536041259766,103.66014099121094,161.39349365234375
070,summary_graphs/entmax/alpha_0.50/node_0.02/070_summary_graph.pt,pruned_graphs/entmax/alpha_0.50/node_0.02/070_prune_graph.pt,baseline-random-same-size,10,32,14,82,0.405363071469393,-25.929494857788086,0.7699216565985284,-0.6440295253970157,0.17798523730149213,0.040804486340257566,0.040804486340257566,0.1350227744766419,0.6975473580431053,130.15325927734375,112.57960510253906,161.39349365234375
071,summary_graphs/entmax/alpha_0.50/node_0.02/071_summary_graph.pt,pruned_graphs/entmax/alpha_0.50/node_0.02/071_prune_graph.pt,ours-summary,14,32,16,111,0.3950814883605737,-89.44205474853516,0.740901449727425,-0.11473846470405802,0.442630767647971,0.049261526993722465,0.049261526993722465,0.10423518431848648,0.7850443731334596,125.22116422653198,112.16871309280396,142.8820037841797
071,summary_graphs/entmax/alpha_0.50/node_0.02/071_summary_graph.pt,pruned_graphs/entmax/alpha_0.50/node_0.02/071_prune_graph.pt,baseline-spectral-cosine,14,32,16,110,0.40293865907364934,-111.29283905029297,0.6906677072526782,-0.33600318088307884,0.3319984095584606,0.1152096108946205,0.1152096108946205,0.07602984020269754,0.7604680874666205,117.59817457199097,108.65720415115356,142.8820037841797
071,summary_graphs/entmax/alpha_0.50/node_0.02/071_summary_graph.pt,pruned_graphs/entmax/alpha_0.50/node_0.02/071_prune_graph.pt,baseline-kmeans,14,32,16,108,0.43508832792493113,-59.86154556274414,0.8089052750316115,0.4277504449294246,0.7138752224647122,0.061271380818250766,0.061271380818250766,0.09633945799026608,0.7593721249338551,120.0678858757019,108.50061082839966,142.8820037841797
071,summary_graphs/entmax/alpha_0.50/node_0.02/071_summary_graph.pt,pruned_graphs/entmax/alpha_0.50/node_0.02/071_prune_graph.pt,baseline-spectral-adj,14,32,16,107,0.49174391048905547,-52.32222366333008,0.8262377813404098,-0.5122487023907327,0.24387564880463364,0.1572500396377011,0.1572500396377011,0.04868143125326888,0.7064986139611477,106.11160230636597,100.9459376335144,142.8820037841797
071,summary_graphs/entmax/alpha_0.50/node_0.02/071_summary_graph.pt,pruned_graphs/entmax/alpha_0.50/node_0.02/071_prune_graph.pt,baseline-random-same-size,14,32,16,106,0.4240282118656128,-81.52752685546875,0.7590964104483199,-0.5690720626309334,0.21546396868453332,0.08896001328290576,0.08896001328290576,0.08820027347665202,0.7518738189368442,117.82109022140503,107.42923784255981,142.8820037841797
072,summary_graphs/entmax/alpha_0.50/node_0.02/072_summary_graph.pt,pruned_graphs/entmax/alpha_0.50/node_0.02/072_prune_graph.pt,ours-summary,13,35,17,124,0.36791644286061465,-91.79783630371094,0.6858987080184409,-0.01821011382901935,0.4908949430854903,0.04993417770278838,0.04993417770278838,0.09286834475314758,0.8073239593376517,158.77950930595398,144.03391909599304,178.40907287597656
072,summary_graphs/entmax/alpha_0.50/node_0.02/072_summary_graph.pt,pruned_graphs/entmax/alpha_0.50/node_0.02/072_prune_graph.pt,baseline-spectral-cosine,13,35,17,124,0.38455827760816935,-108.27342987060547,0.6451927537079852,-0.21535387034404255,0.39232306482797874,0.12392380150835351,0.12392380150835351,0.08629437085444608,0.6670758059078958,130.25242733955383,119.01237607002258,178.40907287597656
072,summary_graphs/entmax/alpha_0.50/node_0.02/072_summary_graph.pt,pruned_graphs/entmax/alpha_0.50/node_0.02/072_prune_graph.pt,baseline-kmeans,13,35,17,122,0.41309862450917295,-71.67869567871094,0.7356067318880399,0.3913956790628725,0.6956978395314363,0.09059051713030598,0.09059051713030598,0.07576255974292512,0.7756764459747026,149.731778383255,138.38771557807922,178.40907287597656
072,summary_graphs/entmax/alpha_0.50/node_0.02/072_summary_graph.pt,pruned_graphs/entmax/alpha_0.50/node_0.02/072_prune_graph.pt,baseline-spectral-adj,13,35,17,123,0.4522578352757613,-38.016563415527344,0.8187752172856142,-0.3824628945021395,0.3087685527489302,0.08574045326590839,0.08574045326590839,0.12002078134829511,0.6834365183373692,138.56153988838196,121.9312756061554,178.40907287597656
072,summary_graphs/entmax/alpha_0.50/node_0.02/072_summary_graph.pt,pruned_graphs/entmax/alpha_0.50/node_0.02/072_prune_graph.pt,baseline-random-same-size,13,35,17,124,0.43850450597071,-45.172245025634766,0.8010957474208926,-0.6437086745417891,0.17814566272910543,0.07591326452052743,0.07591326452052743,0.05991975402052347,0.7546186239209381,143.21203923225403,134.6308090686798,178.40907287597656
073,summary_graphs/entmax/alpha_0.50/node_0.02/073_summary_graph.pt,pruned_graphs/entmax/alpha_0.50/node_0.02/073_prune_graph.pt,ours-summary,17,34,22,193,0.37471213483400534,-76.31884002685547,0.6994820887769422,-0.08466556361140345,0.4576672181942983,0.04994218089106845,0.04994218089106845,0.05351858612673862,0.7475234399947206,167.6407012939453,158.66880798339844,212.25930786132812
073,summary_graphs/entmax/alpha_0.50/node_0.02/073_summary_graph.pt,pruned_graphs/entmax/alpha_0.50/node_0.02/073_prune_graph.pt,baseline-spectral-cosine,17,34,22,204,0.4192703641885883,-39.43395233154297,0.8107598075185467,-0.13936436920102077,0.4303178153994896,0.027780920858629942,0.027780920858629942,0.06364907529321037,0.80825392042026,183.22128295898438,171.55941772460938,212.25930786132812
073,summary_graphs/entmax/alpha_0.50/node_0.02/073_summary_graph.pt,pruned_graphs/entmax/alpha_0.50/node_0.02/073_prune_graph.pt,baseline-kmeans,17,34,22,190,0.4292358471981939,-40.26033020019531,0.8082666928385859,0.2994354233192936,0.6497177116596469,0.05020500155780193,0.05020500155780193,0.12413187966734782,0.7298509786691124,176.87327575683594,154.91766357421875,212.25930786132812
073,summary_graphs/entmax/alpha_0.50/node_0.02/073_summary_graph.pt,pruned_graphs/entmax/alpha_0.50/node_0.02/073_prune_graph.pt,baseline-spectral-adj,17,34,22,206,0.46908917785072335,-22.51408576965332,0.8618050853683934,-0.4170330422052726,0.2914834788973637,0.07637327033305331,0.07637327033305331,0.09483350803385616,0.7053279988981085,165.39767456054688,149.71243286132812,212.25930786132812
073,summary_graphs/entmax/alpha_0.50/node_0.02/073_summary_graph.pt,pruned_graphs/entmax/alpha_0.50/node_0.02/073_prune_graph.pt,baseline-random-same-size,17,34,22,205,0.40536680844154466,-47.736000061035156,0.7857133913375244,-0.4808293343909759,0.259585332804512,0.02502022554556495,0.02502022554556495,0.06165001954999467,0.8065348748503482,182.4420928955078,171.1945343017578,212.25930786132812
074,summary_graphs/entmax/alpha_0.50/node_0.02/074_summary_graph.pt,pruned_graphs/entmax/alpha_0.50/node_0.02/074_prune_graph.pt,ours-summary,13,37,16,110,0.3631048110691518,-113.52190399169922,0.6763078132373646,0.27943627099292295,0.6397181354964615,0.04990180890093912,0.04990180890093912,0.1089257211300559,0.813757824924159,264.57269287109375,235.75392150878906,289.7101745605469
074,summary_graphs/entmax/alpha_0.50/node_0.02/074_summary_graph.pt,pruned_graphs/entmax/alpha_0.50/node_0.02/074_prune_graph.pt,baseline-spectral-cosine,13,37,16,108,0.39363398014516265,-77.74474334716797,0.7365217068840796,-0.4962293506918598,0.2518853246540701,0.050746253406245695,0.050746253406245695,0.06547567639507572,0.8132610494876187,252.11756896972656,235.61000061035156,289.7101745605469
074,summary_graphs/entmax/alpha_0.50/node_0.02/074_summary_graph.pt,pruned_graphs/entmax/alpha_0.50/node_0.02/074_prune_graph.pt,baseline-kmeans,13,37,16,110,0.38293489830573746,-107.72541046142578,0.6860634968964044,0.5066202381864187,0.7533101190932093,0.07980629971507043,0.07980629971507043,0.06916708756163929,0.793622460991383,247.005126953125,229.92050170898438,289.7101745605469
074,summary_graphs/entmax/alpha_0.50/node_0.02/074_summary_graph.pt,pruned_graphs/entmax/alpha_0.50/node_0.02/074_prune_graph.pt,baseline-spectral-adj,13,37,16,108,0.4285587728862641,-78.76699829101562,0.7348012365485692,-0.5288170168437322,0.23559149157813392,0.12231630922395903,0.12231630922395903,0.1542927043243189,0.6035851048690207,206.7674560546875,174.86474609375,289.7101745605469
074,summary_graphs/entmax/alpha_0.50/node_0.02/074_summary_graph.pt,pruned_graphs/entmax/alpha_0.50/node_0.02/074_prune_graph.pt,baseline-random-same-size,13,37,16,107,0.4224205860037764,-58.67734146118164,0.7686126877509415,-0.6560734941700606,0.17196325291496972,0.07622848425661127,0.07622848425661127,0.19586135472456037,0.6622601723355703,238.59506225585938,191.86351013183594,289.7101745605469
075,summary_graphs/entmax/alpha_0.50/node_0.02/075_summary_graph.pt,pruned_graphs/entmax/alpha_0.50/node_0.02/075_prune_graph.pt,ours-summary,9,30,14,82,0.36630734475550575,-62.997108459472656,0.6864084811535892,0.3218387516911544,0.6609193758455771,0.04620620835742232,0.04620620835742232,0.03142226474549477,0.7913889787980074,113.93771743774414,110.35753631591797,139.44790649414062
075,summary_graphs/entmax/alpha_0.50/node_0.02/075_summary_graph.pt,pruned_graphs/entmax/alpha_0.50/node_0.02/075_prune_graph.pt,baseline-spectral-cosine,9,30,14,80,0.39820249302792776,-54.62315368652344,0.7205065573844848,-0.03804911651868467,0.48097544174065765,0.07589842867137071,0.07589842867137071,0.07585090418080455,0.7404984572470652,111.73625564575195,103.26095962524414,139.44790649414062
075,summary_graphs/entmax/alpha_0.50/node_0.02/075_summary_graph.pt,pruned_graphs/entmax/alpha_0.50/node_0.02/075_prune_graph.pt,baseline-kmeans,9,30,14,80,0.4058780135750801,-45.0928955078125,0.7593130442546486,0.4769202176789424,0.7384601088394712,0.05244298289551151,0.05244298289551151,0.08601294364038287,0.7467312518697632,113.92952346801758,104.1301097869873,139.44790649414062
075,summary_graphs/entmax/alpha_0.50/node_0.02/075_summary_graph.pt,pruned_graphs/entmax/alpha_0.50/node_0.02/075_prune_graph.pt,baseline-spectral-adj,9,30,14,77,0.4600776452132046,-24.198835372924805,0.844391998982516,-0.22418712371623023,0.38790643814188486,0.07576329144389313,0.07576329144389313,0.07755127391283374,0.7213714366718468,109.05076217651367,100.59373664855957,139.44790649414062
075,summary_graphs/entmax/alpha_0.50/node_0.02/075_summary_graph.pt,pruned_graphs/entmax/alpha_0.50/node_0.02/075_prune_graph.pt,baseline-random-same-size,9,30,14,71,0.4203988857828237,-37.179290771484375,0.7915366411958096,-0.57512930239292,0.21243534880353998,0.049261130369837765,0.049261130369837765,0.12452434254937858,0.710152625196715,113.11484909057617,99.029296875,139.44790649414062
076,summary_graphs/entmax/alpha_0.50/node_0.02/076_summary_graph.pt,pruned_graphs/entmax/alpha_0.50/node_0.02/076_prune_graph.pt,ours-summary,12,29,18,136,0.3030187893333474,-60.69514465332031,0.5561377217707709,-0.17244638495252781,0.4137768075237361,0.04989985689592395,0.04989985689592395,0.0316349677977814,0.7331231696963174,108.72796630859375,105.28836059570312,143.61619567871094
076,summary_graphs/entmax/alpha_0.50/node_0.02/076_summary_graph.pt,pruned_graphs/entmax/alpha_0.50/node_0.02/076_prune_graph.pt,baseline-spectral-cosine,12,29,18,134,0.32241293704867857,-65.55587768554688,0.5387378257260758,-0.27399690812151123,0.3630015459392444,0.1060880483712814,0.1060880483712814,0.04485168074216388,0.7107068601877745,106.86195373535156,102.06901550292969,143.61619567871094
076,summary_graphs/entmax/alpha_0.50/node_0.02/076_summary_graph.pt,pruned_graphs/entmax/alpha_0.50/node_0.02/076_prune_graph.pt,baseline-kmeans,12,29,18,132,0.34521730598246436,-53.27495574951172,0.5826994164476169,0.3976127249247925,0.6988063624623962,0.10773519551731184,0.10773519551731184,0.09335657190620018,0.7306576019564747,115.73928833007812,104.93426513671875,143.61619567871094
076,summary_graphs/entmax/alpha_0.50/node_0.02/076_summary_graph.pt,pruned_graphs/entmax/alpha_0.50/node_0.02/076_prune_graph.pt,baseline-spectral-adj,12,29,18,129,0.3739647252500712,-32.373146057128906,0.6575209084968276,-0.21082460359396674,0.39458769820301665,0.09040854200331469,0.09040854200331469,0.07475449469484054,0.7146646669565793,110.929931640625,102.63742065429688,143.61619567871094
076,summary_graphs/entmax/alpha_0.50/node_0.02/076_summary_graph.pt,pruned_graphs/entmax/alpha_0.50/node_0.02/076_prune_graph.pt,baseline-random-same-size,12,29,18,135,0.37873872611943415,-18.465723037719727,0.7073048593096695,-0.6314649411722019,0.18426752941389907,0.05017259292919881,0.05017259292919881,0.09028049641977631,0.7071029621555646,111.62939453125,101.55143737792969,143.61619567871094
077,summary_graphs/entmax/alpha_0.50/node_0.02/077_summary_graph.pt,pruned_graphs/entmax/alpha_0.50/node_0.02/077_prune_graph.pt,ours-summary,8,32,15,85,0.22775722419446184,-65.6935806274414,0.40598845905051656,0.1785753565215772,0.5892876782607885,0.04952598933840711,0.04952598933840711,0.08367216348956855,0.7495306957891168,81.24725794792175,74.4491240978241,99.32765197753906
077,summary_graphs/entmax/alpha_0.50/node_0.02/077_summary_graph.pt,pruned_graphs/entmax/alpha_0.50/node_0.02/077_prune_graph.pt,baseline-spectral-cosine,8,32,15,85,0.2767280137284188,-49.48408508300781,0.4796557686994671,0.01688334196599337,0.5084416709829966,0.07380025875737053,0.07380025875737053,0.14463402438331088,0.6557365634260931,76.14608836174011,65.13277316093445,99.32765197753906
077,summary_graphs/entmax/alpha_0.50/node_0.02/077_summary_graph.pt,pruned_graphs/entmax/alpha_0.50/node_0.02/077_prune_graph.pt,baseline-kmeans,8,32,15,86,0.2783814474628483,-48.095909118652344,0.4859646162799342,0.43657496201472207,0.7182874810073611,0.07079827864576242,0.07079827864576242,0.0718102274863061,0.7213530005090992,77.19358897209167,71.65029978752136,99.32765197753906
077,summary_graphs/entmax/alpha_0.50/node_0.02/077_summary_graph.pt,pruned_graphs/entmax/alpha_0.50/node_0.02/077_prune_graph.pt,baseline-spectral-adj,8,32,15,81,0.37932237739450314,-14.759114265441895,0.6374705415364337,-0.25666218389324863,0.3716689080533757,0.12117421325257266,0.12117421325257266,0.17008607276686852,0.5348056700307564,64.00783228874207,53.120991468429565,99.32765197753906
077,summary_graphs/entmax/alpha_0.50/node_0.02/077_summary_graph.pt,pruned_graphs/entmax/alpha_0.50/node_0.02/077_prune_graph.pt,baseline-random-same-size,8,32,15,87,0.3681375139821447,-13.294447898864746,0.6441269199317851,-0.41649536111238117,0.2917523194438094,0.09214810803250438,0.09214810803250438,0.1197640692121016,0.5471100781630092,61.737038373947144,54.343159437179565,99.32765197753906
078,summary_graphs/entmax/alpha_0.50/node_0.02/078_summary_graph.pt,pruned_graphs/entmax/alpha_0.50/node_0.02/078_prune_graph.pt,ours-summary,14,38,17,123,0.2967845729008506,-119.08829498291016,0.5436431106185635,-0.2012504731163169,0.39937476344184153,0.0499260351831376,0.0499260351831376,0.031208108559218486,0.8130741432487796,125.63943123817444,121.71846222877502,149.70155334472656
078,summary_graphs/entmax/alpha_0.50/node_0.02/078_summary_graph.pt,pruned_graphs/entmax/alpha_0.50/node_0.02/078_prune_graph.pt,baseline-spectral-cosine,14,38,17,117,0.2914146459772988,-150.8458709716797,0.486238282609691,0.016719649076728814,0.5083598245383644,0.09659100934490672,0.09659100934490672,0.05609810996132717,0.7080619429695171,112.29765915870667,105.9979727268219,149.70155334472656
078,summary_graphs/entmax/alpha_0.50/node_0.02/078_summary_graph.pt,pruned_graphs/entmax/alpha_0.50/node_0.02/078_prune_graph.pt,baseline-kmeans,14,38,17,118,0.3176255269707779,-118.74946594238281,0.5442555895668406,0.5261465776116189,0.7630732888058094,0.09099546437471517,0.09099546437471517,0.1020877857464357,0.7031272599362277,117.22665238380432,105.25924301147461,149.70155334472656
078,summary_graphs/entmax/alpha_0.50/node_0.02/078_summary_graph.pt,pruned_graphs/entmax/alpha_0.50/node_0.02/078_prune_graph.pt,baseline-spectral-adj,14,38,17,121,0.38049222386380693,-28.53297233581543,0.7073303298714638,-0.5911090849921541,0.20444545750392296,0.053654117856150006,0.053654117856150006,0.11734172380420214,0.7224287891705716,122.52614045143127,108.14871191978455,149.70155334472656
078,summary_graphs/entmax/alpha_0.50/node_0.02/078_summary_graph.pt,pruned_graphs/entmax/alpha_0.50/node_0.02/078_prune_graph.pt,baseline-random-same-size,14,38,17,118,0.3627355894186183,-52.51947021484375,0.6639725242263751,-0.6872474505567626,0.1563762747216187,0.06149865461086149,0.06149865461086149,0.10585407740188207,0.7097480863261366,118.82891631126404,106.25039100646973,149.70155334472656
079,summary_graphs/entmax/alpha_0.50/node_0.02/079_summary_graph.pt,pruned_graphs/entmax/alpha_0.50/node_0.02/079_prune_graph.pt,ours-summary,14,36,16,115,0.33660744980845164,-92.06521606445312,0.6233648954571306,-0.16622768601112303,0.4168861569944385,0.04985000415977265,0.04985000415977265,0.02063132637914205,0.8559481837966577,176.24506378173828,172.60889434814453,201.65811157226562
079,summary_graphs/entmax/alpha_0.50/node_0.02/079_summary_graph.pt,pruned_graphs/entmax/alpha_0.50/node_0.02/079_prune_graph.pt,baseline-spectral-cosine,14,36,16,97,0.3418739588614468,-120.40928649902344,0.5728267004118682,-0.08767370740767709,0.45616314629616145,0.11092121731102535,0.11092121731102535,0.18226385770945852,0.6152339165666479,151.71997833251953,124.06690979003906,201.65811157226562
079,summary_graphs/entmax/alpha_0.50/node_0.02/079_summary_graph.pt,pruned_graphs/entmax/alpha_0.50/node_0.02/079_prune_graph.pt,baseline-kmeans,14,36,16,109,0.36521232329369835,-70.79847717285156,0.661284117663319,0.5081048101860031,0.7540524050930015,0.06914052892407774,0.06914052892407774,0.10678236715288988,0.7324770090737905,165.36835479736328,147.70993041992188,201.65811157226562
079,summary_graphs/entmax/alpha_0.50/node_0.02/079_summary_graph.pt,pruned_graphs/entmax/alpha_0.50/node_0.02/079_prune_graph.pt,baseline-spectral-adj,14,36,16,110,0.4129023405392141,-56.57156753540039,0.6866511870566779,-0.530680589941777,0.2346597050291115,0.13915349402175028,0.13915349402175028,0.1031541174563605,0.5766973953882402,129.6718978881836,116.29570770263672,201.65811157226562
079,summary_graphs/entmax/alpha_0.50/node_0.02/079_summary_graph.pt,pruned_graphs/entmax/alpha_0.50/node_0.02/079_prune_graph.pt,baseline-random-same-size,14,36,16,105,0.3998391807763917,-29.49065399169922,0.734937090142392,-0.6074056780256888,0.1962971609871556,0.06474127141039145,0.06474127141039145,0.20082259546403675,0.6071324800054723,153.19901275634766,122.43318939208984,201.65811157226562
080,summary_graphs/entmax/alpha_0.50/node_0.02/080_summary_graph.pt,pruned_graphs/entmax/alpha_0.50/node_0.02/080_prune_graph.pt,ours-summary,8,32,12,60,0.2718412524523801,-98.46125793457031,0.494339489515092,0.1636149295666927,0.5818074647833463,0.04934301538966822,0.04934301538966822,0.021941664248178946,0.7969395588294638,124.16691017150879,121.44248151779175,152.3860626220703
080,summary_graphs/entmax/alpha_0.50/node_0.02/080_summary_graph.pt,pruned_graphs/entmax/alpha_0.50/node_0.02/080_prune_graph.pt,baseline-spectral-cosine,8,32,12,59,0.30489267938380415,-91.86964416503906,0.5213606004450846,0.22730515793650174,0.6136525789682509,0.08842475832252372,0.08842475832252372,0.02140056346391349,0.7629110148994075,118.79937934875488,116.25700569152832,152.3860626220703
080,summary_graphs/entmax/alpha_0.50/node_0.02/080_summary_graph.pt,pruned_graphs/entmax/alpha_0.50/node_0.02/080_prune_graph.pt,baseline-kmeans,8,32,12,54,0.3444554998848386,-67.94085693359375,0.6194521273874131,0.5226646854888404,0.7613323427444202,0.06945887238226411,0.06945887238226411,0.05957279810563974,0.7911231154197658,128.19294929504395,120.55613660812378,152.3860626220703
080,summary_graphs/entmax/alpha_0.50/node_0.02/080_summary_graph.pt,pruned_graphs/entmax/alpha_0.50/node_0.02/080_prune_graph.pt,baseline-spectral-adj,8,32,12,54,0.4234898082547679,-32.23224639892578,0.7658328847417607,-0.3686391257469104,0.3156804371265448,0.0811467317677751,0.0811467317677751,0.0557598026730398,0.7250343842300211,117.00956535339355,110.48513507843018,152.3860626220703
080,summary_graphs/entmax/alpha_0.50/node_0.02/080_summary_graph.pt,pruned_graphs/entmax/alpha_0.50/node_0.02/080_prune_graph.pt,baseline-random-same-size,8,32,12,57,0.37043643622941413,-50.476383209228516,0.6910444650472,-0.5472954912065067,0.22635225439674667,0.04982840741162827,0.04982840741162827,0.03352521704854224,0.7821741192074757,123.32699871063232,119.19243431091309,152.3860626220703
081,summary_graphs/entmax/alpha_0.50/node_0.02/081_summary_graph.pt,pruned_graphs/entmax/alpha_0.50/node_0.02/081_prune_graph.pt,ours-summary,12,31,16,108,0.3498305165655809,-55.73078536987305,0.651177320105764,0.14354874933762649,0.5717743746688132,0.048483713025397744,0.048483713025397744,0.07797839254769998,0.8225551678762635,138.34242248535156,127.55470275878906,155.07130432128906
081,summary_graphs/entmax/alpha_0.50/node_0.02/081_summary_graph.pt,pruned_graphs/entmax/alpha_0.50/node_0.02/081_prune_graph.pt,baseline-spectral-cosine,12,31,16,100,0.31538956755544467,-92.32223510742188,0.5457134053819468,-0.260712503921071,0.36964374803946454,0.08506572972894254,0.08506572972894254,0.07978141186805651,0.7563543067513301,127.45759582519531,117.28884887695312,155.07130432128906
081,summary_graphs/entmax/alpha_0.50/node_0.02/081_summary_graph.pt,pruned_graphs/entmax/alpha_0.50/node_0.02/081_prune_graph.pt,baseline-kmeans,12,31,16,102,0.35345292072045625,-66.15020751953125,0.6211464020449142,0.48634339534338017,0.7431716976716901,0.08575943939599831,0.08575943939599831,0.14072019352880685,0.7173824848444117,129.4635772705078,111.24543762207031,155.07130432128906
081,summary_graphs/entmax/alpha_0.50/node_0.02/081_summary_graph.pt,pruned_graphs/entmax/alpha_0.50/node_0.02/081_prune_graph.pt,baseline-spectral-adj,12,31,16,103,0.4137634164396499,-32.433650970458984,0.7183243362723273,-0.2102899403041681,0.394855029847916,0.10920249660697254,0.10920249660697254,0.07708666648563561,0.7390902839024032,124.18467712402344,114.6116943359375,155.07130432128906
081,summary_graphs/entmax/alpha_0.50/node_0.02/081_summary_graph.pt,pruned_graphs/entmax/alpha_0.50/node_0.02/081_prune_graph.pt,baseline-random-same-size,12,31,16,101,0.3763152767338263,-32.67585754394531,0.7176262588636216,-0.6680954223647471,0.16595228881762647,0.03500429460403101,0.03500429460403101,0.14602491996040656,0.7169191261462322,130.1836395263672,111.173583984375,155.07130432128906
082,summary_graphs/entmax/alpha_0.50/node_0.02/082_summary_graph.pt,pruned_graphs/entmax/alpha_0.50/node_0.02/082_prune_graph.pt,ours-summary,11,32,15,90,0.22405264705375175,-77.17317962646484,0.39848973109708574,0.060896135391468556,0.5304480676957343,0.04961556301041777,0.04961556301041777,0.06320214185795275,0.8026279122780262,131.11455953121185,122.82783854007721,153.0321044921875
082,summary_graphs/entmax/alpha_0.50/node_0.02/082_summary_graph.pt,pruned_graphs/entmax/alpha_0.50/node_0.02/082_prune_graph.pt,baseline-spectral-cosine,11,32,15,83,0.24664111069235264,-74.17207336425781,0.4091736716893079,0.008983507905732623,0.5044917539528663,0.0841085496953974,0.0841085496953974,0.05921125914112855,0.7656851350909731,124.54911768436432,117.1744076013565,153.0321044921875
082,summary_graphs/entmax/alpha_0.50/node_0.02/082_summary_graph.pt,pruned_graphs/entmax/alpha_0.50/node_0.02/082_prune_graph.pt,baseline-kmeans,11,32,15,95,0.20586553703550522,-102.3275375366211,0.308941108269291,0.5898101984104032,0.7949050992052016,0.10278996580171945,0.10278996580171945,0.03650420344831246,0.805561920792439,127.94745600223541,123.2768360376358,153.0321044921875
082,summary_graphs/entmax/alpha_0.50/node_0.02/082_summary_graph.pt,pruned_graphs/entmax/alpha_0.50/node_0.02/082_prune_graph.pt,baseline-spectral-adj,11,32,15,90,0.3313427590357038,-25.27271270751953,0.5832535542608869,-0.2849987470641563,0.35750062646792186,0.07943196381052077,0.07943196381052077,0.05370650148521492,0.7884380717417953,127.50413858890533,120.65633738040924,153.0321044921875
082,summary_graphs/entmax/alpha_0.50/node_0.02/082_summary_graph.pt,pruned_graphs/entmax/alpha_0.50/node_0.02/082_prune_graph.pt,baseline-random-same-size,11,32,15,91,0.3462637792496049,-3.479342222213745,0.6608371631271629,-0.6365924174671052,0.18170379126644742,0.03169039537204692,0.03169039537204692,0.08681815035608877,0.7148507390285401,119.7955402135849,109.39511299133301,153.0321044921875
083,summary_graphs/entmax/alpha_0.50/node_0.02/083_summary_graph.pt,pruned_graphs/entmax/alpha_0.50/node_0.02/083_prune_graph.pt,ours-summary,8,29,12,58,0.27046347023848577,-61.31382751464844,0.4917160396019347,0.13947558908559288,0.5697377945427964,0.049210900875036864,0.049210900875036864,0.07732836191367834,0.7797508309227702,119.07460021972656,109.86675643920898,140.8998260498047
083,summary_graphs/entmax/alpha_0.50/node_0.02/083_summary_graph.pt,pruned_graphs/entmax/alpha_0.50/node_0.02/083_prune_graph.pt,baseline-spectral-cosine,8,29,12,55,0.252021046385549,-95.27804565429688,0.3378652547751286,-0.021231062377093095,0.4893844688114535,0.16617683799596947,0.16617683799596947,0.02989612307629525,0.7105333478593431,103.19928359985352,100.1140251159668,140.8998260498047
083,summary_graphs/entmax/alpha_0.50/node_0.02/083_summary_graph.pt,pruned_graphs/entmax/alpha_0.50/node_0.02/083_prune_graph.pt,baseline-kmeans,8,29,12,60,0.27111475654996287,-78.31378173828125,0.41470984694401586,0.6396688787026729,0.8198344393513364,0.12751966615590993,0.12751966615590993,0.03843012168620855,0.763118919828014,111.82060241699219,107.52332305908203,140.8998260498047
083,summary_graphs/entmax/alpha_0.50/node_0.02/083_summary_graph.pt,pruned_graphs/entmax/alpha_0.50/node_0.02/083_prune_graph.pt,baseline-spectral-adj,8,29,12,53,0.3569621681056804,-34.70178985595703,0.6122629888293835,-0.2794379534511935,0.36028102327440326,0.10166134738197734,0.10166134738197734,0.08115707094297132,0.695142257248773,106.59648132324219,97.9454231262207,140.8998260498047
083,summary_graphs/entmax/alpha_0.50/node_0.02/083_summary_graph.pt,pruned_graphs/entmax/alpha_0.50/node_0.02/083_prune_graph.pt,baseline-random-same-size,8,29,12,54,0.3724872271326406,-14.029842376708984,0.7059025926441503,-0.47582473689027427,0.26208763155486287,0.03907186162113084,0.03907186162113084,0.1062399003051402,0.6791378632752333,107.06497955322266,95.6904067993164,140.8998260498047
084,summary_graphs/entmax/alpha_0.50/node_0.02/084_summary_graph.pt,pruned_graphs/entmax/alpha_0.50/node_0.02/084_prune_graph.pt,ours-summary,7,27,11,47,0.17527110723808026,-78.48910522460938,0.3021378599661747,-0.18630787430618911,0.40684606284690544,0.04840435450998584,0.04840435450998584,0.014735491885529662,0.7960516579149037,93.5482177734375,92.16973876953125,115.78361511230469
084,summary_graphs/entmax/alpha_0.50/node_0.02/084_summary_graph.pt,pruned_graphs/entmax/alpha_0.50/node_0.02/084_prune_graph.pt,baseline-spectral-cosine,7,27,11,49,0.22691122080366105,-66.30329895019531,0.3512902180093888,0.16162596197549114,0.5808129809877456,0.10253222359793332,0.10253222359793332,0.04373692381275568,0.7546246406329999,91.369384765625,87.3731689453125,115.78361511230469
084,summary_graphs/entmax/alpha_0.50/node_0.02/084_summary_graph.pt,pruned_graphs/entmax/alpha_0.50/node_0.02/084_prune_graph.pt,baseline-kmeans,7,27,11,45,0.21111862582848123,-76.97148895263672,0.30825931677429586,0.7045370081424848,0.8522685040712423,0.11397793488266664,0.11397793488266664,0.03432642312016258,0.7534641232631282,90.33984375,87.23880004882812,115.78361511230469
084,summary_graphs/entmax/alpha_0.50/node_0.02/084_summary_graph.pt,pruned_graphs/entmax/alpha_0.50/node_0.02/084_prune_graph.pt,baseline-spectral-adj,7,27,11,47,0.3063458142524533,-22.3950138092041,0.5283978196660762,-0.2733353662223624,0.36333231688881884,0.08429380883883028,0.08429380883883028,0.06525553967946289,0.7187693191679752,89.03150939941406,83.22171020507812,115.78361511230469
084,summary_graphs/entmax/alpha_0.50/node_0.02/084_summary_graph.pt,pruned_graphs/entmax/alpha_0.50/node_0.02/084_prune_graph.pt,baseline-random-same-size,7,27,11,44,0.31769526872540627,-14.708720207214355,0.5594011621283459,-0.5789751368019429,0.21051243159902855,0.0759893753224666,0.0759893753224666,0.10616186591743061,0.6367698581772919,82.48419189453125,73.7275161743164,115.78361511230469
085,summary_graphs/entmax/alpha_0.50/node_0.02/085_summary_graph.pt,pruned_graphs/entmax/alpha_0.50/node_0.02/085_prune_graph.pt,ours-summary,10,32,13,69,0.21429598499838545,-87.55037689208984,0.3797878121849438,-0.16458284505207954,0.41770857747396023,0.04880415781182714,0.04880415781182714,0.018028058113721195,0.8260943622790812,122.84032011032104,120.62574768066406,146.0193328857422
085,summary_graphs/entmax/alpha_0.50/node_0.02/085_summary_graph.pt,pruned_graphs/entmax/alpha_0.50/node_0.02/085_prune_graph.pt,baseline-spectral-cosine,10,32,13,66,0.22899341305343457,-98.43094635009766,0.33850960387378165,0.12205567804625439,0.5610278390231271,0.11947722223308752,0.11947722223308752,0.04657147094142026,0.7490482251570951,114.7181134223938,109.37552213668823,146.0193328857422
085,summary_graphs/entmax/alpha_0.50/node_0.02/085_summary_graph.pt,pruned_graphs/entmax/alpha_0.50/node_0.02/085_prune_graph.pt,baseline-kmeans,10,32,13,68,0.25921894595040107,-73.32998657226562,0.43373648948728244,0.6403671706411672,0.8201835853205837,0.08470140241351964,0.08470140241351964,0.04066386517724593,0.7797761216781651,118.68873167037964,113.862389087677,146.0193328857422
085,summary_graphs/entmax/alpha_0.50/node_0.02/085_summary_graph.pt,pruned_graphs/entmax/alpha_0.50/node_0.02/085_prune_graph.pt,baseline-spectral-adj,10,32,13,62,0.3546596375902379,-22.822141647338867,0.6253510336737619,-0.3399093461237638,0.3300453269381181,0.08396824150671385,0.08396824150671385,0.08051618752263619,0.7198389584047188,114.31457853317261,105.11040449142456,146.0193328857422
085,summary_graphs/entmax/alpha_0.50/node_0.02/085_summary_graph.pt,pruned_graphs/entmax/alpha_0.50/node_0.02/085_prune_graph.pt,baseline-random-same-size,10,32,13,68,0.3290503591517648,-30.286169052124023,0.597034298027589,-0.6894722778904527,0.15526386105477363,0.06106642027594055,0.06106642027594055,0.0622579744085535,0.7034696798628312,109.53990602493286,102.72017335891724,146.0193328857422
086,summary_graphs/entmax/alpha_0.50/node_0.02/086_summary_graph.pt,pruned_graphs/entmax/alpha_0.50/node_0.02/086_prune_graph.pt,ours-summary,11,30,15,95,0.3471008761134006,-65.2456283569336,0.6447063395170028,0.03999099528915968,0.5199954976445799,0.049495412709798355,0.049495412709798355,0.035079245277077196,0.8695132863947876,135.67304039001465,130.91373252868652,150.55978393554688
086,summary_graphs/entmax/alpha_0.50/node_0.02/086_summary_graph.pt,pruned_graphs/entmax/alpha_0.50/node_0.02/086_prune_graph.pt,baseline-spectral-cosine,11,30,15,92,0.38251822710123673,-53.91679000854492,0.690559400826191,-0.06444326591322927,0.4677783670433854,0.07447705337628235,0.07447705337628235,0.05670952689629205,0.7863819546115236,125.51541709899902,118.39749717712402,150.55978393554688
086,summary_graphs/entmax/alpha_0.50/node_0.02/086_summary_graph.pt,pruned_graphs/entmax/alpha_0.50/node_0.02/086_prune_graph.pt,baseline-kmeans,11,30,15,98,0.37013723523314435,-68.04351043701172,0.6333819708328167,0.48746350956673584,0.743731754783368,0.10689249963347208,0.10689249963347208,0.034659789856655576,0.8209048370511821,128.03284645080566,123.59525489807129,150.55978393554688
086,summary_graphs/entmax/alpha_0.50/node_0.02/086_summary_graph.pt,pruned_graphs/entmax/alpha_0.50/node_0.02/086_prune_graph.pt,baseline-spectral-adj,11,30,15,84,0.45201473026882094,-24.17674446105957,0.8109308508404451,-0.42497035653321585,0.28751482173339205,0.0930986096971967,0.0930986096971967,0.10046511549922438,0.7204403103408645,120.58380317687988,108.4693374633789,150.55978393554688
086,summary_graphs/entmax/alpha_0.50/node_0.02/086_summary_graph.pt,pruned_graphs/entmax/alpha_0.50/node_0.02/086_prune_graph.pt,baseline-random-same-size,11,30,15,94,0.40972745271533884,-32.099849700927734,0.7788624630494169,-0.6311211922506561,0.18443940387467195,0.04059244238126076,0.04059244238126076,0.06809277456684927,0.8001080562184215,129.2661895751953,120.46409606933594,150.55978393554688
087,summary_graphs/entmax/alpha_0.50/node_0.02/087_summary_graph.pt,pruned_graphs/entmax/alpha_0.50/node_0.02/087_prune_graph.pt,ours-summary,10,31,15,83,0.33582235854433123,-84.38795471191406,0.6217872864158588,0.006141346193411879,0.503070673096706,0.049857430672803654,0.049857430672803654,0.08152114138899648,0.7708069654689546,106.79196548461914,98.08616256713867,127.25126647949219
087,summary_graphs/entmax/alpha_0.50/node_0.02/087_summary_graph.pt,pruned_graphs/entmax/alpha_0.50/node_0.02/087_prune_graph.pt,baseline-spectral-cosine,10,31,15,86,0.35547782798101885,-78.92367553710938,0.6410980795977319,-0.16722915205520192,0.416385423972399,0.06985757636430574,0.06985757636430574,0.07123449908772374,0.7341317367782559,100.58426284790039,93.41919326782227,127.25126647949219
087,summary_graphs/entmax/alpha_0.50/node_0.02/087_summary_graph.pt,pruned_graphs/entmax/alpha_0.50/node_0.02/087_prune_graph.pt,baseline-kmeans,10,31,15,86,0.36942573778728943,-69.79766845703125,0.6733492957029511,0.554621377682234,0.777310688841117,0.0655021798716278,0.0655021798716278,0.04763405814742681,0.8027259360499424,107.25697708129883,102.14789199829102,127.25126647949219
087,summary_graphs/entmax/alpha_0.50/node_0.02/087_summary_graph.pt,pruned_graphs/entmax/alpha_0.50/node_0.02/087_prune_graph.pt,baseline-spectral-adj,10,31,15,76,0.4515666573064369,-30.263980865478516,0.8130611922231387,-0.4287258909730511,0.28563705451347443,0.09007212238973514,0.09007212238973514,0.07941283739227346,0.6919821647215751,95.65156936645508,88.05560684204102,127.25126647949219
087,summary_graphs/entmax/alpha_0.50/node_0.02/087_summary_graph.pt,pruned_graphs/entmax/alpha_0.50/node_0.02/087_prune_graph.pt,baseline-random-same-size,10,31,15,86,0.4138743782648472,-35.582542419433594,0.7942654318963821,-0.6758946772709158,0.1620526613645421,0.03348332463331233,0.03348332463331233,0.05407572614886599,0.7290480025334733,98.07580184936523,92.77228164672852,127.25126647949219
088,summary_graphs/entmax/alpha_0.50/node_0.02/088_summary_graph.pt,pruned_graphs/entmax/alpha_0.50/node_0.02/088_prune_graph.pt,ours-summary,5,30,9,31,0.17974859846474187,-63.0094108581543,0.30968537989003286,0.47001624977752615,0.7350081248887631,0.049811817039450874,0.049811817039450874,0.09210457129844402,0.72521586736259,93.35181903839111,84.75368976593018,116.8668441772461
088,summary_graphs/entmax/alpha_0.50/node_0.02/088_summary_graph.pt,pruned_graphs/entmax/alpha_0.50/node_0.02/088_prune_graph.pt,baseline-spectral-cosine,5,30,9,30,0.19392786235666565,-59.263545989990234,0.32757803112542455,0.5283140481670032,0.7641570240835016,0.060277693587906744,0.060277693587906744,0.07099520239940257,0.7363493262260387,92.63119220733643,86.05482196807861,116.8668441772461
088,summary_graphs/entmax/alpha_0.50/node_0.02/088_summary_graph.pt,pruned_graphs/entmax/alpha_0.50/node_0.02/088_prune_graph.pt,baseline-kmeans,5,30,9,29,0.1903555696688507,-60.7226448059082,0.32060840364014787,0.5997867806609931,0.7998933903304966,0.06010273569755356,0.06010273569755356,0.06491953970446444,0.7398286382054124,92.4641695022583,86.46143817901611,116.8668441772461
088,summary_graphs/entmax/alpha_0.50/node_0.02/088_summary_graph.pt,pruned_graphs/entmax/alpha_0.50/node_0.02/088_prune_graph.pt,baseline-spectral-adj,5,30,9,28,0.3270122075039108,-19.922828674316406,0.5154944547788347,-0.37749210970826624,0.3112539451458669,0.13852996022898692,0.13852996022898692,0.02174184064959755,0.62591803934085,74.77480792999268,73.14906597137451,116.8668441772461
088,summary_graphs/entmax/alpha_0.50/node_0.02/088_summary_graph.pt,pruned_graphs/entmax/alpha_0.50/node_0.02/088_prune_graph.pt,baseline-random-same-size,5,30,9,29,0.3136799653157127,-6.727301597595215,0.5785247442037967,-0.22429177015572976,0.3878541149221351,0.0488351864276286,0.0488351864276286,0.08414768587001512,0.6281295349103351,80.15213298797607,73.40751647949219,116.8668441772461
089,summary_graphs/entmax/alpha_0.50/node_0.02/089_summary_graph.pt,pruned_graphs/entmax/alpha_0.50/node_0.02/089_prune_graph.pt,ours-summary,10,32,12,59,0.26204343707387645,-83.62867736816406,0.47438893836177937,0.10682665743473509,0.5534133287173676,0.04969793578597356,0.04969793578597356,0.037411976285599516,0.852155192759284,109.89384722709656,105.78250122070312,124.13525390625
089,summary_graphs/entmax/alpha_0.50/node_0.02/089_summary_graph.pt,pruned_graphs/entmax/alpha_0.50/node_0.02/089_prune_graph.pt,baseline-spectral-cosine,10,32,12,61,0.24697007497500945,-128.39224243164062,0.35649961261119345,-0.06633687312432701,0.4668315634378365,0.13744053733882547,0.13744053733882547,0.053951938264261576,0.7307980698504104,95.89132690429688,90.71780395507812,124.13525390625
089,summary_graphs/entmax/alpha_0.50/node_0.02/089_summary_graph.pt,pruned_graphs/entmax/alpha_0.50/node_0.02/089_prune_graph.pt,baseline-kmeans,10,32,12,63,0.2702822339627512,-98.57367706298828,0.4350297533892502,0.6952816219907656,0.8476408109953828,0.10553471453625214,0.10553471453625214,0.1775038051628395,0.6819958177316268,102.93023180961609,84.65972399711609,124.13525390625
089,summary_graphs/entmax/alpha_0.50/node_0.02/089_summary_graph.pt,pruned_graphs/entmax/alpha_0.50/node_0.02/089_prune_graph.pt,baseline-spectral-adj,10,32,12,57,0.3558737501860607,-28.36528778076172,0.6199306718704289,-0.5230964916145637,0.23845175419271813,0.09181682850169254,0.09181682850169254,0.07972956657039137,0.7037493352296306,94.92872881889343,87.36010241508484,124.13525390625
089,summary_graphs/entmax/alpha_0.50/node_0.02/089_summary_graph.pt,pruned_graphs/entmax/alpha_0.50/node_0.02/089_prune_graph.pt,baseline-random-same-size,10,32,12,53,0.35172584735548673,-16.2179012298584,0.6519219950041311,-0.4749899614937063,0.26250501925314684,0.051529699706842444,0.051529699706842444,0.14223623707475175,0.6519068438297755,94.3437168598175,80.92462158203125,124.13525390625
090,summary_graphs/entmax/alpha_0.50/node_0.02/090_summary_graph.pt,pruned_graphs/entmax/alpha_0.50/node_0.02/090_prune_graph.pt,ours-summary,10,32,12,64,0.4186660399778178,-70.74188995361328,0.7926246363783745,0.3418686536433303,0.6709343268216652,0.04470744357726109,0.04470744357726109,0.03804911192114501,0.8313256443786932,121.64345932006836,117.01503372192383,140.7571563720703
090,summary_graphs/entmax/alpha_0.50/node_0.02/090_summary_graph.pt,pruned_graphs/entmax/alpha_0.50/node_0.02/090_prune_graph.pt,baseline-spectral-cosine,10,32,12,58,0.3394015063239141,-167.92247009277344,0.5624614984084021,-0.33437071505747185,0.3328146424712641,0.1163415142394261,0.1163415142394261,0.06157070269385236,0.7111073512620139,106.66061782836914,100.09344863891602,140.7571563720703
090,summary_graphs/entmax/alpha_0.50/node_0.02/090_summary_graph.pt,pruned_graphs/entmax/alpha_0.50/node_0.02/090_prune_graph.pt,baseline-kmeans,10,32,12,62,0.40933044787232487,-87.78195190429688,0.7522669093858559,0.6270267751293637,0.8135133875646818,0.06639398635879373,0.06639398635879373,0.08352599342522563,0.7770074423331113,119.33710861206055,109.36935806274414,140.7571563720703
090,summary_graphs/entmax/alpha_0.50/node_0.02/090_summary_graph.pt,pruned_graphs/entmax/alpha_0.50/node_0.02/090_prune_graph.pt,baseline-spectral-adj,10,32,12,55,0.48635405333808734,-40.16347122192383,0.8650466948459348,-0.5691920775233008,0.2154039612383496,0.10766141183023993,0.10766141183023993,0.07852708253166084,0.6857813257311027,104.75471115112305,96.52862930297852,140.7571563720703
090,summary_graphs/entmax/alpha_0.50/node_0.02/090_summary_graph.pt,pruned_graphs/entmax/alpha_0.50/node_0.02/090_prune_graph.pt,baseline-random-same-size,10,32,12,51,0.4322432003186211,-59.91167068481445,0.8182749451102734,-0.6730702716294104,0.16346486418529482,0.046211455526968835,0.046211455526968835,0.10496566903423836,0.7045545901361578,110.80144882202148,99.17110061645508,140.7571563720703
091,summary_graphs/entmax/alpha_0.50/node_0.02/091_summary_graph.pt,pruned_graphs/entmax/alpha_0.50/node_0.02/091_prune_graph.pt,ours-summary,13,33,15,100,0.36636364588668363,-79.46817016601562,0.6830157411696689,0.15966442629919148,0.5798322131495958,0.04971155060369836,0.04971155060369836,0.05057006527941032,0.7868085925857151,89.07234954833984,84.56795501708984,107.48224639892578
091,summary_graphs/entmax/alpha_0.50/node_0.02/091_summary_graph.pt,pruned_graphs/entmax/alpha_0.50/node_0.02/091_prune_graph.pt,baseline-spectral-cosine,13,33,15,95,0.35193052181901946,-112.20341491699219,0.6019279893950151,0.09327653283271503,0.5466382664163575,0.10193305424302379,0.10193305424302379,0.049982810356153956,0.7589036786357213,85.8602066040039,81.56867218017578,107.48224639892578
091,summary_graphs/entmax/alpha_0.50/node_0.02/091_summary_graph.pt,pruned_graphs/entmax/alpha_0.50/node_0.02/091_prune_graph.pt,baseline-kmeans,13,33,15,98,0.3944416282090134,-56.844879150390625,0.739055293965391,0.525060644674548,0.762530322337274,0.049827962452635814,0.049827962452635814,0.08001354943138607,0.7728758688387698,90.29528045654297,83.0704345703125,107.48224639892578
091,summary_graphs/entmax/alpha_0.50/node_0.02/091_summary_graph.pt,pruned_graphs/entmax/alpha_0.50/node_0.02/091_prune_graph.pt,baseline-spectral-adj,13,33,15,90,0.4551458397995488,-19.871623992919922,0.830640988968058,-0.4824099635776542,0.2587950182111729,0.07965069063103954,0.07965069063103954,0.10906420247759242,0.7237886832492506,87.31766510009766,77.79443359375,107.48224639892578
091,summary_graphs/entmax/alpha_0.50/node_0.02/091_summary_graph.pt,pruned_graphs/entmax/alpha_0.50/node_0.02/091_prune_graph.pt,baseline-random-same-size,13,33,15,92,0.4165867420126384,-34.893131256103516,0.7934315435405507,-0.5905455955261143,0.20472720223694285,0.039741940484726165,0.039741940484726165,0.12134133528423892,0.7396488039072927,90.47781372070312,79.49911499023438,107.48224639892578
092,summary_graphs/entmax/alpha_0.50/node_0.02/092_summary_graph.pt,pruned_graphs/entmax/alpha_0.50/node_0.02/092_prune_graph.pt,ours-summary,12,35,14,84,0.39948490054582647,-92.11738586425781,0.7500150324301611,-0.09807908399281635,0.4509604580035918,0.04895476866149181,0.04895476866149181,0.08368850977198643,0.8017454140351853,115.1698989868164,105.53150177001953,131.627197265625
092,summary_graphs/entmax/alpha_0.50/node_0.02/092_summary_graph.pt,pruned_graphs/entmax/alpha_0.50/node_0.02/092_prune_graph.pt,baseline-spectral-cosine,12,35,14,82,0.40262999231984864,-110.06749725341797,0.7149975668300171,-0.1753380629069062,0.4123309685465469,0.09026241780968014,0.09026241780968014,0.13796721065256198,0.689296710532417,105.2514419555664,90.73019409179688,131.627197265625
092,summary_graphs/entmax/alpha_0.50/node_0.02/092_summary_graph.pt,pruned_graphs/entmax/alpha_0.50/node_0.02/092_prune_graph.pt,baseline-kmeans,12,35,14,84,0.4253342760381919,-65.7144546508789,0.8015225083404686,0.5060975242987639,0.753048762149382,0.0491460437359152,0.0491460437359152,0.09601668080257963,0.7803105495738624,113.61945343017578,102.71009063720703,131.627197265625
092,summary_graphs/entmax/alpha_0.50/node_0.02/092_summary_graph.pt,pruned_graphs/entmax/alpha_0.50/node_0.02/092_prune_graph.pt,baseline-spectral-adj,12,35,14,80,0.483550117618072,-37.209903717041016,0.8571298191143214,-0.5798412750563163,0.21007936247184184,0.10997041612182251,0.10997041612182251,0.13338288076553118,0.6454500876387613,98.03497314453125,84.95878601074219,131.627197265625
092,summary_graphs/entmax/alpha_0.50/node_0.02/092_summary_graph.pt,pruned_graphs/entmax/alpha_0.50/node_0.02/092_prune_graph.pt,baseline-random-same-size,12,35,14,82,0.4178436856775994,-81.87478637695312,0.769996555340954,-0.5695144181597804,0.21524279092010978,0.06569081601424477,0.06569081601424477,0.12098508719156932,0.7274750415008949,108.93501281738281,95.75550079345703,131.627197265625
093,summary_graphs/entmax/alpha_0.50/node_0.02/093_summary_graph.pt,pruned_graphs/entmax/alpha_0.50/node_0.02/093_prune_graph.pt,ours-summary,8,34,11,50,0.3059867552572947,-95.16275787353516,0.5627458555667363,0.4223417021506143,0.7111708510753072,0.0492276549478531,0.0492276549478531,0.029725875774475212,0.8328236945121501,104.62062072753906,101.51068115234375,121.88735961914062
093,summary_graphs/entmax/alpha_0.50/node_0.02/093_summary_graph.pt,pruned_graphs/entmax/alpha_0.50/node_0.02/093_prune_graph.pt,baseline-spectral-cosine,8,34,11,48,0.331736729988108,-82.47787475585938,0.6048499730251481,0.014687807514100922,0.5073439037570504,0.058623486951067914,0.058623486951067914,0.08557544923365347,0.7709577228871771,102.76408386230469,93.97000122070312,121.88735961914062
093,summary_graphs/entmax/alpha_0.50/node_0.02/093_summary_graph.pt,pruned_graphs/entmax/alpha_0.50/node_0.02/093_prune_graph.pt,baseline-kmeans,8,34,11,47,0.3606843077208087,-64.5233383178711,0.6644453016250348,0.5216411860693531,0.7608205930346765,0.0569233138165826,0.0569233138165826,0.05942550095508521,0.7855760696343645,101.8013916015625,95.75179290771484,121.88735961914062
093,summary_graphs/entmax/alpha_0.50/node_0.02/093_summary_graph.pt,pruned_graphs/entmax/alpha_0.50/node_0.02/093_prune_graph.pt,baseline-spectral-adj,8,34,11,47,0.4081430038648436,-50.532440185546875,0.7108842869005946,-0.3783047818682824,0.3108476090658588,0.1054017208290926,0.1054017208290926,0.044776717119164075,0.7136649803893585,91.06430053710938,86.98674011230469,121.88735961914062
093,summary_graphs/entmax/alpha_0.50/node_0.02/093_summary_graph.pt,pruned_graphs/entmax/alpha_0.50/node_0.02/093_prune_graph.pt,baseline-random-same-size,8,34,11,45,0.3769214612189242,-54.21110916137695,0.6986739879973558,-0.5439781393416953,0.22801093032915237,0.05516893444049269,0.05516893444049269,0.09469831614788021,0.7173693135086211,96.58465576171875,87.43825149536133,121.88735961914062
094,summary_graphs/entmax/alpha_0.50/node_0.02/094_summary_graph.pt,pruned_graphs/entmax/alpha_0.50/node_0.02/094_prune_graph.pt,ours-summary,10,34,12,65,0.42141613615248774,-97.95911407470703,0.8009957282545097,0.02939809173400932,0.5146990458670047,0.041836544050465774,0.041836544050465774,0.019896828623101163,0.8909674452357191,180.09774780273438,176.51437377929688,198.1154022216797
094,summary_graphs/entmax/alpha_0.50/node_0.02/094_summary_graph.pt,pruned_graphs/entmax/alpha_0.50/node_0.02/094_prune_graph.pt,baseline-spectral-cosine,10,34,12,54,0.43832483254594923,-114.97246551513672,0.7664416335273758,-0.24649126319151982,0.3767543684042401,0.1102080315645226,0.1102080315645226,0.04608655075288019,0.7383081012941544,153.33697891235352,146.27020645141602,198.1154022216797
094,summary_graphs/entmax/alpha_0.50/node_0.02/094_summary_graph.pt,pruned_graphs/entmax/alpha_0.50/node_0.02/094_prune_graph.pt,baseline-kmeans,10,34,12,59,0.42763718615278884,-99.57134246826172,0.7977213225304204,0.5995681662186043,0.7997840831093022,0.05755304977515734,0.05755304977515734,0.1851859032336281,0.7267067585018775,176.69282150268555,143.9718017578125,198.1154022216797
094,summary_graphs/entmax/alpha_0.50/node_0.02/094_summary_graph.pt,pruned_graphs/entmax/alpha_0.50/node_0.02/094_prune_graph.pt,baseline-spectral-adj,10,34,12,54,0.5235844023142737,-51.33854293823242,0.8956821404841477,-0.6804027025602264,0.1597986487198868,0.15148666414439976,0.15148666414439976,0.08975964924597522,0.6288580419851335,136.87205123901367,124.58646392822266,198.1154022216797
094,summary_graphs/entmax/alpha_0.50/node_0.02/094_summary_graph.pt,pruned_graphs/entmax/alpha_0.50/node_0.02/094_prune_graph.pt,baseline-random-same-size,10,34,12,55,0.4449436636838577,-89.4100112915039,0.8183588985193927,-0.6123558676639195,0.19382206616804026,0.07152842884832265,0.07152842884832265,0.22475779496283635,0.6506383854945408,166.27253341674805,128.90148544311523,198.1154022216797
095,summary_graphs/entmax/alpha_0.50/node_0.02/095_summary_graph.pt,pruned_graphs/entmax/alpha_0.50/node_0.02/095_prune_graph.pt,ours-summary,13,38,15,97,0.41924409313709043,-100.1741943359375,0.7894137989653713,0.14673808195913302,0.5733690409795665,0.04907438730880958,0.04907438730880958,0.08292247002696496,0.8095803145766272,139.2363510131836,127.6905288696289,157.72434997558594
095,summary_graphs/entmax/alpha_0.50/node_0.02/095_summary_graph.pt,pruned_graphs/entmax/alpha_0.50/node_0.02/095_prune_graph.pt,baseline-spectral-cosine,13,38,15,97,0.3894596220216112,-153.2906494140625,0.6990960750073634,-0.323928039855373,0.3380359800723135,0.07982316903585901,0.07982316903585901,0.14852462874700073,0.7049417940946477,130.58097743988037,111.18648624420166,157.72434997558594
095,summary_graphs/entmax/alpha_0.50/node_0.02/095_summary_graph.pt,pruned_graphs/entmax/alpha_0.50/node_0.02/095_prune_graph.pt,baseline-kmeans,13,38,15,90,0.44089315271771923,-73.78421783447266,0.834286610373644,0.5522892954727917,0.7761446477363958,0.04749969506179445,0.04749969506179445,0.16921851490298456,0.7229215479755816,137.24707794189453,114.02233123779297,157.72434997558594
095,summary_graphs/entmax/alpha_0.50/node_0.02/095_summary_graph.pt,pruned_graphs/entmax/alpha_0.50/node_0.02/095_prune_graph.pt,baseline-spectral-adj,13,38,15,90,0.4881948952325794,-34.51779556274414,0.9010541605685788,-0.5446395334876545,0.22768023325617276,0.07533562989658005,0.07533562989658005,0.11400845014000556,0.6635345085624192,118.12251377105713,104.65554904937744,157.72434997558594
095,summary_graphs/entmax/alpha_0.50/node_0.02/095_summary_graph.pt,pruned_graphs/entmax/alpha_0.50/node_0.02/095_prune_graph.pt,baseline-random-same-size,13,38,15,92,0.45343006985304746,-64.4975357055664,0.8500774321381669,-0.6122269264900342,0.1938865367549829,0.05678270756792806,0.05678270756792806,0.19182025140853184,0.6381649983751947,124.54427337646484,100.65415954589844,157.72434997558594
096,summary_graphs/entmax/alpha_0.50/node_0.02/096_summary_graph.pt,pruned_graphs/entmax/alpha_0.50/node_0.02/096_prune_graph.pt,ours-summary,12,37,15,95,0.3595523947500753,-99.74919891357422,0.6705515623598514,-0.03798511360068468,0.48100744319965766,0.048553227140299145,0.048553227140299145,0.10951109760884932,0.7565179131224669,131.29150009155273,116.91362380981445,154.54177856445312
096,summary_graphs/entmax/alpha_0.50/node_0.02/096_summary_graph.pt,pruned_graphs/entmax/alpha_0.50/node_0.02/096_prune_graph.pt,baseline-spectral-cosine,12,37,15,89,0.3478787946989068,-154.57818603515625,0.5532666325381279,-0.27035071141492734,0.36482464429253636,0.14249095685968566,0.14249095685968566,0.20318911917300211,0.580851002907766,112.65627670288086,89.7657470703125,154.54177856445312
096,summary_graphs/entmax/alpha_0.50/node_0.02/096_summary_graph.pt,pruned_graphs/entmax/alpha_0.50/node_0.02/096_prune_graph.pt,baseline-kmeans,12,37,15,98,0.3834994105669856,-100.0308609008789,0.6699490905083886,0.567161322385687,0.7835806611928435,0.09704973062558268,0.09704973062558268,0.09718405344698171,0.7544301469680739,129.1414680480957,116.59097671508789,154.54177856445312
096,summary_graphs/entmax/alpha_0.50/node_0.02/096_summary_graph.pt,pruned_graphs/entmax/alpha_0.50/node_0.02/096_prune_graph.pt,baseline-spectral-adj,12,37,15,88,0.463643596020571,-27.73902130126953,0.8245888418479076,-0.5718179090562564,0.2140910454718718,0.1026983501932344,0.1026983501932344,0.19658119205327834,0.5989515750810867,115.21144485473633,92.56304168701172,154.54177856445312
096,summary_graphs/entmax/alpha_0.50/node_0.02/096_summary_graph.pt,pruned_graphs/entmax/alpha_0.50/node_0.02/096_prune_graph.pt,baseline-random-same-size,12,37,15,91,0.4208068711656825,-45.18399429321289,0.7872722093032517,-0.7001330596770411,0.14993347016147945,0.054341533028113335,0.054341533028113335,0.15189787760714862,0.631106284032958,115.00064086914062,97.53228759765625,154.54177856445312
097,summary_graphs/entmax/alpha_0.50/node_0.02/097_summary_graph.pt,pruned_graphs/entmax/alpha_0.50/node_0.02/097_prune_graph.pt,ours-summary,12,37,15,91,0.26631674083572754,-102.2159652709961,0.4833513502937335,0.13181953769068233,0.5659097688453412,0.049282131377721534,0.049282131377721534,0.18026038217309606,0.6836996820802465,114.95184707641602,94.23058319091797,137.82452392578125
097,summary_graphs/entmax/alpha_0.50/node_0.02/097_summary_graph.pt,pruned_graphs/entmax/alpha_0.50/node_0.02/097_prune_graph.pt,baseline-spectral-cosine,12,37,15,92,0.30218966436403893,-95.34137725830078,0.49909259506421466,-0.013639187323058619,0.4931804063384707,0.10528673366386317,0.10528673366386317,0.14460198641765068,0.6307648695793885,101.63089752197266,86.93486785888672,137.82452392578125
097,summary_graphs/entmax/alpha_0.50/node_0.02/097_summary_graph.pt,pruned_graphs/entmax/alpha_0.50/node_0.02/097_prune_graph.pt,baseline-kmeans,12,37,15,97,0.3231202204190614,-67.68107604980469,0.5624283485167278,0.5296840306498591,0.7648420153249296,0.08381209232139501,0.08381209232139501,0.15036196663686444,0.6800257415802635,110.3107681274414,93.72422409057617,137.82452392578125
097,summary_graphs/entmax/alpha_0.50/node_0.02/097_summary_graph.pt,pruned_graphs/entmax/alpha_0.50/node_0.02/097_prune_graph.pt,baseline-spectral-adj,12,37,15,88,0.4139815976878667,-19.309858322143555,0.6731875485217591,-0.5225493468799233,0.23872532656003836,0.1547756468539743,0.1547756468539743,0.1271551724137931,0.5591553161328665,88.2921142578125,77.06531524658203,137.82452392578125
097,summary_graphs/entmax/alpha_0.50/node_0.02/097_summary_graph.pt,pruned_graphs/entmax/alpha_0.50/node_0.02/097_prune_graph.pt,baseline-random-same-size,12,37,15,82,0.3628447285801893,-32.95036315917969,0.6419537559248081,-0.7172334714664683,0.14138326426676584,0.08373570123557046,0.08373570123557046,0.24068868441029284,0.5243570749434152,95.17738342285156,72.2692642211914,137.82452392578125
098,summary_graphs/entmax/alpha_0.50/node_0.02/098_summary_graph.pt,pruned_graphs/entmax/alpha_0.50/node_0.02/098_prune_graph.pt,ours-summary,13,34,15,100,0.2824668363258772,-100.65643310546875,0.5150490372327081,-0.13814827536119298,0.4309258623194035,0.04988463541904634,0.04988463541904634,0.07287099048406472,0.7648348518035452,99.95639133453369,92.67247009277344,121.16664123535156
098,summary_graphs/entmax/alpha_0.50/node_0.02/098_summary_graph.pt,pruned_graphs/entmax/alpha_0.50/node_0.02/098_prune_graph.pt,baseline-spectral-cosine,13,34,15,96,0.31787976547717123,-102.127685546875,0.51165558133046,-0.21715428212161322,0.3914228589391934,0.12410394962388244,0.12410394962388244,0.12409272984500848,0.6622321719902221,91.60838222503662,80.24044799804688,121.16664123535156
098,summary_graphs/entmax/alpha_0.50/node_0.02/098_summary_graph.pt,pruned_graphs/entmax/alpha_0.50/node_0.02/098_prune_graph.pt,baseline-kmeans,13,34,15,92,0.3120887312938193,-90.5762939453125,0.5382989614237057,0.5288777548928978,0.7644388774464489,0.0858785011639329,0.0858785011639329,0.15186387962973794,0.6889117085141668,98.41948223114014,83.47311782836914,121.16664123535156
098,summary_graphs/entmax/alpha_0.50/node_0.02/098_summary_graph.pt,pruned_graphs/entmax/alpha_0.50/node_0.02/098_prune_graph.pt,baseline-spectral-adj,13,34,15,89,0.3979964880548353,-35.419708251953125,0.6655180816788857,-0.383085424764203,0.3084572876178985,0.13047489443078486,0.13047489443078486,0.09337363851455445,0.6583135614436724,87.98072338104248,79.76564311981201,121.16664123535156
098,summary_graphs/entmax/alpha_0.50/node_0.02/098_summary_graph.pt,pruned_graphs/entmax/alpha_0.50/node_0.02/098_prune_graph.pt,baseline-random-same-size,13,34,15,92,0.39991659895288784,-25.569766998291016,0.6882370612967521,-0.651037411235292,0.174481294382354,0.11159613660902361,0.11159613660902361,0.09299364944554904,0.6958250118344842,92.95500469207764,84.3107795715332,121.16664123535156
099,summary_graphs/entmax/alpha_0.50/node_0.02/099_summary_graph.pt,pruned_graphs/entmax/alpha_0.50/node_0.02/099_prune_graph.pt,ours-summary,11,37,13,70,0.40354264366723264,-118.29098510742188,0.7571675289809605,0.23794800688565035,0.6189740034428252,0.049917758353504774,0.049917758353504774,0.06696743563160168,0.8217971880275182,145.0444793701172,135.3312225341797,164.67715454101562
099,summary_graphs/entmax/alpha_0.50/node_0.02/099_summary_graph.pt,pruned_graphs/entmax/alpha_0.50/node_0.02/099_prune_graph.pt,baseline-spectral-cosine,11,37,13,72,0.2971282359251537,-321.4110107421875,0.4148559437969944,-0.5291579131882131,0.23542104340589343,0.1794005280533129,0.1794005280533129,0.04388075417319729,0.6960649286221394,119.88671112060547,114.62599182128906,164.67715454101562
099,summary_graphs/entmax/alpha_0.50/node_0.02/099_summary_graph.pt,pruned_graphs/entmax/alpha_0.50/node_0.02/099_prune_graph.pt,baseline-kmeans,11,37,13,69,0.4350352969493333,-78.85114288330078,0.8236341661609357,0.6049461029222442,0.802473051461122,0.04643642773773089,0.04643642773773089,0.11636015986813616,0.7670112308036429,142.94197845458984,126.3092269897461,164.67715454101562
099,summary_graphs/entmax/alpha_0.50/node_0.02/099_summary_graph.pt,pruned_graphs/entmax/alpha_0.50/node_0.02/099_prune_graph.pt,baseline-spectral-adj,11,37,13,66,0.4702200519864083,-59.447120666503906,0.8563351813945833,-0.4551948428801509,0.27240257855992456,0.08410492257823335,0.08410492257823335,0.09624420884167596,0.7252209958931762,132.14557647705078,119.42733001708984,164.67715454101562
099,summary_graphs/entmax/alpha_0.50/node_0.02/099_summary_graph.pt,pruned_graphs/entmax/alpha_0.50/node_0.02/099_prune_graph.pt,baseline-random-same-size,11,37,13,65,0.4298659851469977,-84.90770721435547,0.8134272107304128,-0.7436452671798616,0.12817736641006922,0.04630475956358255,0.04630475956358255,0.14441041972777244,0.7234032153718741,139.2349624633789,119.12798309326172,164.67715454101562
