graph_stem,solver,matched_k,upstream_intra,upstream_inter,upstream_gap,downstream_intra,downstream_inter,downstream_gap,signed_downstream_intra,signed_downstream_inter,signed_downstream_gap,low_downstream_pair_frac
000,ours-summary,14,0.4031320224380859,0.3235118280885552,0.07962019434953066,0.5786689928059536,0.44499333364155425,0.13367565916439939,0.3929536343920653,0.038344979484666454,0.35460865490739885,0.0
000,baseline-spectral-cosine,14,0.40643095156024955,0.3200656980980441,0.08636525346220547,0.4843327017130086,0.4567011882109178,0.027631513502090754,0.20936172687382057,0.057727349630949616,0.15163437724287096,0.0
000,baseline-kmeans,14,0.4414635003311775,0.32359344272569734,0.11787005760548014,0.584085538211652,0.450205455896038,0.133880082315614,0.41606508786018764,0.051418643343982856,0.36464644451620476,0.0
000,baseline-spectral-adj,14,0.44650122004846543,0.31644007836937627,0.13006114167908917,0.5360066362939958,0.44989657517680814,0.08611006111718766,0.09742592674243486,0.07784432050003748,0.01958160624239738,0.016666666666666666
000,baseline-random-same-size,14,0.30508095032425725,0.3366793581565994,-0.031598407832342135,0.48398725018675925,0.4577083878062422,0.026278862380517076,0.06950682711362716,0.08178148118153106,-0.0122746540679039,0.008928571428571428
001,ours-summary,12,0.42880341855916476,0.3137466278275802,0.11505679073158454,0.5713059576241275,0.46741061263428824,0.10389534498983927,0.46971511163319185,0.04672888377432195,0.4229862278588699,0.0
001,baseline-spectral-cosine,12,0.42292214919456106,0.30940476961186303,0.11351737958269803,0.5354714456149184,0.46887649832115474,0.0665949472937637,0.33251381074077213,0.05116324145273545,0.2813505692880367,0.0
001,baseline-kmeans,12,0.5470583344323833,0.3087089616500701,0.23834937278231316,0.5999898962725516,0.46913554506933935,0.13085435120321226,0.45298945383834455,0.06447639420666197,0.3885130596316826,0.0
001,baseline-spectral-adj,12,0.5003726734732123,0.31193735180560567,0.18843532166760668,0.5393262446707721,0.4738273650605898,0.06549887961018225,0.038576778279421346,0.09793158089315088,-0.05935480261372953,0.016666666666666666
001,baseline-random-same-size,12,0.350042897126088,0.3235065771694312,0.026536319956656784,0.5170084951807311,0.47413911662583297,0.04286937855489814,0.06651290307204878,0.09669342258737425,-0.030180519515325466,0.0
002,ours-summary,13,0.7078817780190183,0.446821098969505,0.2610606790495133,0.6207720077634885,0.3903176003852921,0.2304544073781964,0.10906395477942528,0.023283797260313058,0.08578015751911222,0.0
002,baseline-spectral-cosine,13,0.5966991908853836,0.45004497692086487,0.14665421396451872,0.4307988988826688,0.41850897898342304,0.012289919899245771,0.07783830094615721,0.022878259801082258,0.05496004114507495,0.01639344262295082
002,baseline-kmeans,13,0.7599582473498856,0.4410572912151368,0.3189009561347488,0.4948635372385972,0.41038264165280397,0.08448089558579325,0.2771104331348154,-0.0006981456060918186,0.27780857874090725,0.013888888888888888
002,baseline-spectral-adj,13,0.6458167944069065,0.47041681154727394,0.1753999828596326,0.5296578841790253,0.41366051488497474,0.11599736929405052,0.07246698349227351,0.03215813962093186,0.040308843871341656,0.0136986301369863
002,baseline-random-same-size,13,0.47302400178645665,0.48311948608426125,-0.010095484297804602,0.42741104479370257,0.4202024575075414,0.007208587286161139,0.05997212130789455,0.030871173774336742,0.02910094753355781,0.033112582781456956
003,ours-summary,15,0.7173163084295526,0.3337344713294444,0.38358183710010824,0.4860752045127461,0.4281842595283249,0.05789094498442121,0.23566792563221475,0.07448215800379886,0.1611857676284159,0.008620689655172414
003,baseline-spectral-cosine,15,0.6527607179442867,0.37773252415915826,0.27502819378512844,0.5337097043465586,0.42867335879771085,0.10503634554884778,0.2228602168904224,0.09143556301752859,0.13142465387289382,0.0
003,baseline-kmeans,15,0.8077763439650426,0.31331936603349725,0.49445697793154536,0.5036630275091377,0.42421502321007304,0.07944800429906468,0.28717896951748084,0.06285709751607345,0.2243218720014074,0.017241379310344827
003,baseline-spectral-adj,15,0.5424073091481624,0.39374338654614566,0.14866392260201672,0.5020866937494461,0.4339786870124999,0.06810800673694622,0.060744388867381836,0.10750053177479886,-0.046756142907417024,0.0
003,baseline-random-same-size,15,0.3913160596151343,0.40730651191791234,-0.015990452302778013,0.3971988014444095,0.44824196917020626,-0.051043167725796756,0.04996623853407349,0.11639148816602529,-0.0664252496319518,0.017241379310344827
004,ours-summary,14,0.5740250372514901,0.3449554372392795,0.2290696000122106,0.5615476168899232,0.42419276420195784,0.13735485268796532,0.09893948390157488,0.03704636542740588,0.061893118474169,0.0
004,baseline-spectral-cosine,14,0.4863737178584999,0.3580363055306489,0.128337412327851,0.43190852593352014,0.4457443962167713,-0.013835870283251173,0.11592427121897542,0.03334846214552432,0.0825758090734511,0.046153846153846156
004,baseline-kmeans,14,0.6638051155973032,0.35363771702526714,0.310167398572036,0.5472197994868757,0.4350575537606084,0.11216224572626732,0.28154518020290803,0.026246414079815285,0.25529876612309277,0.0
004,baseline-spectral-adj,14,0.5223239601979334,0.36478885026622715,0.15753510993170622,0.5331726206911569,0.43585650401278736,0.09731611667836954,0.017635145154920033,0.04827153544337828,-0.03063639028845825,0.028985507246376812
004,baseline-random-same-size,14,0.32938587687019677,0.38534241635500044,-0.05595653948480367,0.43016047069787333,0.4458831997032163,-0.015722729005342995,0.08233359664692046,0.03978779742343814,0.04254579922348232,0.02459016393442623
005,ours-summary,12,0.5597224342933379,0.34205594021407526,0.21766649407926264,0.5690408947639648,0.4245558558350852,0.1444850389288796,0.38979078937253586,0.05639235247467379,0.3333984368978621,0.0
005,baseline-spectral-cosine,12,0.49787105650557995,0.36018032817635914,0.1376907283292208,0.5330479104924256,0.43589549038892644,0.09715242010349917,0.351621474907965,0.07643165256268727,0.2751898223452778,0.0
005,baseline-kmeans,12,0.5952146930508064,0.35174703959116016,0.24346765345964627,0.5162810301769024,0.4397109255247539,0.07657010465214853,0.39897380139062777,0.07639960876991472,0.3225741926207131,0.0
005,baseline-spectral-adj,12,0.47395501621363323,0.3679953558984576,0.10595966031517562,0.5694784143820286,0.43662785366191487,0.13285056072011375,0.12073163703015911,0.10847517482182542,0.012256462208333693,0.01639344262295082
005,baseline-random-same-size,12,0.3964807304665739,0.3729749146146502,0.023505815851923684,0.4788113048437312,0.4416458905230267,0.03716541432070447,0.1005301693121828,0.11118007826459618,-0.010649908952413384,0.00847457627118644
006,ours-summary,11,0.6703479957137294,0.40545274311861024,0.26489525259511915,0.5733725685271959,0.41319362138880794,0.16017894713838793,0.27381642102377574,0.11363306596536402,0.16018335505841172,0.031496062992125984
006,baseline-spectral-cosine,11,0.6638510777480678,0.38325781023486905,0.2805932675131988,0.4837314520935925,0.42371607921061455,0.060015372882977924,0.21501695497966472,0.1155396260808614,0.09947732889880333,0.026595744680851064
006,baseline-kmeans,11,0.665658513012454,0.4164497816001251,0.24920873141232897,0.48755206002612855,0.43037942994738804,0.057172630078740516,0.3425057447752905,0.1112019615777402,0.2313037831975503,0.041237113402061855
006,baseline-spectral-adj,11,0.5707160515906058,0.43335826206493194,0.13735778952567385,0.48508542021700873,0.4325492476449409,0.05253617257206783,0.17128775414849587,0.13424932123666491,0.037038432911830954,0.014285714285714285
006,baseline-random-same-size,11,0.4577229036858779,0.4422420982787426,0.015480805407135312,0.4650945661853651,0.43192837111280324,0.033166195072561855,0.102195460677466,0.14332770079367643,-0.04113224011621043,0.031496062992125984
007,ours-summary,14,0.67558005229254,0.4252877355174596,0.25029231677508046,0.6148663082143419,0.43327633083031397,0.18158997738402788,0.3937915402667304,0.016591684275397037,0.3771998559913334,0.0196078431372549
007,baseline-spectral-cosine,14,0.6110361344241119,0.415118415550104,0.19591771887400788,0.46484452837081264,0.45222347824078574,0.0126210501300269,0.14878187882418964,0.03895480565306074,0.1098270731711289,0.022857142857142857
007,baseline-kmeans,14,0.7644685762706545,0.41700457682157677,0.3474639994490777,0.5477957466075861,0.44339021950059726,0.10440552710698886,0.42124808330164787,0.017161024304925623,0.40408705899672226,0.0425531914893617
007,baseline-spectral-adj,14,0.5783392012195825,0.4441883228629289,0.13415087835665357,0.5570350568909823,0.44588090860175933,0.11115414828922299,0.1589391785566885,0.0527689673634108,0.10617021119327769,0.0
007,baseline-random-same-size,14,0.4209924995801423,0.4595010825222877,-0.03850858294214543,0.47647882712456247,0.4518738579332884,0.024604969191274084,-0.010769380167000903,0.0709595550056218,-0.08172893517262271,0.0196078431372549
008,ours-summary,14,0.6540972732595017,0.3488069816020581,0.30529029165744365,0.5971710215069116,0.4083476008496808,0.1888234206572308,0.32576740174632396,0.09474654361927715,0.2310208581270468,0.0
008,baseline-spectral-cosine,14,0.6199445031374194,0.3509597083565291,0.2689847947808903,0.4743429992397561,0.42991682575216067,0.04442617348759542,0.18383868684950114,0.11947475393775195,0.06436393291174919,0.050955414012738856
008,baseline-kmeans,14,0.7192853142102121,0.35432058196112465,0.3649647322490875,0.5285509311975685,0.42565110460185535,0.10289982659571312,0.29779135510057353,0.10877780655124743,0.18901354854932612,0.018691588785046728
008,baseline-spectral-adj,14,0.5073657558414538,0.38721858750038674,0.12014716834106709,0.49047330995593336,0.43330112266136916,0.05717218729456419,0.15397589807251505,0.1283702788857636,0.025605619186751444,0.030303030303030304
008,baseline-random-same-size,14,0.35294256442916544,0.403323127395315,-0.05038056296614957,0.42187843092885513,0.4400797177458333,-0.01820128681697819,0.11904148958644574,0.13216883733111529,-0.013127347744669546,0.07586206896551724
009,ours-summary,16,0.539787718683495,0.33870180239724085,0.2010859162862541,0.5207847496487582,0.4048235455010822,0.11596120414767602,0.3439353726138412,0.11436155695742042,0.2295738156564208,0.0
009,baseline-spectral-cosine,16,0.5584634212002414,0.34059983306495534,0.21786358813528606,0.48429925820904884,0.41240668408484643,0.07189257412420241,0.20496360952229856,0.13853823600952234,0.06642537351277622,0.010101010101010102
009,baseline-kmeans,16,0.617003896339019,0.33568313274596157,0.2813207635930574,0.4131360718786138,0.422078824755715,-0.008942752877101223,0.28214754332424347,0.12963242669830866,0.1525151166259348,0.054945054945054944
009,baseline-spectral-adj,16,0.47027124394955594,0.35888877128204066,0.11138247266751528,0.50314891128184,0.41472412617902965,0.08842478510281038,0.11420127862388282,0.14906647840573464,-0.03486519978185182,0.03389830508474576
009,baseline-random-same-size,16,0.36440948573108833,0.3673095992618178,-0.0029001135307294423,0.49499640911158,0.4090301542411893,0.08596625487039067,0.1949926062635215,0.1386571855110187,0.05633542075250281,0.0
010,ours-summary,12,0.4349445447511416,0.39128705132415653,0.04365749342698505,0.5560699316961121,0.47187006571109097,0.0841998659850211,0.41140443666490323,-0.010216856336455605,0.4216212930013588,0.0
010,baseline-spectral-cosine,12,0.43745199798052814,0.39112458565029096,0.04632741233023718,0.5843294048545781,0.46763439842503307,0.116695006429545,0.43120156232529305,-0.011045966452927951,0.442247528778221,0.0
010,baseline-kmeans,12,0.40521123135693843,0.3967625080786273,0.008448723278311143,0.5353141086916845,0.4774789914313754,0.0578351172603091,0.41344967550880907,0.003528188747785811,0.40992148676102325,0.0
010,baseline-spectral-adj,12,0.5462709373160658,0.3814543503225418,0.16481658699352397,0.5938044250971113,0.47234967678728834,0.12145474830982295,0.08085049907274176,0.049260418597511214,0.03159008047523055,0.01020408163265306
010,baseline-random-same-size,12,0.4141131890526435,0.39491956530716865,0.01919362374547484,0.46253133419262443,0.48818106669924355,-0.025649732506619116,0.024267587425107984,0.057290992819238225,-0.03302340539413024,0.0
011,ours-summary,8,0.5625578380556522,0.43255782279335975,0.13000001526229243,0.6148703089383497,0.4826537844695188,0.13221652446883092,0.405619965985754,-0.03617196500503574,0.4417919309907897,0.0
011,baseline-spectral-cosine,8,0.576882082092108,0.4272126952338487,0.1496693868582593,0.5961196477619521,0.48352114216906367,0.11259850559288848,0.3040724332670198,-0.025915511470223654,0.32998794473724347,0.0
011,baseline-kmeans,8,0.5751469859738098,0.4348106326234764,0.14033635335033334,0.6040246601086603,0.48803411834783716,0.11599054176082313,0.4010525350136781,-0.022331064955426135,0.42338359996910424,0.0
011,baseline-spectral-adj,8,0.5954386124419235,0.4321601203867422,0.16327849205518136,0.6122082059110607,0.48696517553424745,0.12524303037681328,0.05132571704637012,0.023350596492123725,0.027975120554246398,0.0
011,baseline-random-same-size,8,0.43184667359934586,0.45419874406096017,-0.022352070461614304,0.49528218853562755,0.5024531421520887,-0.00717095361646114,0.04932512347776742,0.022817247330723624,0.026507876147043797,0.02666666666666667
012,ours-summary,16,0.6291513958081312,0.3849037734775822,0.24424762233054897,0.6460324410654917,0.48484471604125867,0.16118772502423306,0.36121932493309883,0.10645565805433109,0.2547636668787677,0.009345794392523364
012,baseline-spectral-cosine,16,0.6341848021219129,0.39746932145635855,0.2367154806655543,0.5500836460952465,0.5027710175938153,0.04731262850143125,0.32633207546578274,0.1234574014504464,0.20287467401533635,0.014492753623188406
012,baseline-kmeans,16,0.6725887428935973,0.3964609148223953,0.27612782807120195,0.5918088435007453,0.4996292712990647,0.09217957220168055,0.43245521419449245,0.11627145175257364,0.3161837624419188,0.0
012,baseline-spectral-adj,16,0.5799699575847893,0.4054309991162951,0.1745389584684942,0.5555222142668331,0.503054953825898,0.05246726044093508,0.2910108622656681,0.1293857280152322,0.16162513425043587,0.0
012,baseline-random-same-size,16,0.44202904391300807,0.41465428113401337,0.0273747627789947,0.5811367249517618,0.4951624599107521,0.08597426504100975,0.08823308704326682,0.1498576304974396,-0.06162454345417279,0.0
013,ours-summary,9,0.4438052188564038,0.3366358614112151,0.10716935744518868,0.5404556952971643,0.4510714470642626,0.0893842482329017,0.4050107221406984,-0.010308319483425804,0.4153190416241242,0.0
013,baseline-spectral-cosine,9,0.5025660663607421,0.327058102126367,0.1755079642343751,0.5511094696043861,0.44933492878511194,0.10177454081927417,0.38920864253990306,-0.007732650121181632,0.3969412926610847,0.0
013,baseline-kmeans,9,0.5203449181664686,0.3283883459340766,0.19195657223239193,0.4983372422224036,0.4588072735278697,0.0395299686945339,0.39609820454591227,-0.00012816529741814184,0.39622636984333043,0.0
013,baseline-spectral-adj,9,0.5791190563297378,0.3262756995591357,0.2528433567706021,0.5525991616615441,0.4536682165286391,0.09893094513290501,0.06811642956654056,0.04564346447559941,0.022472965090941148,0.0
013,baseline-random-same-size,9,0.39022464935310525,0.34536925820250164,0.04485539115060361,0.5408819730457383,0.45100196566912054,0.08988000737661772,-0.019707697734929364,0.05891891195004656,-0.07862660968497592,0.0
014,ours-summary,11,0.4588843264865449,0.3829510490801943,0.07593327740635064,0.5348577348247413,0.4616811194000654,0.0731766154246759,0.40618059144732294,-0.0541259053854432,0.46030649683276614,0.0
014,baseline-spectral-cosine,11,0.4351043254795294,0.3841975981048019,0.050906727374727456,0.5111082735471918,0.4630662530369715,0.048042020510220274,0.30132648637990145,-0.055245111019074235,0.3565715973989757,0.014925373134328358
014,baseline-kmeans,11,0.49170334969736856,0.3828240366003903,0.10887931309697824,0.486849832592777,0.47012935172210085,0.016720480870676124,0.3132110179217958,-0.023478664430553905,0.3366896823523497,0.0
014,baseline-spectral-adj,11,0.545203260259779,0.38027115734390726,0.1649321029158718,0.5034090378577885,0.4690155293477359,0.03439350851005257,-0.01749153272131827,0.011548339027692839,-0.02903987174901111,0.01694915254237288
014,baseline-random-same-size,11,0.3944746196642718,0.3932324107325758,0.001242208931695965,0.4724944567452233,0.4716358210653406,0.0008586356798827022,-0.008302500398017063,0.012035714909118124,-0.020338215307135185,0.0196078431372549
015,ours-summary,11,0.4801908564966739,0.41977778862634024,0.06041306787033368,0.5159888705280041,0.4157348780593787,0.10025399246862543,0.399000079565272,0.05389514799099966,0.34510493157427236,0.0
015,baseline-spectral-cosine,11,0.6252729151989714,0.4105701560524326,0.21470275914653886,0.5694447920552698,0.4187286168058918,0.15071617524937797,0.4736348500024902,0.07487142785076722,0.398763422151723,0.0
015,baseline-kmeans,11,0.5292036550240711,0.4193687166003827,0.10983493842368836,0.5017391037452277,0.4249326222078959,0.07680648153733177,0.4012439358421994,0.08025632044096334,0.3209876154012361,0.0
015,baseline-spectral-adj,11,0.5214104980057509,0.42070307480299074,0.10070742320276016,0.4450290340289699,0.43086673954016497,0.01416229448880496,0.15640427871288412,0.10582075187902149,0.050583526833862635,0.08928571428571429
015,baseline-random-same-size,11,0.5039484893377462,0.4151344562114817,0.08881403312626446,0.4498308251142549,0.4286651981307566,0.021165626983498276,0.08011076613341411,0.11622076332967397,-0.03610999719625986,0.08737864077669903
016,ours-summary,9,0.590126891908709,0.33272857856983606,0.257398313338873,0.5056413685734779,0.46204502660425656,0.0435963419692213,0.2337664109885863,-0.0426851211439439,0.2764515321325302,0.00819672131147541
016,baseline-spectral-cosine,9,0.5154944523129259,0.3403502979712907,0.17514415434163522,0.49814551719885924,0.46239192704593496,0.035753590152924286,0.31647382310082817,-0.06438258546124324,0.3808564085620714,0.0
016,baseline-kmeans,9,0.5685551259075273,0.34161915338428644,0.22693597252324088,0.5082239538408758,0.46274793187284813,0.04547602196802769,0.2701447103779432,-0.04080310330217601,0.3109478136801192,0.009708737864077669
016,baseline-spectral-adj,9,0.4677021633477009,0.3540356396956036,0.11366652365209734,0.5669383240003099,0.4546268995927833,0.11231142440752656,-0.006776186580334823,-0.0051413637044181336,-0.0016348228759166892,0.0
016,baseline-random-same-size,9,0.34600083810764753,0.3708635063082861,-0.024862668200638538,0.46127643790702,0.4689752718556111,-0.007698833948591111,-0.0019328210230606289,-0.0058665471293204395,0.00393372610625981,0.00819672131147541
017,ours-summary,13,0.5889113249268237,0.3973039778890148,0.19160734703780896,0.5649420584545596,0.4545755579867623,0.11036650046779728,0.44109156293970936,-0.032319331013171915,0.4734108939528813,0.0
017,baseline-spectral-cosine,13,0.5085012008704464,0.40466531320219273,0.10383588766825363,0.5372894363309891,0.45454129047408826,0.08274814585690088,0.30457010115744426,-0.02836521913724248,0.33293532029468675,0.007633587786259542
017,baseline-kmeans,13,0.6001223719848643,0.40877181396372525,0.19135055802113904,0.5328733841759465,0.4645156488356801,0.06835773534026646,0.3832246864390982,0.003420703963729521,0.3798039824753687,0.0
017,baseline-spectral-adj,13,0.49897711776639747,0.41900944352649644,0.07996767423990103,0.5243840213445258,0.4663272190764475,0.0580568022680783,-0.008490545204905692,0.03649068572706881,-0.0449812309319745,0.0
017,baseline-random-same-size,13,0.4588826882902999,0.4183664677904682,0.04051622049983167,0.45325609168687575,0.47266683855408964,-0.01941074686721389,0.039054121539414705,0.03280408924671051,0.006250032292704197,0.01020408163265306
018,ours-summary,11,0.46055623613237534,0.37095127435116787,0.08960496178120747,0.5006715464694568,0.4220899036244318,0.078581642845025,0.3599691435105998,-0.0063501845198277234,0.3663193280304275,0.0
018,baseline-spectral-cosine,11,0.48207303201341123,0.3699715332409661,0.11210149877244513,0.4759070812059741,0.42772508959468714,0.048181991611286945,0.3275329752808028,0.007564515322881342,0.31996845995792145,0.0
018,baseline-kmeans,11,0.5486636409145574,0.37081406795552757,0.17784957295902987,0.47354708965102454,0.43066897437754137,0.042878115273483175,0.3415569069758356,0.02463967004765045,0.31691723692818513,0.0
018,baseline-spectral-adj,11,0.5509985758021901,0.3695584366026132,0.1814401391995769,0.4781723420349644,0.4300018378238439,0.04817050421112051,0.0011581690879035218,0.05331122014096091,-0.052153051053057384,0.01639344262295082
018,baseline-random-same-size,11,0.3956682413757479,0.3825052575192796,0.013162983856468302,0.4143198155994918,0.4374657285170169,-0.023145912917525102,0.04393269832936697,0.04992339554423916,-0.005990697214872193,0.03571428571428571
019,ours-summary,12,0.47834335343453116,0.39658917960038287,0.08175417383414829,0.5624807242596911,0.48428237183776757,0.07819835242192352,0.43110951368503475,-0.018883267622700702,0.44999278130773546,0.0
019,baseline-spectral-cosine,12,0.4881408514443684,0.3935172108318841,0.0946236406124843,0.5180872623694167,0.4904178900485217,0.027669372320895003,0.2058008038765397,0.011334573631437906,0.1944662302451018,0.028037383177570093
019,baseline-kmeans,12,0.48882454582422546,0.39998753307269963,0.08883701275152583,0.5297019837125913,0.491304200207834,0.038397783504757255,0.3852961337169324,0.008941318170492572,0.3763548155464398,0.016666666666666666
019,baseline-spectral-adj,12,0.49447994363611536,0.3983600989668739,0.09611984466924145,0.5718534378959786,0.4865887750183712,0.08526466287760742,0.008865691399279788,0.04250213771466621,-0.033636446315386426,0.029411764705882353
019,baseline-random-same-size,12,0.3863594608249477,0.41027980547715803,-0.023920344652210324,0.5199116356522757,0.49061823618863865,0.02929339946363707,0.018308562256494142,0.04255687398526813,-0.02424831172877399,0.0
020,ours-summary,15,0.5649028751436926,0.30901825748453987,0.25588461765915277,0.6169635300676551,0.45084982659019995,0.1661137034774552,0.4701118039766745,0.1182353411082642,0.35187646286841034,0.0
020,baseline-spectral-cosine,15,0.46181659826301347,0.3200652215111147,0.14175137675189875,0.5035202068996614,0.4641958244805778,0.03932438241908359,0.1976233873524564,0.15077740994418362,0.04684597740827279,0.02586206896551724
020,baseline-kmeans,15,0.5663452488145123,0.31839097692013574,0.24795427189437658,0.5221266695067364,0.4645586125653151,0.05756805694142125,0.3835909225244296,0.13816971851670456,0.24542120400772505,0.0
020,baseline-spectral-adj,15,0.49243232439164625,0.3220452833435734,0.17038704104807284,0.47744619328919125,0.46799178802961816,0.009454405259573084,0.13969228553798424,0.15782312149543956,-0.01813083595745532,0.047058823529411764
020,baseline-random-same-size,15,0.3570773775125993,0.33420209468332474,0.02287528282927459,0.48467244970780454,0.4668805690573619,0.017791880650442626,0.18439519606452956,0.15285785191981519,0.031537344144714374,0.06542056074766354
021,ours-summary,13,0.49147178868031954,0.3591589238957249,0.13231286478459464,0.5362319631102553,0.4418825188172365,0.09434944429301884,0.21232135918995523,0.045440716671043394,0.16688064251891183,0.013071895424836602
021,baseline-spectral-cosine,13,0.6052594834981114,0.3377197401516207,0.2675397433464907,0.525241883579451,0.44369660676776185,0.08154527681168916,0.24207610268612537,0.03951766693817608,0.2025584357479493,0.0
021,baseline-kmeans,13,0.6145699878521501,0.353206970992804,0.2613630168593461,0.5628116938815269,0.4445145946266779,0.11829709925484894,0.2923595829630965,0.04638549383529979,0.24597408912779672,0.01
021,baseline-spectral-adj,13,0.5460101068318117,0.3617385153388777,0.18427159149293404,0.5096969878157237,0.4507474807333183,0.05894950708240543,0.038117036435019104,0.07478726209392017,-0.036670225658901066,0.0625
021,baseline-random-same-size,13,0.35626337930147955,0.3838744395886311,-0.027611060287151545,0.4852584975492978,0.45120024908106743,0.03405824846823036,0.023962223949260196,0.0798719564462242,-0.05590973249696401,0.013071895424836602
022,ours-summary,13,0.5370297534666493,0.31694451114045097,0.2200852423261983,0.47664059034588097,0.421176688083765,0.05546390226211595,0.24055749327979964,0.04750390645114783,0.1930535868286518,0.030303030303030304
022,baseline-spectral-cosine,13,0.5152177186682569,0.3271909972840796,0.18802672138417736,0.46392891674509806,0.4249685825276722,0.03896033421742584,0.25043995416934434,0.051627014410644885,0.19881293975869946,0.03571428571428571
022,baseline-kmeans,13,0.6796779428440153,0.29904702119225823,0.38063092165175705,0.48397438857835845,0.42151416176099177,0.06246022681736668,0.2992856739490607,0.043053732139480494,0.2562319418095802,0.02654867256637168
022,baseline-spectral-adj,13,0.509088878797767,0.34081401140828466,0.16827486738948233,0.4571006450802785,0.4282713256392183,0.028829319441060153,0.08345629008577142,0.07989112884116925,0.003565161244602169,0.0967741935483871
022,baseline-random-same-size,13,0.37618098968772673,0.34971000005837966,0.026470989629347075,0.4521559418856209,0.42616430165900315,0.025991640226617763,0.17371894062033158,0.061119167178076514,0.11259977344225507,0.06060606060606061
023,ours-summary,10,0.590314630255764,0.3815326030276865,0.20878202722807754,0.5471506161428707,0.4665502441328192,0.08060037201005155,0.4286707093266906,0.1593419574885916,0.269328751838099,0.0
023,baseline-spectral-cosine,10,0.6711438636048013,0.3488513703967998,0.32229249320800146,0.5054167029655497,0.4714434174386593,0.03397328552689044,0.3311868890383418,0.1656168490466468,0.165570039991695,0.013245033112582781
023,baseline-kmeans,10,0.6263347145093078,0.3744265434382147,0.2519081710710931,0.5539578965096331,0.4650219692411659,0.08893592726846722,0.4080310225530754,0.16166168427039015,0.24636933828268523,0.0
023,baseline-spectral-adj,10,0.5126772028606472,0.4010862538516306,0.11159094900901662,0.582945192803785,0.46751300850161626,0.11543218430216873,0.254816122864909,0.1919467892407925,0.06286933362411651,0.0
023,baseline-random-same-size,10,0.40836486574711606,0.4117215774080451,-0.003356711660929046,0.495402435794866,0.4751362650874209,0.020266170707445075,0.2555399439833083,0.1880676898549824,0.06747225412832591,0.009009009009009009
024,ours-summary,18,0.5649263166944274,0.35982179071110776,0.20510452598331963,0.5168349893556093,0.3810914125947492,0.13574357676086013,0.31226122689619507,0.12330035919719382,0.18896086769900125,0.0
024,baseline-spectral-cosine,18,0.550794101227709,0.3656544753823901,0.1851396258453189,0.40531138729788685,0.40067017994384563,0.004641207354041221,0.10128934505940013,0.159128111233606,-0.057838766174205886,0.057971014492753624
024,baseline-kmeans,18,0.6348853399454722,0.35887151611108176,0.2760138238343905,0.4672910701022886,0.39279583051763123,0.07449523958465737,0.28816696560242105,0.13381913135622256,0.1543478342461985,0.01694915254237288
024,baseline-spectral-adj,18,0.46879890316618406,0.3845611289031418,0.08423777426304224,0.37350420266372863,0.4033353988253248,-0.029831196161596185,0.11010391971173922,0.15445899076266417,-0.044355071050924955,0.2676056338028169
024,baseline-random-same-size,18,0.3130550633883441,0.40384922885995767,-0.09079416547161356,0.43207597199788045,0.39590740427816606,0.036168567719714384,0.2132649517550504,0.14060504293355733,0.07265990882149306,0.06493506493506493
025,ours-summary,14,0.41110635040094895,0.3381063396192672,0.07300001078168172,0.5271402932020058,0.4018499154607932,0.12529037774121266,0.41539179689456684,0.07049781908329159,0.3448939778112753,0.0
025,baseline-spectral-cosine,14,0.5306115735890164,0.33492122484988834,0.1956903487391281,0.5952802019271551,0.40642060747339404,0.1888595944537611,0.3886451869168388,0.09878566056343621,0.2898595263534026,0.0
025,baseline-kmeans,14,0.5024309866866956,0.33284377881220834,0.16958720787448728,0.5767225947730947,0.4035503936183074,0.17317220115478732,0.5156788052067302,0.07880459015309584,0.43687421505363433,0.0
025,baseline-spectral-adj,14,0.46495463295064066,0.3399236128967524,0.12503102005388828,0.48886854205863295,0.4143325093152755,0.07453603274335746,0.1280093012693477,0.11790112725823115,0.01010817401111655,0.0
025,baseline-random-same-size,14,0.33324260927731575,0.3507189786773103,-0.01747636939999453,0.38178446638588726,0.4253951568293546,-0.043610690443467326,0.12692217250282753,0.11722513014178822,0.009697042361039312,0.04081632653061224
026,ours-summary,11,0.5922677883296489,0.32338516508628584,0.26888262324336304,0.5549546029417923,0.4537974311087278,0.10115717183306455,0.1447460489410284,0.028876127226835132,0.11586992171419327,0.0
026,baseline-spectral-cosine,11,0.7186886769563116,0.29628118407011145,0.4224074928862001,0.5381997175186578,0.45600958759684257,0.08219012992181524,0.1348893965337143,0.029608924761016127,0.10528047177269817,0.0
026,baseline-kmeans,11,0.6748298817834179,0.3052093255803961,0.36962055620302176,0.5470638452068955,0.4544161905204064,0.09264765468648917,0.09530040471723815,0.03732026887673032,0.05798013584050783,0.0
026,baseline-spectral-adj,11,0.6241854965830149,0.336970136085216,0.28721536049779894,0.5465796038931863,0.4610776792869835,0.08550192460620276,0.15034497793354246,0.035598318144083874,0.11474665978945858,0.0
026,baseline-random-same-size,11,0.33169007784802024,0.3705559116778416,-0.03886583382982134,0.5037860779695965,0.46306014786399413,0.04072593010560238,0.008331693764469197,0.05357036130998255,-0.04523866754551335,0.027586206896551724
027,ours-summary,15,0.48626193762821635,0.2813323687121967,0.20492956891601966,0.51972726247792,0.37393268729098017,0.14579457518693983,0.3101273559946899,0.05234897032369537,0.25777838567099454,0.0
027,baseline-spectral-cosine,15,0.5426112733446616,0.2830353317046505,0.25957594164001113,0.48502323074010495,0.38440201199282764,0.10062121874727731,0.23500566379662483,0.07256311793688562,0.16244254585973922,0.0
027,baseline-kmeans,15,0.513165908995842,0.28741537853109966,0.22575053046474236,0.48972086567594253,0.384164377986728,0.10555648768921455,0.32186178160528006,0.06265651464772813,0.2592052669575519,0.0
027,baseline-spectral-adj,15,0.5133810208944564,0.29832836284658015,0.2150526580478762,0.48052043031763725,0.3898801172084835,0.09064031310915377,0.06331643362478803,0.09224410457332692,-0.02892767094853889,0.046875
027,baseline-random-same-size,15,0.28184756232615493,0.31679200524418694,-0.034944442918032004,0.3863398340272268,0.3970713228385493,-0.010731488811322465,0.06228226043029139,0.09534250730935634,-0.03306024687906495,0.0718954248366013
028,ours-summary,13,0.6140422845211592,0.36816319796600566,0.2458790865551535,0.5462790219080426,0.4138479318459073,0.13243109006213527,0.11772832455328333,0.07393437590326098,0.043793948650022355,0.011111111111111112
028,baseline-spectral-cosine,13,0.6453650897444235,0.34583744964465885,0.2995276400997647,0.4721657876549098,0.41975433705959614,0.05241145059531366,0.14346683418058484,0.06598484818218547,0.07748198599839937,0.02962962962962963
028,baseline-kmeans,13,0.8210067652490977,0.3332936264471821,0.4877131388019156,0.5027434756299449,0.41758209602475127,0.08516137960519365,0.27144411155862286,0.05075063689536206,0.2206934746632608,0.019230769230769232
028,baseline-spectral-adj,13,0.5779218840614443,0.38403701367555065,0.19388487038589364,0.4949213173714625,0.4243373871963486,0.07058393017511388,0.04851494400960123,0.08057883732305919,-0.032063893313457964,0.0
028,baseline-random-same-size,13,0.34781716458599604,0.40098547302650533,-0.05316830844050929,0.4454344564044675,0.4262808234833344,0.01915363292113309,0.02626134398472907,0.08521112693226081,-0.05894978294753174,0.03333333333333333
029,ours-summary,14,0.39956332724023935,0.3284335278980655,0.07112979934217384,0.6380643037894729,0.4598073786619074,0.17825692512756547,0.5694147274610069,0.07718647443815102,0.49222825302285583,0.0
029,baseline-spectral-cosine,14,0.44515231949592965,0.3255094722360494,0.11964284725988023,0.5334354808404005,0.477368652136758,0.05606682870364249,0.2961484221139971,0.12389959412214921,0.1722488279918479,0.0
029,baseline-kmeans,14,0.4279507115767834,0.32763326285014405,0.10031744872663934,0.5719031340286957,0.4731595270367378,0.09874360699195794,0.4661486220220581,0.1051721073678116,0.3609765146542465,0.0
029,baseline-spectral-adj,14,0.41634848504035193,0.3324333104986955,0.08391517454165642,0.47055199219649946,0.48393731250428773,-0.013385320307788273,0.12147253211233025,0.14283365967961403,-0.021361127567283783,0.09523809523809523
029,baseline-random-same-size,14,0.32850677733640116,0.33911041881625875,-0.010603641479857595,0.5029585570663863,0.4801082421591588,0.022850314907227443,0.08646001812033186,0.1497547986395996,-0.06329478051926773,0.0
030,ours-summary,10,0.6569619962920019,0.39041480959130526,0.26654718670069666,0.5410722581965931,0.5104738696829269,0.030598388513666253,0.25375913467938904,-0.04084449330402146,0.2946036279834105,0.0
030,baseline-spectral-cosine,10,0.42077604325583984,0.43869616957075896,-0.017920126314919127,0.5544305072943271,0.5061405735756637,0.048289933718663414,0.24308741667438305,-0.048577359270319885,0.2916647759447029,0.0
030,baseline-kmeans,10,0.5469598155222639,0.4229378764492105,0.12402193907305342,0.5370879275276349,0.5132606498269492,0.02382727770068571,0.37330066860478467,-0.03130836556739457,0.40460903417217925,0.0
030,baseline-spectral-adj,10,0.5039762842032991,0.42518000117897614,0.07879628302432296,0.5481537806770119,0.5108822069911144,0.03727157368589751,0.07724916985891954,-0.0013411120812672434,0.07859028194018679,0.0
030,baseline-random-same-size,10,0.4537721763385022,0.43142847124601785,0.022343705092484345,0.5157720465582365,0.5155806920629341,0.00019135449530238713,-0.027243523946695592,0.015875611904017203,-0.043119135850712795,0.0
031,ours-summary,10,0.45743675660938965,0.3611624504545401,0.09627430615484955,0.5921530815418673,0.5088942556597067,0.0832588258821606,0.4162024092451366,-0.03324684785646251,0.4494492571015991,0.008771929824561403
031,baseline-spectral-cosine,10,0.5360201995979065,0.3526072546428663,0.18341294495504018,0.5778447378710413,0.5123061583265042,0.06553857954453712,0.1373060597760354,0.011670267184710316,0.1256357925913251,0.01
031,baseline-kmeans,10,0.5126918419371268,0.3558788036630398,0.156813038274087,0.527513506816974,0.5189312639090464,0.008582242907927529,0.33580667027604216,-0.013954305842729775,0.34976097611877194,0.010101010101010102
031,baseline-spectral-adj,10,0.5235042635607189,0.35687938622208104,0.16662487733863784,0.580629762730431,0.5130065215437204,0.06762324118671059,0.058550749136699304,0.022586304503413385,0.03596444463328592,0.0
031,baseline-random-same-size,10,0.3697236949907433,0.37454837953690384,-0.004824684546160529,0.5360511059059437,0.5174560029455103,0.01859510296043343,0.026699550220389914,0.02619535552884021,0.0005041946915497024,0.017543859649122806
032,ours-summary,8,0.534096797281822,0.396001547666196,0.13809524961562603,0.5765164602039601,0.5216700098047453,0.05484645039921476,0.3138293858586113,0.003957329772107904,0.3098720560865034,0.0
032,baseline-spectral-cosine,8,0.525611351740153,0.3854448858487564,0.14016646589139664,0.5563918403402198,0.522156000337751,0.03423584000246882,0.3117842136670154,-0.02447673815752473,0.33626095182454013,0.0
032,baseline-kmeans,8,0.5130750413276708,0.40148046895999917,0.11159457236767162,0.5520299695203624,0.5262677824666465,0.025762187053715913,0.4062877681590235,-0.004702673359878157,0.4109904415189017,0.009345794392523364
032,baseline-spectral-adj,8,0.602581441103197,0.3843757664754063,0.21820567462779072,0.5782354208791307,0.5213782033563212,0.05685721752280948,0.11260401908378094,0.0381168428194757,0.07448717626430523,0.008403361344537815
032,baseline-random-same-size,8,0.4013558380696179,0.418535319629466,-0.01717948155984811,0.5230046675265081,0.5307540373776651,-0.00774936985115704,0.045395692106631205,0.0495259596672372,-0.004130267560605992,0.0
033,ours-summary,9,0.5809892051258909,0.4031070604507117,0.1778821446751792,0.6141895789466928,0.5185990010500653,0.0955905778966275,0.3403228613439074,0.0057894763872613775,0.334533384956646,0.0
033,baseline-spectral-cosine,9,0.5868536646913917,0.3820786371326835,0.2047750275587082,0.5565930843922969,0.525707183610204,0.030885900782092968,0.31898581358856176,-0.023949663357508998,0.34293547694607074,0.004761904761904762
033,baseline-kmeans,9,0.6320045701070999,0.398696317631277,0.23330825247582287,0.5838102210352256,0.5250860784674669,0.05872414256775871,0.37705358071272443,0.006568932900788383,0.3704846478119361,0.0
033,baseline-spectral-adj,9,0.5164910790803333,0.41497335979095623,0.10151771928937708,0.5474568309444208,0.5304181102468064,0.017038720697614362,0.10515664638657478,0.04742795786295717,0.05772868852361761,0.022900763358778626
033,baseline-random-same-size,9,0.436250673490735,0.428549380464704,0.007701293026031009,0.5628919174300383,0.5276161681135397,0.03527574931649857,0.1460963663000216,0.03993085246919443,0.10616551383082717,0.0
034,ours-summary,10,0.6009787481269615,0.4357870930139146,0.1651916551130469,0.575043269816195,0.5347954654030307,0.040247804413164334,0.3149473252777167,0.01919735793637069,0.295749967341346,0.0
034,baseline-spectral-cosine,10,0.5806166884302767,0.4339591268815605,0.14665756154871618,0.5470266200647306,0.538938824986106,0.00808779507862456,0.18702023095825382,0.03413025974831942,0.1528899712099344,0.0
034,baseline-kmeans,10,0.6581078875308168,0.43909109526660556,0.21901679226421128,0.5741594738070759,0.5370238199880405,0.037135653819035386,0.2964002232366015,0.03673073139341351,0.259669491843188,0.0
034,baseline-spectral-adj,10,0.5285753918529341,0.44931850863635003,0.07925688321658408,0.5899336943582549,0.5339330864281309,0.05600060793012407,0.03534280997601721,0.06259846711467455,-0.027255657138657345,0.0
034,baseline-random-same-size,10,0.48710833588957003,0.4537572674451279,0.033351068444442133,0.5327114667347614,0.5414759530768194,-0.008764486342057953,0.07864813506482196,0.05648832389184313,0.022159811172978834,0.0
035,ours-summary,8,0.5786180153659306,0.416522229077121,0.1620957862888096,0.579755134254238,0.4800538328748554,0.09970130137938255,0.31113384800029387,-0.03913015010184063,0.3502639981021345,0.007407407407407408
035,baseline-spectral-cosine,8,0.5741800955146604,0.404044519978667,0.1701355755359934,0.5284500536818584,0.4852372873754304,0.04321276630642795,0.24878735127606447,-0.052127510434777875,0.30091486171084236,0.005050505050505051
035,baseline-kmeans,8,0.6415773493095934,0.4077717035434616,0.23380564576613183,0.4782802106647252,0.4968083897308204,-0.01852817906609522,0.2205618873923285,-0.02225699599285613,0.24281888338518462,0.031007751937984496
035,baseline-spectral-adj,8,0.6092760962650643,0.41382880368186686,0.19544729258319743,0.5746969374336165,0.48203834885094743,0.09265858858266907,0.10225416875679487,-0.003061209923449988,0.10531537868024486,0.016
035,baseline-random-same-size,8,0.4240634291326256,0.44224956464000154,-0.01818613550737591,0.47364352391097425,0.49771729452262436,-0.024073770611650114,-0.01721979047182277,0.01552797714074351,-0.03274776761256628,0.007407407407407408
036,ours-summary,12,0.6691424164934281,0.39338105111733407,0.275761365376094,0.5579969051649897,0.46183689587465565,0.09616000929033403,0.2351809294534887,-0.037138073725399005,0.2723190031788877,0.0
036,baseline-spectral-cosine,12,0.5076096214177251,0.4130813762867104,0.09452824513101477,0.5625126047298511,0.4565378698226967,0.10597473490715442,0.3796236499197827,-0.078475486535407,0.4580991364551897,0.0
036,baseline-kmeans,12,0.7289037484738837,0.3995611896948547,0.329342558779029,0.49143002723631196,0.4725193791434087,0.01891064809290327,0.33063624807626174,-0.034590203975230195,0.36522645205149196,0.0
036,baseline-spectral-adj,12,0.673176559883154,0.39927175574257945,0.2739048041405745,0.6525677869397223,0.45261849758300543,0.19994928935671685,-0.006927035547886168,-0.0015446775307032378,-0.00538235801718293,0.0
036,baseline-random-same-size,12,0.3966603553629754,0.4335833224316632,-0.036922967068687806,0.48543356628650014,0.472542962266564,0.012890604019936136,-0.05172801532392947,0.005192754192580707,-0.05692076951651018,0.012345679012345678
037,ours-summary,9,0.7237809015051194,0.3825049380622601,0.3412759634428593,0.6137293095167724,0.47236004883709276,0.14136926067967964,0.3611137034663807,-0.03924939252895518,0.4003630959953359,0.0
037,baseline-spectral-cosine,9,0.580487540393477,0.3842886181873352,0.19619892220614188,0.5049114045998554,0.4887526184447749,0.016158786155080485,0.20544335847760364,-0.041091566874996814,0.24653492535260046,0.004201680672268907
037,baseline-kmeans,9,0.7228293171381375,0.3826642835576745,0.34016503358046296,0.4972633364521568,0.49186260564744116,0.005400730804715648,0.2834421468415364,-0.026243070546964765,0.3096852173885012,0.0
037,baseline-spectral-adj,9,0.6586367690681315,0.4007132302069771,0.25792353886115443,0.5900532720864984,0.4794548133704467,0.11059845871605167,0.06930847008071547,0.01125718068594913,0.058051289394766344,0.00847457627118644
037,baseline-random-same-size,9,0.4337883826937155,0.4310650060707736,0.00272337662294192,0.5036983636841094,0.49078504212510937,0.01291332155899999,0.022552964413695312,0.017443561416187886,0.005109402997507426,0.035211267605633804
038,ours-summary,9,0.6406846470153126,0.36263063454877514,0.27805401246653744,0.5989318558826757,0.4737046112516423,0.1252272446310334,0.2876907490352766,-0.04348392641570087,0.33117467545097745,0.0
038,baseline-spectral-cosine,9,0.5283658618408206,0.37177020027633917,0.1565956615644814,0.5290823267410297,0.4816671232992594,0.047415203441770304,0.2883097153270899,-0.059431554348754655,0.3477412696758445,0.008547008547008548
038,baseline-kmeans,9,0.617056014959337,0.3540624393294681,0.2629935756298689,0.5217070671617816,0.4831396580616691,0.038567409100112526,0.1777228358143176,-0.03735192140849125,0.21507475722280886,0.008547008547008548
038,baseline-spectral-adj,9,0.5510919165735858,0.36970896345250825,0.18138295312107755,0.5285722884120119,0.48239930478982707,0.046172983622184804,0.030163816647490172,-0.007377963248614711,0.03754177989610488,0.027522935779816515
038,baseline-random-same-size,9,0.3875067410165925,0.3993290606625962,-0.01182231964600372,0.4874988052924782,0.4898569589756286,-0.002358153683150399,-0.06862580129701727,0.008164563779045307,-0.07679036507606257,0.02247191011235955
039,ours-summary,11,0.622543927243573,0.3868729797498714,0.2356709474937016,0.4782077568499064,0.4374604639104454,0.040747292939461,0.14232184789573876,-0.017679537800353563,0.16000138569609232,0.0
039,baseline-spectral-cosine,11,0.48849007570250047,0.40143794715733583,0.08705212854516464,0.4499286869234057,0.44155358412224727,0.00837510280115844,0.16318667876857415,-0.04232924981973093,0.20551592858830509,0.0
039,baseline-kmeans,11,0.614714924419362,0.4034024298542166,0.21131249456514545,0.4427767007271213,0.44360171306426793,-0.0008250123371466578,0.26866181413844076,-0.019142220698035714,0.2878040348364765,0.0
039,baseline-spectral-adj,11,0.5257495438612466,0.4125481884042228,0.11320135545702381,0.5106623441560184,0.43743235587931684,0.07322998827670157,0.033114487797768974,0.0037016537165382984,0.029412834081230674,0.011111111111111112
039,baseline-random-same-size,11,0.39544982890339125,0.4266144469594032,-0.03116461805601195,0.48042686208784546,0.43707212049380606,0.0433547415940394,0.037451833460595475,0.0006727147257965141,0.036779118734798964,0.0
040,ours-summary,13,0.7497435323108504,0.5649801372872997,0.18476339502355077,0.6740936314952994,0.612951663307274,0.06114196818802542,0.5459099357535677,0.04647762939341999,0.49943230636014774,0.0
040,baseline-spectral-cosine,13,0.6549336967564862,0.578959707401757,0.07597398935472921,0.5740681993552798,0.6464655542309091,-0.07239735487562937,0.049262808842229874,0.18541042035345065,-0.1361476115112208,0.011764705882352941
040,baseline-kmeans,13,0.7680362558986042,0.578575831895527,0.18946042400307728,0.6693708732640276,0.6189312363012792,0.050439636962748335,0.46608277433465706,0.10098827273204149,0.3650945016026156,0.0
040,baseline-spectral-adj,13,0.6595722552816085,0.5959157203718168,0.06365653490979162,0.6616104833666399,0.6215327359376962,0.040077747428943655,0.2583900696044191,0.13427668672853474,0.12411338287588439,0.0
040,baseline-random-same-size,13,0.6598316323194375,0.5871002863445214,0.07273134597491615,0.6185830850817096,0.6266083823960008,-0.008025297314291246,0.08659241634718313,0.15947904516633662,-0.07288662881915349,0.0
041,ours-summary,12,0.7637077638818195,0.4256839859594182,0.3380237779224013,0.649170464136132,0.5653543894696018,0.08381607466653018,0.5366980904847066,0.07926653077755025,0.4574315597071564,0.0
041,baseline-spectral-cosine,12,0.4623888238221629,0.47788689239536364,-0.01549806857320074,0.6294008820113147,0.566519070064302,0.0628818119470127,0.4503578359680414,0.08100207116421741,0.369355764803824,0.0
041,baseline-kmeans,12,0.6583537440249072,0.45296615850906924,0.20538758551583797,0.6436684574404283,0.5696221200512372,0.07404633738919109,0.5411312937276787,0.09838495990351347,0.4427463338241652,0.0
041,baseline-spectral-adj,12,0.5251825078121944,0.47058525648517563,0.054597251327018814,0.6156293035553835,0.5741516411727787,0.04147766238260475,0.12906589433560278,0.14777200903727383,-0.01870611470167105,0.0
041,baseline-random-same-size,12,0.4683255628634759,0.4763209347054199,-0.007995371841944043,0.5435681123007637,0.5834576497842364,-0.03988953748347268,0.20756384745174308,0.1356895438689154,0.07187430358282768,0.0
042,ours-summary,9,0.6036796420785376,0.45700915674384923,0.1466704853346884,0.6957011295702243,0.5994449203642873,0.09625620920593703,0.43899481461959095,0.08243317045956348,0.35656164416002745,0.0
042,baseline-spectral-cosine,9,0.5610500886398762,0.4602437895859632,0.10080629905391297,0.5969079900210479,0.6187965565516337,-0.021888566530585796,0.3305961151569621,0.09145586130090641,0.23914025385605567,0.006896551724137931
042,baseline-kmeans,9,0.6564964984315561,0.4600905766721463,0.1964059217594098,0.6860388675290109,0.6064586954852098,0.07958017204380108,0.5176453494388766,0.09552661985763358,0.4221187295812431,0.0
042,baseline-spectral-adj,9,0.5810854225363085,0.4654577425156473,0.11562768002066115,0.6483903413491527,0.6096513958523987,0.03873894549675405,0.16910563994656105,0.13382300234269992,0.03528263760386113,0.010752688172043012
042,baseline-random-same-size,9,0.5197700353588421,0.47258277975102475,0.04718725560781739,0.6603843126145484,0.6059997215912606,0.054384591023287854,0.10557619112649994,0.14431566697988116,-0.03873947585338122,0.008620689655172414
043,ours-summary,8,0.56294588160093,0.48157761212944095,0.08136826947148901,0.5927187235575613,0.5274295754842999,0.06528914807326136,0.42301163903999567,-0.08254830284064318,0.5055599418806389,0.01694915254237288
043,baseline-spectral-cosine,8,0.638270947386218,0.47653710815911493,0.1617338392271031,0.5661604256139006,0.5358585814959268,0.030301844117973764,0.3519727485834672,-0.03657931903046048,0.3885520676139277,0.02531645569620253
043,baseline-kmeans,8,0.6403598898246005,0.47653492759576926,0.1638249622288312,0.5348676075191225,0.540335287393591,-0.005467679874468501,0.3356829821499045,-0.033573605535112974,0.36925658768501746,0.02564102564102564
043,baseline-spectral-adj,8,0.5396357997630673,0.49076767945229033,0.048868120310776975,0.538361552549449,0.5398415777697406,-0.0014800252202916697,0.05724355469751521,0.005771096170115936,0.05147245852739927,0.08974358974358974
043,baseline-random-same-size,8,0.481631671482185,0.5003179964927454,-0.018686325010560445,0.5326548677908174,0.5412724172430418,-0.008617549452224371,0.02637493753668541,0.008864061958947867,0.01751087557773754,0.05084745762711865
044,ours-summary,10,0.6692548642448655,0.4517385187487681,0.21751634549609739,0.6650075555965075,0.48620527503898087,0.17880228055752662,0.4489427392394738,0.03883533632359322,0.4101074029158806,0.0
044,baseline-spectral-cosine,10,0.6606431874742289,0.4305722560582124,0.23007093141601648,0.5393552161778047,0.5038350224526112,0.03552019372519344,0.17903426804248063,0.07386767962950469,0.10516658841297594,0.0106951871657754
044,baseline-kmeans,10,0.6756519492606129,0.4541342995394724,0.22151764972114052,0.5443445274825903,0.5070717113564029,0.03727281612618738,0.24283448184365705,0.0760930712091852,0.16674141063447184,0.018691588785046728
044,baseline-spectral-adj,10,0.6241954342678407,0.4694524637369583,0.15474297053088243,0.5579108356960162,0.5075099123898921,0.05040092330612411,0.10945555506689536,0.09673375583503192,0.012721799231863437,0.041666666666666664
044,baseline-random-same-size,10,0.5183266770329085,0.47710821403510834,0.04121846299780013,0.5439938912581754,0.5065466032326037,0.037447288025571734,0.10221698858290405,0.09711687275874313,0.005100115824160922,0.03389830508474576
045,ours-summary,11,0.6504731888663475,0.5124559645573056,0.13801722430904195,0.7235054640509727,0.5956234641725908,0.1278819998783819,0.5958308381194242,0.13388116879885836,0.4619496693205658,0.0
045,baseline-spectral-cosine,11,0.6042151221005476,0.5134575043506312,0.09075761774991642,0.6088499076453299,0.6164570763951662,-0.007607168749836357,0.3592635974930583,0.15989633549490506,0.19936726199815324,0.0056179775280898875
045,baseline-kmeans,11,0.6207443204019853,0.5232947502491696,0.09744957015281575,0.7003205159412852,0.6051752018771218,0.09514531406416338,0.5642958645699286,0.16250449251314703,0.4017913720567816,0.012048192771084338
045,baseline-spectral-adj,11,0.5675242886221806,0.5301504064694149,0.037373882152765714,0.644166186861846,0.6122357536786255,0.03193043318322053,0.2827269857918147,0.19621006190879797,0.08651692388301674,0.015151515151515152
045,baseline-random-same-size,11,0.5749712075318861,0.5257798436163282,0.049191363915557895,0.5937017975135063,0.6185299935615556,-0.02482819604804931,0.16997259911940124,0.20903262274003886,-0.039060023620637624,0.008130081300813009
046,ours-summary,8,0.5519573924637157,0.38573529864822537,0.1662220938154903,0.6644362324906314,0.5541487454389858,0.1102874870516456,0.5311753287346324,0.04434396925684877,0.4868313594777836,0.0
046,baseline-spectral-cosine,8,0.5954472302806078,0.3686403123472517,0.22680691793335606,0.5971091213596365,0.5646303051852134,0.03247881617442305,0.3429860843637409,0.06587793706479686,0.27710814729894406,0.0
046,baseline-kmeans,8,0.5816560981018776,0.3873460361628125,0.19431006193906508,0.6427496768970576,0.5608404563251499,0.08190922057190775,0.48975997566698914,0.06650410112754766,0.42325587453944147,0.0
046,baseline-spectral-adj,8,0.5824900120936394,0.3869868337861864,0.19550317830745295,0.6314450869368616,0.5622891856514591,0.0691559012854025,0.1872137689110123,0.10750445460596332,0.07970931430504898,0.0
046,baseline-random-same-size,8,0.4326110580816021,0.4067141464888313,0.0258969115927708,0.5744808609995832,0.5699612130838967,0.004519647915686487,0.08818945893315717,0.1222125791828893,-0.03402312024973213,0.0
047,ours-summary,9,0.7563795586213315,0.6528220692282313,0.10355748939310028,0.6432064527800592,0.6874108927958308,-0.04420444001577162,0.14217856281684946,0.14004736032829426,0.002131202488555195,0.0
047,baseline-spectral-cosine,9,0.7411069875914121,0.6580425703653442,0.08306441722606794,0.6975990665863294,0.6763894053616581,0.021209661224671272,0.6267883262859185,0.05108711111942284,0.5757012151664956,0.0
047,baseline-kmeans,9,0.7593091263422648,0.6593615958648623,0.09994753047740246,0.6450892439496262,0.6842092277670058,-0.03911998381737958,0.5833385553338117,0.08243351412057309,0.5009050412132386,0.0
047,baseline-spectral-adj,9,0.6744285977642012,0.6705708020068816,0.003857795757319593,0.687968345376505,0.678824755732827,0.009143589643678007,0.1314179484785857,0.14134962398855608,-0.009931675509970372,0.0
047,baseline-random-same-size,9,0.6377698157228657,0.6779602535440256,-0.04019043782115983,0.662304330594194,0.6833632828710439,-0.02105895227684984,0.10780921584028641,0.1473316099860136,-0.0395223941457272,0.0
048,ours-summary,10,0.6865053187182186,0.527543607343154,0.15896171137506465,0.6494949583782,0.5246321517707944,0.12486280660740567,0.5246263419803984,0.10343119850533171,0.42119514347506665,0.0
048,baseline-spectral-cosine,10,0.6210433435306196,0.5397068872888021,0.08133645624181751,0.5259593342830438,0.548332688665335,-0.022373354382291266,0.31572193772296947,0.14261417271585053,0.17310776500711894,0.0
048,baseline-kmeans,10,0.7292645243385317,0.5275117071739377,0.20175281716459403,0.6285718170181916,0.5325054912852869,0.09606632573290474,0.4809115456536874,0.1260974398629291,0.3548141057907583,0.0
048,baseline-spectral-adj,10,0.6535161643158734,0.5432146957484766,0.11030146856739687,0.6184930433054362,0.5374396038606856,0.08105343944475063,0.21996357152917478,0.16621191134596544,0.05375166018320934,0.0
048,baseline-random-same-size,10,0.5123243351450366,0.5608265978348448,-0.04850226268980817,0.5040612231223685,0.5524220374884693,-0.048360814366100846,0.26952357898738044,0.15217694939571724,0.1173466295916632,0.03333333333333333
049,ours-summary,9,0.7012990243122678,0.5012797828397073,0.20001924147256045,0.7230052107601602,0.6104977454673893,0.11250746529277089,0.5973501846265575,0.16118644513803934,0.43616373948851817,0.0
049,baseline-spectral-cosine,9,0.5816078716320691,0.513614795009894,0.06799307662217502,0.6247802487867359,0.6296368535764123,-0.004856604789676422,0.3600160515454052,0.17874018205899111,0.1812758694864141,0.005025125628140704
049,baseline-kmeans,9,0.6774317456842981,0.5105471905508118,0.16688455513348632,0.6167603440008866,0.630037391420343,-0.013277047419456345,0.49957504795249114,0.18845351643305905,0.3111215315194321,0.0
049,baseline-spectral-adj,9,0.5905683712931152,0.5250308238306085,0.06553754746250673,0.6943104366412958,0.6192991389874045,0.07501129765389125,0.341430883696342,0.21494030983000714,0.12649057386633486,0.0
049,baseline-random-same-size,9,0.5458983096428828,0.5304174168402168,0.015480892802665958,0.666109059757563,0.6211657737803763,0.044943285977186664,0.17974688024216728,0.2394870647101125,-0.05974018446794521,0.0
050,ours-summary,10,0.8263026847200903,0.6608172272443601,0.16548545747573018,0.678677182940426,0.4766997390267376,0.20197744391368838,0.47763846780667185,0.07316871825355985,0.404469749553112,0.011764705882352941
050,baseline-spectral-cosine,10,0.7741415029810081,0.6664498472080362,0.1076916557729719,0.5247754138155128,0.5054439466253721,0.019331467190140783,0.24216447305320105,0.11310604994215155,0.12905842311104948,0.02912621359223301
050,baseline-kmeans,10,0.8217461334409425,0.6682738421284784,0.1534722913124641,0.5566402154023806,0.5024400232082767,0.05420019219410388,0.40802806951135956,0.09974709818645965,0.3082809713248999,0.030303030303030304
050,baseline-spectral-adj,10,0.7356627934335159,0.6829667374036253,0.05269605602989058,0.5859944393036433,0.5020616877228097,0.08393275158083358,0.34425379539202833,0.1190923212365483,0.22516147415548005,0.022222222222222223
050,baseline-random-same-size,10,0.7214546058894303,0.6809348044466311,0.04051980144279921,0.4959476108224565,0.5117607178755579,-0.015813107053101405,0.1314337191183172,0.13959626597028701,-0.00816254685196982,0.047058823529411764
051,ours-summary,10,0.6193439193270456,0.5023024878011145,0.11704143152593105,0.5775900709871844,0.5193197548183576,0.05827031616882683,0.28468836873918174,0.04578883189107183,0.2388995368481099,0.0
051,baseline-spectral-cosine,10,0.6316770799669265,0.4997583732250533,0.13191870674187317,0.528879443679607,0.5274328348926317,0.0014466087869753341,0.3023890359079231,0.04187384963601525,0.26051518627190784,0.0
051,baseline-kmeans,10,0.6564638209260069,0.504020315589126,0.1524435053368809,0.559988290844295,0.5241135562648123,0.03587473457948276,0.24057627841771612,0.06238062173557524,0.17819565668214088,0.0
051,baseline-spectral-adj,10,0.6032793543107936,0.508659573448469,0.09461978086232459,0.5729631814632257,0.5220700792688006,0.05089310219442511,0.11756134340006563,0.07528732569180142,0.04227401770826421,0.014492753623188406
051,baseline-random-same-size,10,0.48758543275817967,0.5242622355625921,-0.036676802804412434,0.5089482297738055,0.530760061687254,-0.021811831913448487,0.04313696355340242,0.08604739942203501,-0.04291043586863259,0.0
052,ours-summary,14,0.8128352277424276,0.5738397537113086,0.23899547403111898,0.5722510769000161,0.4978878972264344,0.07436317967358169,0.2760492609714771,0.03435797495386545,0.24169128601761164,0.03333333333333333
052,baseline-spectral-cosine,14,0.7977542127633617,0.5712501338015739,0.2265040789617878,0.5520145010479,0.5007588555043133,0.051255645543586636,0.07988180311235407,0.07453200094350877,0.0053498021688453,0.0594059405940594
052,baseline-kmeans,14,0.9319555426661053,0.5806441298666671,0.3513114127994381,0.5165456776788091,0.5099238288145921,0.006621848864217017,0.34873491933387385,0.04634747511781642,0.30238744421605745,0.0784313725490196
052,baseline-spectral-adj,14,0.69467522004462,0.609237778506867,0.08543744153775301,0.4434573983903469,0.5150371752713095,-0.07157977688096262,0.16339189926856063,0.06969958351790607,0.09369231575065455,0.12121212121212122
052,baseline-random-same-size,14,0.6001673255337278,0.6175386377267947,-0.01737131219306698,0.47640979823239044,0.517581310651289,-0.04117151241889855,0.14278276400031434,0.06174150172876192,0.08104126227155242,0.0
053,ours-summary,9,0.7862408278165285,0.4737893913672858,0.31245143644924267,0.591632439126232,0.5419658278708438,0.04966661125538818,0.4799448637238179,0.266781407033136,0.21316345669068187,0.0
053,baseline-spectral-cosine,9,0.7457238413104447,0.4722441868561566,0.27347965445428807,0.5791068865119391,0.5428829556366843,0.03622393087525477,0.41539100119694383,0.27278047122368615,0.14261052997325768,0.0
053,baseline-kmeans,9,0.7493869311710883,0.48607926384756556,0.2633076673235228,0.6280499566428044,0.5384754419835278,0.08957451465927657,0.503786090777484,0.2688581131676502,0.23492797760983386,0.0
053,baseline-spectral-adj,9,0.5957822975318673,0.507458757634263,0.08832353989760433,0.6248461156867593,0.5404169081584606,0.08442920752829874,0.3542512861945231,0.2892904571410719,0.06496082905345124,0.0
053,baseline-random-same-size,9,0.5022967699899012,0.5182837179545512,-0.015986947964649945,0.5607904061556105,0.5467988062332505,0.013991599922359987,0.3304753966605338,0.29020342661418674,0.04027197004634708,0.0
054,ours-summary,14,0.8362837546983752,0.5580648718231203,0.278218882875255,0.5524896796441667,0.4878190694176157,0.06467061022655102,0.4160277414874629,0.21302306007281874,0.20300468141464417,0.0
054,baseline-spectral-cosine,14,0.7688728086357998,0.5656828779034154,0.20318993073238434,0.4863831890545973,0.49750417714069656,-0.011120988086099237,0.3428754890251577,0.2223421137154183,0.1205333753097394,0.05084745762711865
054,baseline-kmeans,14,0.91792408124736,0.5491598056823334,0.36876427556502667,0.48735772114842946,0.4971686090323885,-0.009810887883959063,0.35043400712016626,0.22351885179956382,0.12691515532060244,0.057692307692307696
054,baseline-spectral-adj,14,0.8234661212540021,0.5743429746264037,0.24912314662759838,0.5210380038134419,0.49394011102805857,0.027097892785383326,0.17228500603209465,0.24414150102095142,-0.07185649498885677,0.0
054,baseline-random-same-size,14,0.6021047245778847,0.5919592051300335,0.010145519447851137,0.5278905090511021,0.4913794756876645,0.03651103336343764,0.3360591611731586,0.22459745985515225,0.11146170131800634,0.0
055,ours-summary,11,0.8967537264652,0.6427104828207749,0.2540432436444251,0.612933337058746,0.4902737018883892,0.12265963517035677,0.348108387563994,0.006345385095580608,0.3417630024684134,0.0
055,baseline-spectral-cosine,11,0.7829724812130578,0.6439863120680339,0.13898616914502393,0.576992711458802,0.48346729752431117,0.09352541393449088,0.07635679602287598,0.05443430454968668,0.021922491473189303,0.0
055,baseline-kmeans,11,0.8616679615809474,0.6540316382332237,0.20763632334772364,0.5331178644103304,0.5059483830970698,0.02716948131326058,0.42913265443722587,0.0007568621154635577,0.4283757923217623,0.0
055,baseline-spectral-adj,11,0.7932433540135158,0.671005001043473,0.12223835297004271,0.5854954433765894,0.5014747855939655,0.08402065778262391,0.20064334639626372,0.045306347500860496,0.15533699889540323,0.0
055,baseline-random-same-size,11,0.6175422840149841,0.6953918870566645,-0.07784960304168043,0.5287070070149343,0.5061654622740142,0.022541544740920183,0.0871701118035031,0.05557902203152226,0.03159108977198084,0.01
056,ours-summary,14,0.7712402980183367,0.5284074431615299,0.24283285485680683,0.5722377343920929,0.4796987403920141,0.09253899400007881,0.3540689496271664,0.1712016941037566,0.1828672555234098,0.0
056,baseline-spectral-cosine,14,0.7475676888148308,0.5456701835018108,0.20189750531301998,0.5777283624787368,0.4846864631252504,0.09304189935348645,0.39993642563295356,0.17721938890207542,0.22271703673087814,0.0
056,baseline-kmeans,14,0.80765375292276,0.5265041682097559,0.2811495847130041,0.4749620135218187,0.4969348005747997,-0.021972787052981002,0.23072551216590106,0.19413089310490692,0.03659461906099415,0.0
056,baseline-spectral-adj,14,0.7777404001169788,0.5504966643053475,0.22724373581163126,0.47014433203115424,0.4955697101974447,-0.02542537816629048,0.2788142387752904,0.19354877281999536,0.08526546595529502,0.0
056,baseline-random-same-size,14,0.6696742261586023,0.5467860656885295,0.12288816047007278,0.5454359646985149,0.48454858443180443,0.06088738026671042,0.36774894173849637,0.16872626695980164,0.19902267477869473,0.0
057,ours-summary,9,0.9262794759345434,0.7796778275688742,0.14660164836566925,0.6389872819124784,0.5195283924519479,0.11945888946053052,0.40597570650218856,0.14986992614790334,0.2561057803542852,0.0
057,baseline-spectral-cosine,9,0.917514032287221,0.7761505085550366,0.1413635237321843,0.5118327409793163,0.551416236468704,-0.039583495489387666,0.2617086938749927,0.18106013199767243,0.08064856187732025,0.0
057,baseline-kmeans,9,0.9390939792409181,0.7671325702116556,0.1719614090292625,0.5789182471044877,0.5312169657999609,0.04770128130452678,0.4537585589599459,0.12006206660178458,0.3336964923581613,0.0
057,baseline-spectral-adj,9,0.8155865619722614,0.8070483006320478,0.008538261340213626,0.5614934129867194,0.5404224893069778,0.021070923679741616,0.18412019670529084,0.2008430135281986,-0.01672281682290777,0.0
057,baseline-random-same-size,9,0.7700373293833223,0.8169276108526091,-0.046890281469286865,0.5500168143806763,0.5407398946449603,0.009276919735715983,0.1936612595249942,0.2004879399967709,-0.006826680471776703,0.0
058,ours-summary,14,0.8134888854329511,0.5327232455893989,0.2807656398435522,0.5908238702828571,0.5211453530686372,0.06967851721421991,0.25253987202934197,0.1595752211656336,0.09296465086370836,0.0
058,baseline-spectral-cosine,14,0.6329858278172169,0.5753236439469803,0.05766218387023658,0.5624676002810229,0.5287444840694732,0.033723116211549775,0.285338238541756,0.15694022051493847,0.12839801802681752,0.00980392156862745
058,baseline-kmeans,14,0.8113626801769895,0.5599997974952253,0.2513628826817642,0.5638825132588642,0.5307227631150829,0.03315975014378125,0.3175317782690191,0.16162250978815146,0.15590926848086767,0.0
058,baseline-spectral-adj,14,0.6802510060558272,0.5770250699111047,0.10322593614472253,0.5628130104317407,0.5317648157483664,0.031048194683374275,0.10128791620405524,0.1821928073488675,-0.08090489114481227,0.0
058,baseline-random-same-size,14,0.5993665645397166,0.5807433249073668,0.018623239632349797,0.5825369191238771,0.5230038237329673,0.059533095390909785,0.18266387886491206,0.1752459402208918,0.007417938644020267,0.0
059,ours-summary,13,0.9009089812744202,0.7532734592649312,0.14763552200948904,0.7006323157903658,0.49939876093703844,0.20123355485332733,0.5547326243042546,0.18693677453036056,0.36779584977389407,0.0
059,baseline-spectral-cosine,13,0.8811462459579587,0.7490495170287795,0.13209672892917912,0.5064439532956052,0.5298661968890531,-0.02342224359344791,0.15208213694152567,0.25296039104591167,-0.100878254104386,0.0
059,baseline-kmeans,13,0.9279324749291535,0.7435884091941992,0.18434406573495432,0.5628362397131534,0.5187691082324588,0.04406713148069463,0.4612480907012156,0.1928021102432094,0.26844598045800616,0.0
059,baseline-spectral-adj,13,0.9257108737527513,0.7487741038820416,0.17693676987070972,0.46949826329330285,0.5344273180871146,-0.06492905479381178,0.2767656154707481,0.2285124111334922,0.04825320433725594,0.0
059,baseline-random-same-size,13,0.8014723396830611,0.768221451138142,0.03325088854491909,0.5066801901164402,0.5285549628357331,-0.021874772719292945,0.23467400867514454,0.23505016119356012,-0.00037615251841557895,0.0
060,ours-summary,13,0.517984995471088,0.4156753455306844,0.10230964994040359,0.5710704726735397,0.47761300118135147,0.09345747149218825,0.45948940200264,0.17957390423678665,0.27991549776585334,0.0
060,baseline-spectral-cosine,13,0.49040740624623685,0.4186667531475258,0.07174065309871103,0.4738476592355247,0.49235080386820207,-0.018503144632677382,0.258234571424724,0.2087255446622691,0.04950902676245489,0.047058823529411764
060,baseline-kmeans,13,0.565636510063462,0.4158224219389839,0.14981408812447816,0.5171069733229072,0.48708360662064726,0.030023366702259968,0.40863479765257654,0.1973314122853127,0.21130338536726384,0.0
060,baseline-spectral-adj,13,0.44510145146782293,0.427332650753457,0.01776880071436593,0.4730673299285022,0.4913346725490627,-0.01826734262056051,0.25800604330492793,0.21167093367840886,0.04633510962651907,0.0
060,baseline-random-same-size,13,0.45585129256980494,0.42491143650249674,0.030939856067308202,0.5048979980312852,0.48744945011465957,0.017448547916625645,0.22054209742237488,0.21509309816088013,0.0054489992614947524,0.012987012987012988
061,ours-summary,15,0.8725975585180056,0.6683112971377511,0.20428626138025452,0.6455486675343174,0.4804854392234626,0.1650632283108548,0.5189163034350416,0.1598251117281572,0.3590911917068844,0.0
061,baseline-spectral-cosine,15,0.8057699623877786,0.6852600832508869,0.1205098791368917,0.4971219713970951,0.5250297010297857,-0.02790772963269067,0.13207887928483056,0.2776184249953923,-0.14553954571056174,0.03048780487804878
061,baseline-kmeans,15,0.8967557706638807,0.6839394127752979,0.21281635788858277,0.5606645163311901,0.5109111689665212,0.049753347364668854,0.38788647932565173,0.2168724025585429,0.17101407676710884,0.010309278350515464
061,baseline-spectral-adj,15,0.7675404956860505,0.7104800160388701,0.05706047964718042,0.5061718270957557,0.5191726029594409,-0.013000775863685199,0.2738012688325473,0.23906794718421284,0.03473332164833445,0.019230769230769232
061,baseline-random-same-size,15,0.7373372861571855,0.7083104438281104,0.029026842329075153,0.5199175482720297,0.5176370542582247,0.0022804940138050345,0.28741478232038054,0.22828470552081961,0.05913007679956092,0.039473684210526314
062,ours-summary,14,0.7056645284417323,0.53254754315756,0.1731169852841723,0.5977803362213793,0.4881555060302277,0.10962483019115155,0.42464445306294896,0.11662987201027825,0.3080145810526707,0.0
062,baseline-spectral-cosine,14,0.8575242896333907,0.5150818115599634,0.3424424780734273,0.5000640759643031,0.5112080238139619,-0.011143947849658775,0.052757223488690295,0.19852617731457786,-0.14576895382588756,0.0
062,baseline-kmeans,14,0.9248456391164589,0.5212159052528579,0.403629733863601,0.5178623175907762,0.5084937909505183,0.00936852664025789,0.32705149375452724,0.15780391500711066,0.16924757874741658,0.0
062,baseline-spectral-adj,14,0.7337753020097647,0.5533320220307967,0.18044327997896803,0.4969321117790744,0.510518458053151,-0.013586346274076566,0.05589363643179548,0.18608595119478322,-0.13019231476298773,0.0
062,baseline-random-same-size,14,0.5894284339151055,0.5607177025369542,0.028710731378151277,0.5164190704992666,0.507873648075822,0.008545422423444582,0.24268267808161553,0.16072884335869553,0.08195383472292,0.0
063,ours-summary,12,0.8117680419275947,0.5804497954560416,0.23131824647155308,0.535217020547899,0.49463021159727094,0.04058680895062805,0.408612255624912,0.07332014256990738,0.3352921130550046,0.0
063,baseline-spectral-cosine,12,0.7485929964238406,0.5944843799629798,0.15410861646086083,0.5347046080310818,0.4952601872195276,0.03944442081155419,0.20478334028585415,0.11312104940274414,0.09166229088311001,0.0
063,baseline-kmeans,12,0.8557162167087285,0.5895218452123052,0.26619437149642333,0.581065603769071,0.49178738999558747,0.08927821377348355,0.49628193522386027,0.0836830155099771,0.4125989197138832,0.0
063,baseline-spectral-adj,12,0.8113851651998188,0.5982809187941975,0.2131042464056213,0.49335445147191953,0.5018427951268848,-0.008488343654965258,0.107072305993361,0.1285762461368888,-0.021503940143527814,0.0
063,baseline-random-same-size,12,0.6165691058279661,0.6173793239073226,-0.0008102180793565505,0.5296530346222087,0.4956828575832123,0.03397017703899641,0.28869786502522377,0.09600664889957813,0.19269121612564563,0.0
064,ours-summary,14,0.9379274284172361,0.6231753514113656,0.3147520770058705,0.5553004412453627,0.44285250053906067,0.11244794070630204,0.26589652197061364,0.27510473221756937,-0.009208210246955728,0.0
064,baseline-spectral-cosine,14,0.8517347560261088,0.6293275933896973,0.22240716263641147,0.494678079295393,0.4531091580032256,0.04156892129216738,0.18599309542086243,0.29719279841582436,-0.11119970299496193,0.0
064,baseline-kmeans,14,0.9474893822871245,0.6273404756978187,0.32014890658930584,0.4665140457819957,0.4611203425034315,0.005393703278564199,0.16024126533005748,0.2941600376428309,-0.1339187723127734,0.0
064,baseline-spectral-adj,14,0.7670393837117016,0.670340116972171,0.09669926673953055,0.4653643726788253,0.4617131845761472,0.0036511881026781157,0.1880379534740585,0.27949260901223777,-0.09145465553817927,0.024390243902439025
064,baseline-random-same-size,14,0.7257900648168357,0.6665763034290384,0.059213761387797326,0.4479626585237634,0.46481262052225597,-0.01684996199849259,0.2781239295318479,0.27260314023085414,0.005520789300993756,0.0
065,ours-summary,12,0.6725129269823303,0.5359303594014674,0.13658256758086296,0.6603357308685727,0.6056281983833903,0.05470753248518234,0.5674164650527144,0.19125963245540134,0.37615683259731303,0.0
065,baseline-spectral-cosine,12,0.6736125459610556,0.5391123118839509,0.13450023407710465,0.5892308037229551,0.6220373135917081,-0.032806509868753,0.2515848107665315,0.2674740955231805,-0.015889284756649025,0.0
065,baseline-kmeans,12,0.7076675289610527,0.5438776346777326,0.16378989428332003,0.6098994089811866,0.6171362617035266,-0.0072368527223400925,0.5245912164005043,0.23116539655113985,0.29342581984936444,0.0
065,baseline-spectral-adj,12,0.7156116478319767,0.551666824874877,0.16394482295709978,0.6346149473998041,0.6150016389224856,0.01961330847731846,0.368200667637583,0.257306855128561,0.11089381250902203,0.0
065,baseline-random-same-size,12,0.5506637883848022,0.5654913930257197,-0.01482760464091748,0.6196352311221784,0.6155022841206812,0.004132947001497245,0.19205428762146087,0.2823238293470072,-0.09026954172554635,0.0
066,ours-summary,10,0.6688680753054512,0.4475138255092523,0.22135424979619894,0.6563104706033281,0.5093845614423681,0.14692590916096004,0.48173560277175637,0.25368072267913105,0.2280548800926253,0.0
066,baseline-spectral-cosine,10,0.7297980546631273,0.44431462671672306,0.28548342794640424,0.5712125894373186,0.5256276053950792,0.04558498404223932,0.37679111953259764,0.2749218660125525,0.10186925352004517,0.011764705882352941
066,baseline-kmeans,10,0.6181398845055569,0.4635764887083965,0.15456339579716039,0.5280044650839689,0.5318756392238168,-0.0038711741398478328,0.3566815462226507,0.27932840353562105,0.07735314268702964,0.013513513513513514
066,baseline-spectral-adj,10,0.5570778713184382,0.4726356295754184,0.08444224174301984,0.5331747641559527,0.5312616676590236,0.0019130964969290565,0.251706877020987,0.29177343718309073,-0.04006656016210375,0.015625
066,baseline-random-same-size,10,0.47330957692845854,0.48206479695395066,-0.008755220025492116,0.5664966631396596,0.525252725305207,0.04124393783445268,0.41690099308410583,0.2651356007158184,0.15176539236828746,0.01
067,ours-summary,15,0.6760633005675406,0.4891351282885791,0.18692817227896152,0.5367452850283092,0.3890973028330728,0.1476479821952364,0.2789955303690999,0.06540129557176541,0.2135942347973345,0.0
067,baseline-spectral-cosine,15,0.623884569556329,0.48711796946988467,0.1367666000864443,0.38498294656353765,0.4135153603039717,-0.028532413740434026,0.08983707025491643,0.09357549176118889,-0.00373842150627246,0.06666666666666667
067,baseline-kmeans,15,0.8619030154620696,0.47235942155302146,0.38954359390904814,0.4635750678296424,0.4015865830955561,0.0619884847340863,0.07875434873008166,0.09451447200817538,-0.015760123278093716,0.0
067,baseline-spectral-adj,15,0.6361211849619791,0.5057170877403526,0.1304040972216265,0.45399655856810195,0.4052978303606033,0.048698728207498654,0.061540863928010475,0.09476174768920527,-0.033220883761194794,0.0
067,baseline-random-same-size,15,0.5673947929857052,0.5051681867842596,0.0622266062014456,0.44648911897589816,0.4024137863490023,0.044075332626895836,0.022271592888782048,0.10327859782295984,-0.08100700493417778,0.012345679012345678
068,ours-summary,9,0.7756255873122312,0.4201545383557235,0.3554710489565077,0.5896249023910746,0.5781948231847586,0.011430079206316002,0.4074938228703056,0.42392495843638056,-0.01643113556607495,0.0
068,baseline-spectral-cosine,9,0.7575137624240731,0.4398422288919339,0.31767153353213917,0.5606048015556154,0.5824627722753138,-0.021857970719698416,0.46323978528046306,0.41599650924726655,0.0472432760331965,0.0
068,baseline-kmeans,9,0.7919463304121721,0.44201866134952,0.3499276690626521,0.5659916615288137,0.5814830350324312,-0.0154913735036174,0.4286638807379786,0.4205681609516873,0.008095719786291311,0.0
068,baseline-spectral-adj,9,0.44410331202683084,0.4797681329992041,-0.03566482097237328,0.5728396492190146,0.5808687350333219,-0.00802908581430728,0.31579385398521503,0.43439710478575483,-0.1186032508005398,0.0
068,baseline-random-same-size,9,0.5285362338557535,0.4660565131085078,0.062479720747245726,0.5322448729992661,0.5888543543365965,-0.05660948133733035,0.43821426733231217,0.418217998397984,0.019996268934328154,0.0
069,ours-summary,13,0.9054777013944871,0.5960274242835376,0.3094502771109495,0.6060534182252764,0.5425345889882126,0.06351882923706376,0.4742469329395044,0.1654903862080595,0.30875654673144487,0.01098901098901099
069,baseline-spectral-cosine,13,0.7638078260110148,0.6103402375511592,0.15346758845985564,0.5336970498646356,0.557334200269563,-0.02363715040492742,0.17471076509079586,0.22312772508508566,-0.0484169599942898,0.0078125
069,baseline-kmeans,13,0.8850678775230997,0.6121663700080275,0.27290150751507214,0.5571010311896717,0.5516231950430012,0.005477836146670523,0.40444408540731897,0.1879723486502072,0.21647173675711176,0.014705882352941176
069,baseline-spectral-adj,13,0.7097025026249332,0.6393340598512541,0.07036844277367904,0.5448291621400226,0.552698934751869,-0.007869772611846404,0.2049502300081012,0.2131823845384696,-0.008232154530368407,0.0
069,baseline-random-same-size,13,0.7897789715124709,0.6169174727344573,0.1728614987780136,0.6046943945001824,0.5427799682719101,0.06191442622827226,0.1469068170172957,0.2245934626940138,-0.07768664567671812,0.0
070,ours-summary,10,0.785091670451066,0.5218016139820365,0.2632900564690295,0.5765852101938888,0.5251681344681026,0.05141707572578613,0.16899728787844107,0.08879972409036861,0.08019756378807245,0.0
070,baseline-spectral-cosine,10,0.6695433295163248,0.5472771741954475,0.12226615532087726,0.5733044499401243,0.5262114235178443,0.04709302642227997,0.19140335251178803,0.08481546016357994,0.10658789234820809,0.0
070,baseline-kmeans,10,0.8836096802415504,0.5261882967896935,0.3574213834518569,0.5850559897633975,0.5274507599955371,0.05760522976786031,0.3459196496093386,0.07068153315306731,0.2752381164562713,0.0
070,baseline-spectral-adj,10,0.6384463679685459,0.561464951526909,0.07698141644163692,0.5182440657227867,0.535661739039571,-0.017417673316784343,0.033167150290275206,0.1093146054761973,-0.07614745518592209,0.0
070,baseline-random-same-size,10,0.5172348613288572,0.5787784902500858,-0.061543628921228555,0.548023607822909,0.5312435853391912,0.016780022483717794,0.08385046120156654,0.10691164076735658,-0.02306117956579004,0.0
071,ours-summary,14,0.8736943574869842,0.7104592791848777,0.16323507830210648,0.5191639128417646,0.5260018883843218,-0.006837975542557273,0.3574629825234732,0.10663798105134456,0.2508250014721286,0.022222222222222223
071,baseline-spectral-cosine,14,0.8159023461502483,0.7148039478501561,0.10109839830009215,0.47552034467363996,0.5411747206996292,-0.06565437602598928,0.08511669966088162,0.17449520961292786,-0.08937850995204624,0.03225806451612903
071,baseline-kmeans,14,0.9183572460636956,0.7155447815574935,0.20281246450620216,0.48988221005281857,0.5295609776069365,-0.03967876755411798,0.31866390705910613,0.12923590438167915,0.189428002677427,0.03333333333333333
071,baseline-spectral-adj,14,0.7752668087523634,0.7356000414380831,0.039666767314280316,0.4536313771105909,0.5338140039127282,-0.08018262680213722,0.16449192079378097,0.1505798662943335,0.013912054499447463,0.03571428571428571
071,baseline-random-same-size,14,0.7390318530078502,0.7403105732812374,-0.0012787202733871572,0.6178240733068976,0.5041314094634796,0.11369266384341803,0.3145888369670721,0.1161421019874926,0.19844673497957954,0.0
072,ours-summary,13,0.8749378687317726,0.6450286813638838,0.2299091873678888,0.5621880988909692,0.5297431390482537,0.03244495984271556,0.4231859817144705,0.32291228393064597,0.10027369778382456,0.0
072,baseline-spectral-cosine,13,0.8098922633881103,0.6479974470304344,0.16189481635767589,0.5517761975884515,0.5304866038594498,0.021289593729001743,0.25172400028185177,0.3618790534888494,-0.11015505320699764,0.016129032258064516
072,baseline-kmeans,13,0.917460090394569,0.6487717463843999,0.26868834401016906,0.6466658408428116,0.5192966140560222,0.1273692267867894,0.48618853693424235,0.31832767630650954,0.1678608606277328,0.0
072,baseline-spectral-adj,13,0.8016244050372588,0.6704974146223531,0.13112699041490572,0.5641196974178755,0.532186276379517,0.0319334210383585,0.28383168718440527,0.3440871216577077,-0.06025543447330245,0.0196078431372549
072,baseline-random-same-size,13,0.7094931283755537,0.6764631820315653,0.03302994634398837,0.5729355175798128,0.5277011294973732,0.045234388082439514,0.2572643976595167,0.35443738490108717,-0.09717298724157047,0.0
073,ours-summary,17,0.8504959929166693,0.5923174718614728,0.25817852105519656,0.5080212990903624,0.4949841905396499,0.013037108550712495,0.13105065312636122,0.07071279260315787,0.06033786052320335,0.03614457831325301
073,baseline-spectral-cosine,17,0.6635873481831556,0.6267014965551578,0.036885851627997734,0.5162745303733336,0.4946804933216688,0.021594037051664794,0.0848108326865908,0.07904352043335026,0.005767312253240536,0.0
073,baseline-kmeans,17,0.9180784506537398,0.6072439769449139,0.3108344737088259,0.4978779040705576,0.4968349497716557,0.001042954298901888,0.24430726782179105,0.06631409214890602,0.17799317567288503,0.0
073,baseline-spectral-adj,17,0.7780789410043767,0.6224711084074069,0.15560783259696975,0.4664958300096808,0.4985711124664887,-0.03207528245680791,0.1166694372374481,0.07762125074043506,0.03904818649701304,0.0
073,baseline-random-same-size,17,0.6405614611348528,0.6287705390955537,0.011790922039299101,0.5572253845540215,0.4864403849047467,0.07078499964927476,0.2847935858928196,0.04401684402655527,0.24077674186626435,0.012048192771084338
074,ours-summary,13,0.9313040266026976,0.7436190409081467,0.18768498569455094,0.6684868545754343,0.4987683613550902,0.16971849322034416,0.5083546754268469,0.05384723412234781,0.45450744130449905,0.0
074,baseline-spectral-cosine,13,0.8755872551382854,0.7611384731966441,0.11444878194164132,0.5953391504633319,0.517941151635501,0.07739799882783083,0.2453123322569357,0.11501645093348883,0.13029588132344685,0.0
074,baseline-kmeans,13,0.9472313635408321,0.7425544486587716,0.20467691488206052,0.584979589010957,0.5167559879505842,0.06822360106037284,0.4178320291562895,0.07625492309196645,0.341577106064323,0.0
074,baseline-spectral-adj,13,0.8550990430987869,0.7636637609365247,0.09143528216226227,0.48454785368632086,0.5344073110124794,-0.04985945732615854,0.12652248121795157,0.13242582679414674,-0.005903345576195179,0.045454545454545456
074,baseline-random-same-size,13,0.7216892814894732,0.7869090426163126,-0.06521976112683936,0.5718795721604857,0.5187198653320906,0.053159706828395104,0.07915911274229942,0.14248544815502612,-0.0633263354127267,0.0
075,ours-summary,9,0.7307345628099338,0.5402225277741199,0.19051203503581382,0.6579557313109826,0.5639095043482606,0.09404622696272202,0.5342781049485124,0.23309191041210356,0.3011861945364088,0.0
075,baseline-spectral-cosine,9,0.7053765945643755,0.545959219629078,0.1594173749352975,0.5688876572277595,0.5809250942435865,-0.012037437015827046,0.23082132889369208,0.2909595757003886,-0.06013824680669652,0.029411764705882353
075,baseline-kmeans,9,0.7742346315681562,0.5450651427134962,0.22916948885466004,0.542761064173476,0.5836491661512527,-0.0408881019777767,0.3348381770008598,0.27479519164189514,0.060042985358964684,0.02040816326530612
075,baseline-spectral-adj,9,0.6862283318348766,0.5595195381128509,0.1267087937220257,0.5528740513017539,0.5816206623184735,-0.028746611016719603,0.23362986407793437,0.28627891400953087,-0.0526490499315965,0.0
075,baseline-random-same-size,9,0.6116732812351648,0.5630561982131167,0.048617083022048146,0.5764320825730992,0.5795441767089505,-0.00311209413585134,0.29933494520129694,0.27814950269239147,0.021185442508905472,0.0
076,ours-summary,12,0.8645495908093812,0.6253538347173118,0.23919575609206944,0.6226152726322647,0.50211689364314,0.12049837898912463,0.28725450462258373,0.18351760827433058,0.10373689634825314,0.0
076,baseline-spectral-cosine,12,0.758770267605969,0.6395698434626932,0.11920042414327581,0.5399441452438627,0.5162658944097817,0.023678250834081038,0.09611593030478506,0.22422722824861258,-0.12811129794382753,0.02564102564102564
076,baseline-kmeans,12,0.8816462502796296,0.6288468523122982,0.2527993979673314,0.50136709598376,0.523798390659962,-0.022431294676202085,0.34183646223079633,0.17779660360470217,0.16403985862609416,0.018518518518518517
076,baseline-spectral-adj,12,0.8123295054658324,0.6478895333304296,0.16443997213540273,0.50834072413965,0.5220286233146008,-0.013687899174950724,0.10168619130108723,0.2091428933580514,-0.10745670205696416,0.027777777777777776
076,baseline-random-same-size,12,0.6340121539859237,0.6676974455624366,-0.0336852915765129,0.4610374785019542,0.5317944476670745,-0.07075696916512031,0.17874886699066253,0.20344721518631612,-0.024698348195653586,0.0
077,ours-summary,8,0.6165582304861583,0.5056970705336394,0.11086115995251888,0.5796302737358401,0.5537646309295573,0.025865642806282785,0.45771783833494334,0.07190711983815815,0.38581071849678517,0.0
077,baseline-spectral-cosine,8,0.609229425147287,0.5110733127903747,0.09815611235691224,0.5861456687573265,0.5534607183046096,0.03268495045271691,0.32224763671622925,0.11144982176940561,0.21079781494682365,0.0
077,baseline-kmeans,8,0.6268994091792761,0.5123938540348083,0.11450555514446781,0.5533998031910566,0.5594189851774322,-0.006019181986375521,0.392965514954123,0.1096043250029231,0.2833611899511999,0.0
077,baseline-spectral-adj,8,0.586314063938833,0.5188138819903416,0.06750018194849139,0.6025647069120564,0.552853594438246,0.04971111247381044,0.13937736768394338,0.14577226404738708,-0.006394896363443703,0.0
077,baseline-random-same-size,8,0.5404743459285457,0.5234878296093,0.016986516319245748,0.5892444599634423,0.5515165376325558,0.03772792233088651,0.054979164272069614,0.1660798446190291,-0.1111006803469595,0.0
078,ours-summary,14,0.9524710204616313,0.6815517874135635,0.27091923304806786,0.611810199487705,0.5697802319489335,0.04202996753877153,0.22497036604021367,0.19742764668789645,0.027542719352317224,0.008333333333333333
078,baseline-spectral-cosine,14,0.9213111168830246,0.6707761248917483,0.25053499199127627,0.5441777515004731,0.5866126315371586,-0.042434880036685496,0.09508007231655428,0.23367210013484455,-0.13859202781829028,0.0125
078,baseline-kmeans,14,0.9490717027391075,0.6827083594033382,0.2663633433357693,0.5386630202647326,0.5847571913583042,-0.04609417109357161,0.33623273339224113,0.1748031963530695,0.16142953703917162,0.008403361344537815
078,baseline-spectral-adj,14,0.7687883718505631,0.7251262341332257,0.0436621377173374,0.5324849193964258,0.5798518903495554,-0.047366970953129583,0.1920453996055175,0.20278607539520002,-0.010740675789682519,0.023255813953488372
078,baseline-random-same-size,14,0.7218265197373558,0.7290257841321107,-0.007199264394754934,0.5800329325836091,0.5763210072979755,0.003711925285633577,0.31033493567167486,0.17985689479119774,0.13047804088047713,0.0
079,ours-summary,14,0.8944709910627474,0.7951443789320325,0.09932661213071492,0.6264640413793152,0.5283273328043642,0.09813670857495105,0.4368947616092768,-0.02205092797318201,0.45894568958245885,0.0
079,baseline-spectral-cosine,14,0.8589801579461539,0.7977565100197902,0.0612236479263637,0.5124711185503391,0.5502500293754503,-0.0377789108251112,0.16719336010564465,0.015924679555264953,0.1512686805503797,0.0
079,baseline-kmeans,14,0.9009666339156062,0.7982284483852038,0.10273818553040237,0.5531296333704157,0.541503988541897,0.011625644828518689,0.32716526099270105,0.009948355952741,0.31721690503996003,0.0
079,baseline-spectral-adj,14,0.8938681768087227,0.799969918414825,0.09389825839389765,0.6030937795531545,0.5357601845987796,0.06733359495437485,0.004039703424127942,0.05057312780509141,-0.04653342438096347,0.0
079,baseline-random-same-size,14,0.8004568994923785,0.8114261489805323,-0.01096924948815381,0.5912607448628158,0.5344239930949312,0.05683675176788461,-0.024689526205840702,0.057888250363514304,-0.082577776569355,0.0
080,ours-summary,8,0.9352750851954964,0.4147838118031634,0.520491273392333,0.6360757754645278,0.5561738279617058,0.07990194750282198,0.12899464421068782,0.12452262801592429,0.004472016194763534,0.0
080,baseline-spectral-cosine,8,0.8986674604565288,0.4362978240389004,0.4623696364176284,0.5461477617428177,0.5815725631801829,-0.03542480143736526,0.17071429724197532,0.11369088217248983,0.05702341506948548,0.05825242718446602
080,baseline-kmeans,8,0.9294553670553459,0.4648750161469939,0.46458035090835204,0.5691766642955809,0.5750719739623593,-0.0058953096667784255,0.42057846649977804,0.0754302823625659,0.34514818413721216,0.041666666666666664
080,baseline-spectral-adj,8,0.6353279238480437,0.5139624678995417,0.12136545594850201,0.6524910038610918,0.5602717612820433,0.09221924257904857,0.05077221451197852,0.13885076774658806,-0.08807855323460953,0.013333333333333334
080,baseline-random-same-size,8,0.5318706535231741,0.5324434377075907,-0.0005727841844166415,0.5747372466104188,0.5740642322108209,0.0006730143995978821,0.10742178979849734,0.13081471055281318,-0.023392920754315844,0.008928571428571428
081,ours-summary,12,0.8637744639361637,0.6121234328863053,0.2516510310498584,0.6036685436811791,0.4882812264450096,0.11538731723616946,0.4404819080448096,-0.0035158487757518246,0.4439977568205614,0.0
081,baseline-spectral-cosine,12,0.8513827390542416,0.5851424407074052,0.2662402983468364,0.5057750906306956,0.501496052817832,0.00427903781286354,0.018459771672649755,0.059913641536015874,-0.04145386986336612,0.019801980198019802
081,baseline-kmeans,12,0.8517089340449031,0.60783167457529,0.24387725946961314,0.5322377496752243,0.49740682952550525,0.03483092014971906,0.39935351118702805,-0.007747946712270026,0.4071014578992981,0.014925373134328358
081,baseline-spectral-adj,12,0.8121921833957055,0.627911480311328,0.1842807030843775,0.5834753780567311,0.4952126065883731,0.08826277146835798,0.14318548956329571,0.042697784202909046,0.10048770536038668,0.02631578947368421
081,baseline-random-same-size,12,0.6544450914746666,0.6413679775684263,0.013077113906240223,0.5131267441637168,0.5009304484364198,0.01219629572729708,-0.031945569960141744,0.06248504888670463,-0.09443061884684636,0.0
082,ours-summary,11,0.8597570210793134,0.4331229775652877,0.4266340435140257,0.5779330711808693,0.42377397776798265,0.1541590934128867,0.15283503609918217,0.04699878283324998,0.10583625326593218,0.0
082,baseline-spectral-cosine,11,0.8859097879511683,0.42460013738365826,0.46130965056751,0.47475625253636655,0.4439870004067761,0.030769252129590474,0.12468179315589449,0.052048702274567885,0.0726330908813266,0.07058823529411765
082,baseline-kmeans,11,0.883711984012079,0.4028238318961138,0.48088815211596514,0.4636290408999161,0.44544775096730826,0.018181289932607814,0.3316940225564007,-0.006393391052977649,0.33808741360937833,0.04807692307692308
082,baseline-spectral-adj,11,0.752290788220892,0.48477833156789935,0.26751245665299267,0.494554922044449,0.4458210767054672,0.048733845338981785,0.3146156738533604,0.0455063350720842,0.26910933878127624,0.05714285714285714
082,baseline-random-same-size,11,0.49002708515707727,0.5063545107672766,-0.016327425610199287,0.4450764553029088,0.45008857318342405,-0.005012117880515254,-0.007893933206744828,0.07883398931413407,-0.08672792252087891,0.08536585365853659
083,ours-summary,8,0.8799082346878895,0.46922806389276495,0.41068017079512453,0.6344289005441115,0.5544799285554722,0.07994897198863926,0.22027853421438148,0.03286835993477872,0.18741017427960277,0.0
083,baseline-spectral-cosine,8,0.8075183700185028,0.4339459453798082,0.3735724246386946,0.5539450768435757,0.5729033452730614,-0.01895826842948567,0.10806544995809197,0.04693097079914029,0.061134479158951684,0.0
083,baseline-kmeans,8,0.8687334175019479,0.4530432874956055,0.41569013000634236,0.5726015031636407,0.5664262619053766,0.006175241258264075,0.4413525019351537,-0.03175885601366995,0.47311135794882364,0.0
083,baseline-spectral-adj,8,0.8190426087831688,0.5000756623145598,0.318966946468609,0.5895480890223193,0.5648096711217592,0.024738417900560083,0.0812327252827665,0.06151280702496803,0.019719918257798466,0.0
083,baseline-random-same-size,8,0.5150813768432936,0.5413324871245878,-0.026251110281294232,0.5304402737078816,0.575032253033429,-0.04459197932554737,-0.014220473139350308,0.07921477141766967,-0.09343524455701997,0.0
084,ours-summary,7,0.8464771472914094,0.5393784640455467,0.30709868324586276,0.7245272650742564,0.5841740141928713,0.14035325088138506,0.04724008056601577,0.16817186392705097,-0.12093178336103519,0.0
084,baseline-spectral-cosine,7,0.8246533898423227,0.561202591377743,0.26345079846457975,0.6524211424883906,0.6116087475923276,0.04081239489606292,0.5339036983604505,0.025229734229145994,0.5086739641313045,0.0
084,baseline-kmeans,7,0.8729743008861176,0.5440216862895608,0.3289526145965568,0.658724279102062,0.6092962453274497,0.049428033774612246,0.5292101931103131,0.020984193740648072,0.5082259993696651,0.0
084,baseline-spectral-adj,7,0.7176105869985425,0.6059541515755489,0.11165643542299364,0.6791968826025969,0.6128069439522495,0.06638993865034737,0.10376375026112428,0.14119102642527287,-0.03742727616414859,0.0
084,baseline-random-same-size,7,0.6120036799498698,0.6214441776150855,-0.009440497665215708,0.5462465978697936,0.6465722477144332,-0.10032564984463965,0.30512724196174684,0.07791135743854508,0.22721588452320177,0.0
085,ours-summary,10,0.9232977454303409,0.4960825834360636,0.42721516199427734,0.6465066178734331,0.5741530827289,0.07235353514453313,0.21482235903861255,0.09753222800375724,0.1172901310348553,0.0
085,baseline-spectral-cosine,10,0.8190760228563579,0.49522189412786827,0.3238541287284897,0.5828716300244146,0.589335284083195,-0.006463654058780466,0.1113985765264678,0.12223264458823418,-0.010834068061766386,0.0
085,baseline-kmeans,10,0.9406170217139344,0.5112629330670079,0.4293540886469265,0.5823217503257008,0.5886809418706612,-0.006359191544960452,0.27395199443077967,0.09201322492588276,0.1819387695048969,0.0
085,baseline-spectral-adj,10,0.8283629822432639,0.5534617344566627,0.2749012477866012,0.5871748272852088,0.5877684393039174,-0.0005936120187086669,0.11223618635845932,0.12018084315474349,-0.007944656796284172,0.0
085,baseline-random-same-size,10,0.5974683961000499,0.5712739717430539,0.026194424356995927,0.5820570938136731,0.5890260498196139,-0.0069689560059408295,0.08739355667272682,0.12693887470357698,-0.039545318030850166,0.0
086,ours-summary,11,0.7832002017747094,0.508698546346652,0.2745016554280574,0.6397765711114253,0.519883777482583,0.11989279362884231,0.5994535046957636,0.06910202798502915,0.5303514767107345,0.0
086,baseline-spectral-cosine,11,0.8077840727435686,0.5088970428171679,0.2988870299264007,0.5507028897137174,0.5371885547635166,0.013514334950200824,0.28881889530672433,0.13126570416067043,0.1575531911460539,0.0
086,baseline-kmeans,11,0.8421890518904415,0.49738561618747057,0.3448034357029709,0.5588162922644896,0.5354104063025432,0.02340588596194637,0.5220946061584111,0.08393798112917891,0.43815662502923214,0.0
086,baseline-spectral-adj,11,0.7495977672180769,0.536722032891943,0.21287573432613394,0.577079948475293,0.5360654240280046,0.04101452444728837,0.13440504538897938,0.15609109215274322,-0.021686046763763844,0.0
086,baseline-random-same-size,11,0.6000713774507588,0.5438191427923411,0.056252234658417666,0.5476705440461255,0.5375479470567499,0.010122596989375565,0.19648013801545744,0.1463845914579646,0.05009554655749285,0.0
087,ours-summary,10,0.8455065013595522,0.5678826945844409,0.27762380677511134,0.6168965351671085,0.5804478505972416,0.03644868456986694,0.27389148126027113,0.07586795825960072,0.19802352300067042,0.0
087,baseline-spectral-cosine,10,0.8097730055579041,0.57469152796727,0.23508147759063414,0.5554589790682889,0.5957195061756226,-0.04026052710733374,0.1471954447239682,0.10636757245208175,0.040827872271886445,0.0
087,baseline-kmeans,10,0.8696708478043627,0.576877654850855,0.2927931929535077,0.5389466694946952,0.5964908921627409,-0.05754422266804571,0.2601632500680436,0.08795671037881984,0.17220653968922373,0.0
087,baseline-spectral-adj,10,0.8450141372847345,0.5983418648106835,0.246672272474051,0.6157066079543513,0.5845673415848319,0.03113926636951936,0.04649718247612757,0.12191992374368951,-0.07542274126756193,0.0
087,baseline-random-same-size,10,0.5913510608317384,0.6297226547128661,-0.038371593881127763,0.5504562268828528,0.596613807960523,-0.04615758107767021,0.10051572783237961,0.11805296778349945,-0.017537239951119846,0.0
088,ours-summary,5,0.6806398826294492,0.6170917605392912,0.06354812209015803,0.6270164162439646,0.5740136354831513,0.05300278076081333,0.3964852814860257,0.006121368771101842,0.3903639127149238,0.0
088,baseline-spectral-cosine,5,0.7988799621379546,0.5929027961048671,0.20597716603308758,0.6325109304896283,0.5738682217077591,0.05864270878186917,0.4218919827959986,0.008289612872041963,0.41360236992395666,0.0
088,baseline-kmeans,5,0.7759500593451439,0.5983307899162507,0.17761926942889328,0.6118820513293249,0.5783986883511154,0.03348336297820953,0.39427193077397893,0.015288850542229842,0.3789830802317491,0.013157894736842105
088,baseline-spectral-adj,5,0.6427154479485913,0.6239791196664227,0.018736328282168535,0.6009814077764644,0.5775015775710358,0.023479830205428542,0.10605687574657123,0.07160082133923064,0.03445605440734059,0.0
088,baseline-random-same-size,5,0.6275243949462992,0.6298031593010707,-0.0022787643547714787,0.5907105763716992,0.5827022125465995,0.008008363825099729,0.08241727146775399,0.08128294381820961,0.001134327649544381,0.0
089,ours-summary,10,0.9027129377825479,0.7117161895295557,0.19099674825299218,0.7068274274917596,0.5331408137455094,0.17368661374625027,0.630457561037268,0.139683039797508,0.49077452123976,0.0
089,baseline-spectral-cosine,10,0.8473697808558178,0.7031622732390901,0.14420750761672774,0.5741139761779854,0.5584096643190113,0.01570431185897414,0.2619961792210896,0.20846091693657864,0.05353526228451094,0.007042253521126761
089,baseline-kmeans,10,0.9021639679003088,0.7051176845995804,0.1970462833007285,0.5844790716041517,0.5575258884065312,0.026953183197620523,0.4771491248658135,0.1606066969350832,0.3165424279307303,0.010101010101010102
089,baseline-spectral-adj,10,0.8557293326585906,0.7338843097215113,0.12184502293707933,0.6229339470994989,0.557207607198511,0.06572633990098786,0.31759578372783304,0.2148830095908317,0.10271277413700133,0.023255813953488372
089,baseline-random-same-size,10,0.6956459467618024,0.7545402630983232,-0.05889431633652087,0.5675415077755944,0.5619469041977576,0.00559460357783681,0.10971619841949071,0.24737894204206048,-0.13766274362256978,0.0
090,ours-summary,10,0.8901175852842763,0.7794382564735313,0.11067932881074505,0.6694198649083192,0.5832997937791425,0.08612007112917663,0.5938728559734562,0.0030908604719763594,0.5907819955014798,0.0
090,baseline-spectral-cosine,10,0.8588060545670299,0.7603429436019911,0.09846311096503879,0.6008559317011326,0.5927518087038341,0.008104122997298457,0.05880253489805479,0.10352919478952405,-0.04472665989146926,0.0
090,baseline-kmeans,10,0.9355559848329915,0.7650261786547333,0.1705298061782582,0.6060771428177061,0.5933736132271277,0.01270352959057841,0.5278409454480153,-0.00728287922725489,0.5351238246752702,0.0
090,baseline-spectral-adj,10,0.8453663504124154,0.7902840837868641,0.05508226662555127,0.6096925280327409,0.5942240776123124,0.015468450420428437,-0.0018200380229371291,0.0965864527399945,-0.09840649076293163,0.0
090,baseline-random-same-size,10,0.7847543440489217,0.7970401155975552,-0.012285771548633417,0.6073513913025776,0.593668879957984,0.01368251134459364,0.08846623755565557,0.08752349554883247,0.0009427420068230941,0.0
091,ours-summary,13,0.9086416959229584,0.6348435661048012,0.2737981298181572,0.5697506228743974,0.5176267512840577,0.05212387159033971,0.3079080410651942,0.26788701747351673,0.040021023591677474,0.0
091,baseline-spectral-cosine,13,0.9050627946109867,0.612636881134441,0.2924259134765457,0.5383170133808263,0.5219621740106891,0.016354839370137153,0.16164961898032115,0.3052211160547557,-0.14357149707443456,0.0
091,baseline-kmeans,13,0.91484359939639,0.6474632019600709,0.26738039743631914,0.5665249832317862,0.5205624423800379,0.045962540851748335,0.36857034099940855,0.2625000375294793,0.10607030346992924,0.0
091,baseline-spectral-adj,13,0.6795004141441789,0.6761302624754891,0.0033701516686898136,0.5923696843820112,0.5213548776446022,0.07101480673740901,0.36780818966179496,0.2680965256213992,0.09971166404039578,0.0
091,baseline-random-same-size,13,0.6649521597430554,0.6783595547083554,-0.013407394965299968,0.5643678175724551,0.5185879665165474,0.04577985105590776,0.33227866272443185,0.2635351207486529,0.06874354197577898,0.0
092,ours-summary,12,0.8436701691266043,0.7053112938406714,0.13835887528593294,0.5867721906780059,0.53614146494213,0.0506307257358759,0.45960108297524477,0.022908369972266595,0.4366927130029782,0.0
092,baseline-spectral-cosine,12,0.8253901776320189,0.7033494266856437,0.12204075094637523,0.5188480480062172,0.550094382527685,-0.031246334521467856,0.23964341262611838,0.05559147914744161,0.18405193347867677,0.0
092,baseline-kmeans,12,0.8869436540885186,0.7069741286709811,0.17996952541753752,0.5873365507757815,0.5386552302132367,0.048681320562544816,0.4349072635294021,0.048277926370198586,0.38662933715920356,0.0
092,baseline-spectral-adj,12,0.8038835129263474,0.720641522100192,0.08324199082615547,0.5984201852207515,0.5396071287255817,0.05881305649516977,0.11039094054889369,0.08959147294195521,0.020799467606938474,0.0
092,baseline-random-same-size,12,0.7078885499871257,0.7304660559521682,-0.022577505965042488,0.5964986751601407,0.5343395465022126,0.06215912865792805,0.06315024198847777,0.09635444210726525,-0.03320420011878748,0.0
093,ours-summary,8,0.918479005703508,0.5864354225271573,0.33204358317635074,0.4915968884904464,0.44532555231296156,0.046271336177484856,0.19993768352074326,0.14996245126833838,0.04997523225240488,0.0
093,baseline-spectral-cosine,8,0.7719469815432236,0.6226881683594878,0.1492588131837358,0.4819113308490476,0.44793470622853127,0.033976624620516316,0.29569064594928696,0.12860926272663398,0.16708138322265298,0.019230769230769232
093,baseline-kmeans,8,0.8178356372219002,0.6260911199551555,0.19174451726674469,0.43874544205636845,0.45647757707905634,-0.01773213502268789,0.20023302345544272,0.15369329710094107,0.046539726354501654,0.014084507042253521
093,baseline-spectral-adj,8,0.7945844572408003,0.6186911931292616,0.17589326411153872,0.5046814196394588,0.44315677341555315,0.06152464622390563,0.08727410124381091,0.17545994786776667,-0.08818584662395576,0.009900990099009901
093,baseline-random-same-size,8,0.7002981450140232,0.6384520515657102,0.061846093448313044,0.4974654631205284,0.4439264219375777,0.05353904118295072,0.240844382371999,0.14020986081373435,0.10063452155826466,0.0
094,ours-summary,10,0.845759348482576,0.6727793452579158,0.17298000322466012,0.5820345220872256,0.47751676637778323,0.10451775570944238,0.4471734209850179,-0.04500322583813854,0.4921766468231564,0.0
094,baseline-spectral-cosine,10,0.8742312271172393,0.657286690004481,0.2169445371127583,0.5247480500223266,0.488210737105236,0.036537312917090614,0.07088411569509119,0.03403499677054507,0.03684911892454612,0.0
094,baseline-kmeans,10,0.8852407335640204,0.6638398257104775,0.22140090785354294,0.4670018023344435,0.5022429143594943,-0.035241112025050814,0.346916085936329,-0.02432305911786579,0.3712391450541948,0.01
094,baseline-spectral-adj,10,0.8288615752875083,0.688827557936892,0.14003401735061627,0.5947559076376919,0.48456922685921483,0.1101866807784771,-0.06954268101957127,0.0546961308935028,-0.12423881191307407,0.0
094,baseline-random-same-size,10,0.709179015851006,0.7020465593932522,0.007132456457753733,0.5177954502094431,0.49128228178016525,0.02651316842927781,0.14614603825697176,0.019502641889299944,0.1266433963676718,0.0
095,ours-summary,13,0.8840115487815607,0.7473422134120703,0.13666933536949044,0.6435483288216907,0.5264872412282712,0.11706108759341949,0.5399676223873999,0.02988164765972587,0.510085974727674,0.0
095,baseline-spectral-cosine,13,0.758137293182425,0.7699074859736356,-0.01177019279121061,0.5746659327135915,0.5329112920559309,0.04175464065766055,0.4574985210843777,-0.014274165601294967,0.4717726866856727,0.0
095,baseline-kmeans,13,0.8981324727822676,0.7515474974803118,0.1465849753019558,0.5438815390218882,0.5432376256642135,0.0006439133576746636,0.42960122295609626,0.06476151232675874,0.3648397106293375,0.0
095,baseline-spectral-adj,13,0.8273377079636381,0.7630449355432841,0.06429277242035403,0.5667481922660171,0.541778072974199,0.024970119291818138,0.1859543020046273,0.09777188903952028,0.08818241296510701,0.0
095,baseline-random-same-size,13,0.7325837690653265,0.7727478708063222,-0.04016410174099572,0.5399903625962575,0.5438615843989835,-0.0038712218027259215,0.17268821149813482,0.09150161526739325,0.08118659623074156,0.0
096,ours-summary,12,0.7179249021342072,0.6151258775796943,0.10279902455451295,0.659727453323283,0.5954776908415305,0.06424976248175251,0.5566099444816454,0.0688977957067119,0.48771214877493346,0.0
096,baseline-spectral-cosine,12,0.7858675051854326,0.5696712274992546,0.216196277686178,0.5718342024427122,0.6187195039295749,-0.04688530148686265,0.15204661408051656,0.1412651429837959,0.010781471096720674,0.0
096,baseline-kmeans,12,0.8223260539583359,0.5968269071635386,0.22549914679479732,0.5707898423772696,0.6116037054088063,-0.04081386303153667,0.45803005610725345,0.08824645592505428,0.36978360018219913,0.0
096,baseline-spectral-adj,12,0.6552176765387067,0.6292710765747979,0.0259465999639088,0.605762085403081,0.6053890077181018,0.0003730776849791839,0.15133486232476429,0.14381677046678562,0.007518091857978665,0.0
096,baseline-random-same-size,12,0.576148870009759,0.6410635886077904,-0.06491471859803144,0.6592564563473413,0.5955638590271822,0.06369259732015908,0.05961293814127489,0.1598226476659626,-0.10020970952468772,0.0
097,ours-summary,12,0.7877916627250852,0.5402581606416693,0.24753350208341585,0.5988574960444487,0.4835292836684288,0.11532821237601992,0.49126006577450454,0.1184017363673051,0.37285832940719943,0.02727272727272727
097,baseline-spectral-cosine,12,0.686140352429566,0.5594576449991974,0.12668270743036858,0.5017740872435946,0.5027434064108078,-0.0009693191672132118,0.21643812327629924,0.17245656993101272,0.04398155334528653,0.008771929824561403
097,baseline-kmeans,12,0.7820591485337473,0.5575444292267874,0.22451471930695988,0.5230338737326091,0.5001748911463978,0.02285898258621133,0.3612268321468798,0.15869814497505963,0.20252868717182015,0.0
097,baseline-spectral-adj,12,0.628019002252606,0.5768386165416091,0.05118038571099692,0.521759953984004,0.5008164735433304,0.020943480440673623,0.1511223645093456,0.1826346233490062,-0.031512258839660606,0.0
097,baseline-random-same-size,12,0.5938860746428457,0.5786207769888749,0.015265297653970777,0.5198914519419517,0.4991520621779154,0.02073938976403633,0.15400219461105097,0.18512541591403153,-0.031123221302980564,0.01818181818181818
098,ours-summary,13,0.8310581664885612,0.6530740288744623,0.17798413761409893,0.5965651943686576,0.49835280674436616,0.09821238762429146,0.2557321224658952,0.18592362694819514,0.06980849551770008,0.0
098,baseline-spectral-cosine,13,0.7653857849589514,0.6654915463692848,0.09989423858966662,0.4551792269441314,0.5314332176025043,-0.0762539906583729,0.13439351405523176,0.21463596366716461,-0.08024244961193286,0.017857142857142856
098,baseline-kmeans,13,0.85328112436318,0.6529368721663023,0.2003442521968778,0.48681212553519826,0.5219014568033278,-0.03508933126812952,0.2807869280144476,0.18270640598176202,0.09808052203268558,0.0
098,baseline-spectral-adj,13,0.8097101590916734,0.6743344561495037,0.13537570294216972,0.5512340823166845,0.5130812045333973,0.03815287778328713,0.19363530860778688,0.1990609651743392,-0.005425656566552306,0.0
098,baseline-random-same-size,13,0.6575299640276199,0.6916358516435603,-0.03410588761594047,0.5745918798373131,0.5032357655291093,0.07135611430820377,0.26597596888502245,0.18364721663283354,0.08232875225218891,0.0
099,ours-summary,11,0.9111338954839893,0.8397124937015056,0.07142140178248368,0.6655343053176943,0.6235818679983534,0.04195243731934095,0.5509937045594216,0.008645590548384737,0.5423481140110369,0.0
099,baseline-spectral-cosine,11,0.9087540979362998,0.789761838862467,0.11899225907383282,0.6323024690280465,0.6297133253938431,0.0025891436342034835,0.05949467992248755,0.1568722419674428,-0.09737756204495523,0.0
099,baseline-kmeans,11,0.9334652652875229,0.8415739551270937,0.09189131016042928,0.6112308750891593,0.633748935257004,-0.022518060167844745,0.47573369637577495,0.05573156194012162,0.4200021344356533,0.0
099,baseline-spectral-adj,11,0.9098723288446217,0.8461601565226221,0.06371217232199955,0.6689687741978025,0.6269098750514165,0.04205889914638605,0.08179170506933427,0.10816522722993592,-0.026373522160601653,0.0
099,baseline-random-same-size,11,0.8374651892892886,0.8557391409358188,-0.01827395164653023,0.6736888226471305,0.6218078505171781,0.05188097212995235,0.08383036862872506,0.11027710238705545,-0.026446733758330385,0.0
