relation_idx,relation_name,source_factor,donor_factor,source_idx,donor_idx,source_target_id,donor_target_id,source_target_token,donor_target_token,source_target_clerp,donor_target_clerp,n_source_features,n_donor_features,clean_top1,clean_top1_token,steered_top1,steered_top1_token,top5_ids,top5_tokens,top5_probs,clean_top1_is_source_exact,clean_top1_is_source,top1_is_donor_exact,top1_is_donor,top5_has_donor_exact,top5_has_donor,success_exact,success,p_source_clean,p_source_steered,p_donor_clean,p_donor_steered
0,capital_country,-1.0,4.0,0,1,38365,204061, jordan, greece,"Output "" jordan"" (p=0.385)","Output "" greece"" (p=0.883)",16,11,38365, jordan,210854, egypt,210854|91174|37142|4641|573, egypt| israel| turkey| nor| the,0.24534665|0.14881027|0.062033348|0.062033348|0.048311617,1,1,0,0,0,0,0,0,0.4005832374095917,0.022820793092250824,8.150601934175938e-05,0.0009419266716577113
0,capital_country,-1.0,8.0,0,1,38365,204061, jordan, greece,"Output "" jordan"" (p=0.385)","Output "" greece"" (p=0.883)",16,11,38365, jordan,12919, hung,12919|20940|73017|37142|64028, hung| swit| mexico| turkey| bots,0.58875728|0.13136952|0.07031703|0.037637994|0.022828598,1,1,0,0,0,0,0,0,0.4005832374095917,0.0001357438013656065,8.150601934175938e-05,0.013846244663000107
0,capital_country,-2.0,4.0,0,1,38365,204061, jordan, greece,"Output "" jordan"" (p=0.385)","Output "" greece"" (p=0.883)",16,11,38365, jordan,586, A,586|570|752|5478|637, A| S| U| Ha| E,0.16252336|0.11170056|0.098575398|0.076770604|0.059789009,1,1,0,0,0,0,0,0,0.4005832374095917,0.0001307879138039425,8.150601934175938e-05,1.1428121069911867e-05
0,capital_country,-2.0,8.0,0,1,38365,204061, jordan, greece,"Output "" jordan"" (p=0.385)","Output "" greece"" (p=0.883)",16,11,38365, jordan,12919, hung,12919|20940|4641|64028|37142, hung| swit| nor| bots| turkey,0.79807585|0.084116571|0.024099803|0.01461727|0.012899695,1,1,0,0,0,0,0,0,0.4005832374095917,1.3329224202607293e-05,8.150601934175938e-05,0.0013596179196611047
0,capital_country,-1.0,4.0,0,3,38365,709, jordan, le,"Output "" jordan"" (p=0.385)","Output "" le"" (p=0.719)",16,2,38365, jordan,11965, Israel,11965|20461|30550|18853|29076, Israel| Egypt| Saudi| Jordan| Iraq,0.36814383|0.22329053|0.072491817|0.072491817|0.023534648,1,1,0,0,0,0,0,0,0.4005832374095917,0.00017968927568290383,0.018735527992248535,0.0004310521180741489
0,capital_country,-1.0,8.0,0,3,38365,709, jordan, le,"Output "" jordan"" (p=0.385)","Output "" le"" (p=0.719)",16,2,38365, jordan,11965, Israel,11965|20461|30550|18853|29076, Israel| Egypt| Saudi| Jordan| Iraq,0.44983247|0.18751806|0.10037119|0.060878202|0.036924496,1,1,0,0,0,0,0,0,0.4005832374095917,1.2386789421725553e-05,0.018735527992248535,0.00010371331154601648
0,capital_country,-2.0,4.0,0,3,38365,709, jordan, le,"Output "" jordan"" (p=0.385)","Output "" le"" (p=0.719)",16,2,38365, jordan,11965, Israel,11965|30550|5478|20461|5861, Israel| Saudi| Ha| Egypt| Ca,0.10362706|0.080704838|0.062852986|0.03812227|0.03364278,1,1,0,0,0,0,0,0,0.4005832374095917,1.1064302896102163e-07,0.018735527992248535,1.8423719438942499e-06
0,capital_country,-2.0,8.0,0,3,38365,709, jordan, le,"Output "" jordan"" (p=0.385)","Output "" le"" (p=0.719)",16,2,38365, jordan,11965, Israel,11965|30550|20461|53731|40312, Israel| Saudi| Egypt| Cairo| Qatar,0.26112711|0.17946988|0.066023275|0.031187188|0.024288606,1,1,0,0,0,0,0,0,0.4005832374095917,2.0196672778638458e-08,0.018735527992248535,1.4158961221255595e-06
0,capital_country,-1.0,4.0,0,4,38365,77341, jordan, germany,"Output "" jordan"" (p=0.385)","Output "" germany"" (p=0.961)",16,10,38365, jordan,2649, Che,2649|5213|585|752|573, Che| Da| C| U| the,0.20534846|0.15992555|0.10991511|0.075543486|0.045819439,1,1,0,0,0,0,0,0,0.4005832374095917,3.886323611368425e-06,0.0007264552405104041,6.753418233529374e-07
0,capital_country,-1.0,8.0,0,4,38365,77341, jordan, germany,"Output "" jordan"" (p=0.385)","Output "" germany"" (p=0.961)",16,10,38365, jordan,582, re,582|5730|11124|573|125147, re| former| Russia| the| CRS,0.24285677|0.21432035|0.078844048|0.078844048|0.061403807,1,1,0,0,0,0,0,0,0.4005832374095917,2.8805533514031367e-09,0.0007264552405104041,4.7492294541484625e-09
0,capital_country,-2.0,4.0,0,4,38365,77341, jordan, germany,"Output "" jordan"" (p=0.385)","Output "" germany"" (p=0.961)",16,10,38365, jordan,5213, Da,5213|2649|5861|6886|585, Da| Che| Ca| Bal| C,0.58719587|0.21601731|0.054617722|0.022768054|0.01564824,1,1,0,0,0,0,0,0,0.4005832374095917,5.6606528492375574e-11,0.0007264552405104041,4.9955081737884655e-11
0,capital_country,-2.0,8.0,0,4,38365,77341, jordan, germany,"Output "" jordan"" (p=0.385)","Output "" germany"" (p=0.961)",16,10,38365, jordan,5213, Da,5213|2649|11124|10855|125147, Da| Che| Russia| Ros| CRS,0.4609212|0.13205613|0.062378898|0.048580736|0.042872347,1,1,0,0,0,0,0,0,0.4005832374095917,1.1724293953220555e-13,0.0007264552405104041,1.6184888715700674e-12
0,capital_country,-1.0,4.0,0,5,38365,2100, jordan, bel,"Output "" jordan"" (p=0.385)","Output "" bel"" (p=0.789)",16,3,38365, jordan,5478, Ha,11965|5478|20461|30550|8125, Israel| Ha| Egypt| Saudi| Africa,0.072806239|0.072806239|0.064251281|0.044159219|0.038970374,1,1,0,0,0,0,0,0,0.4005832374095917,2.442377262923401e-05,2.4857929020072334e-05,1.6620585938653676e-06
0,capital_country,-1.0,8.0,0,5,38365,2100, jordan, bel,"Output "" jordan"" (p=0.385)","Output "" bel"" (p=0.789)",16,3,38365, jordan,8125, Africa,8125|30550|687|15922|11965, Africa| Saudi| O| Nigeria| Israel,0.13320784|0.055529289|0.055529289|0.055529289|0.049004432,1,1,0,0,0,0,0,0,0.4005832374095917,1.9633766896731686e-06,2.4857929020072334e-05,2.09000381801161e-06
0,capital_country,-2.0,4.0,0,5,38365,2100, jordan, bel,"Output "" jordan"" (p=0.385)","Output "" bel"" (p=0.789)",16,3,38365, jordan,5861, Ca,5861|5478|687|5213|1877, Ca| Ha| O| Da| As,0.12679549|0.098748423|0.059893951|0.052856222|0.052856222,1,1,0,0,0,0,0,0,0.4005832374095917,1.0336393962973034e-09,2.4857929020072334e-05,1.1712669722996338e-09
0,capital_country,-2.0,8.0,0,5,38365,2100, jordan, bel,"Output "" jordan"" (p=0.385)","Output "" bel"" (p=0.789)",16,3,38365, jordan,687, O,687|6886|5861|8125|6007, O| Bal| Ca| Africa| Sk,0.15349717|0.093100749|0.063987143|0.056468464|0.056468464,1,1,0,0,0,0,0,0,0.4005832374095917,7.059420409349926e-11,2.4857929020072334e-05,1.2513121649959658e-09
0,capital_country,-1.0,4.0,0,6,38365,12919, jordan, hung,"Output "" jordan"" (p=0.385)","Output "" hung"" (p=0.973)",16,8,38365, jordan,132460, Hungry,132460|2932|16443|17765|6886, Hungry| Bu| Hong| Bos| Bal,0.5291993|0.15161814|0.11808033|0.055777196|0.020519283,1,1,0,0,0,0,0,0,0.4005832374095917,3.471653737055491e-12,1.1030640962417237e-05,0.010983181186020374
0,capital_country,-1.0,8.0,0,6,38365,12919, jordan, hung,"Output "" jordan"" (p=0.385)","Output "" hung"" (p=0.973)",16,8,38365, jordan,2932, Bu,2932|10620|1791|16443|5439, Bu| RO| Ro| Hong| Mac,0.30694106|0.30694106|0.087940089|0.068487816|0.068487816,1,1,0,0,0,0,0,0,0.4005832374095917,1.1657418059313374e-23,1.1030640962417237e-05,1.7893025869852863e-05
0,capital_country,-2.0,4.0,0,6,38365,12919, jordan, hung,"Output "" jordan"" (p=0.385)","Output "" hung"" (p=0.973)",16,8,38365, jordan,2932, Bu,2932|16443|17765|6886|3003, Bu| Hong| Bos| Bal| Ma,0.64755762|0.11252863|0.068252064|0.068252064|0.019554544,1,1,0,0,0,0,0,0,0.4005832374095917,8.558277962247601e-17,1.1030640962417237e-05,3.774915239773691e-05
0,capital_country,-2.0,8.0,0,6,38365,12919, jordan, hung,"Output "" jordan"" (p=0.385)","Output "" hung"" (p=0.973)",16,8,38365, jordan,2932, Bu,2932|1791|16443|6886|2364, Bu| Ro| Hong| Bal| Or,0.490464|0.29748145|0.051694524|0.040259738|0.031354316,1,1,0,0,0,0,0,0,0.4005832374095917,1.886982826086865e-28,1.1030640962417237e-05,3.347712862478147e-08
0,capital_country,-1.0,4.0,0,7,38365,83354, jordan, australia,"Output "" jordan"" (p=0.385)","Output "" australia"" (p=0.918)",16,12,38365, jordan,8625, Australia,8625|14847|7557|37295|130535, Australia| Australian| Aus| Oz| AUSTRALIA,0.99955064|0.000430549|3.7249786e-06|2.9010164e-06|2.2593138e-06,1,1,0,1,0,1,0,1,0.4005832374095917,1.3210303346065407e-16,0.00018367664597462863,8.760310521438441e-08
0,capital_country,-1.0,8.0,0,7,38365,83354, jordan, australia,"Output "" jordan"" (p=0.385)","Output "" australia"" (p=0.918)",16,12,38365, jordan,8625, Australia,8625|14847|109395|4477|80758, Australia| Australian| Aussie| Aust| Canberra,0.98593044|0.014063543|3.674221e-06|6.3848387e-07|4.9725173e-07,1,1,0,1,0,1,0,1,0.4005832374095917,1.9845115440698534e-24,0.00018367664597462863,2.750221717029433e-10
0,capital_country,-2.0,4.0,0,7,38365,83354, jordan, australia,"Output "" jordan"" (p=0.385)","Output "" australia"" (p=0.918)",16,12,38365, jordan,8625, Australia,8625|14847|37295|4477|7557, Australia| Australian| Oz| Aust| Aus,0.9992398|0.00070963451|1.299741e-05|1.0122392e-05|7.8833273e-06,1,1,0,1,0,1,0,1,0.4005832374095917,7.775217292072016e-20,0.00018367664597462863,2.4598253989260854e-10
0,capital_country,-2.0,8.0,0,7,38365,83354, jordan, australia,"Output "" jordan"" (p=0.385)","Output "" australia"" (p=0.918)",16,12,38365, jordan,8625, Australia,8625|14847|4477|80758|7557, Australia| Australian| Aust| Canberra| Aus,0.98200607|0.017986069|4.6990144e-06|1.0484919e-06|8.1656623e-07,1,1,0,1,0,1,0,1,0.4005832374095917,1.318691069973243e-27,0.00018367664597462863,3.634415901912491e-13
0,capital_country,-1.0,4.0,0,8,38365,1600, jordan, den,"Output "" jordan"" (p=0.385)","Output "" den"" (p=0.445)",16,9,38365, jordan,29899, Dubai,29899|11965|13763|53731|5783, Dubai| Israel| Tel| Cairo| America,0.32102707|0.22063847|0.11809927|0.033836003|0.020522572,1,1,0,0,0,0,0,0,0.4005832374095917,6.075599685573252e-06,0.00013438070891425014,2.722894714679569e-05
0,capital_country,-1.0,8.0,0,8,38365,1600, jordan, den,"Output "" jordan"" (p=0.385)","Output "" den"" (p=0.445)",16,9,38365, jordan,29899, Dubai,29899|614|22336|11965|16846, Dubai| be| Bour| Israel| AF,0.35486108|0.16762452|0.089722931|0.079180211|0.069876283,1,1,0,0,0,0,0,0,0.4005832374095917,1.664711746229841e-08,0.00013438070891425014,0.01214267872273922
0,capital_country,-2.0,4.0,0,8,38365,1600, jordan, den,"Output "" jordan"" (p=0.385)","Output "" den"" (p=0.445)",16,9,38365, jordan,13763, Tel,13763|29899|19556|6886|5861, Tel| Dubai| Abu| Bal| Ca,0.28160223|0.080680393|0.06283395|0.06283395|0.048935123,1,1,0,0,0,0,0,0,0.4005832374095917,1.482168388022842e-09,0.00013438070891425014,1.4202542786279082e-07
0,capital_country,-2.0,8.0,0,8,38365,1600, jordan, den,"Output "" jordan"" (p=0.385)","Output "" den"" (p=0.445)",16,9,38365, jordan,29899, Dubai,29899|22336|19556|11198|13763, Dubai| Bour| Abu| Mexico| Tel,0.22691207|0.13762914|0.13762914|0.10718568|0.065011397,1,1,0,0,0,0,0,0,0.4005832374095917,5.5307776587743e-12,0.00013438070891425014,0.00012550152314361185
0,capital_country,-1.0,4.0,1,0,204061,38365, greece, jordan,"Output "" greece"" (p=0.883)","Output "" jordan"" (p=0.385)",11,16,204061, greece,38365, jordan,38365|204061|709|91174|48619, jordan| greece| le| israel|Jordan,0.73630834|0.12795119|0.013485959|0.011180252|0.010502874,1,1,1,1,1,1,1,1,0.8682636618614197,0.12795118987560272,1.2671252989093773e-06,0.7363083362579346
0,capital_country,-1.0,8.0,1,0,204061,38365, greece, jordan,"Output "" greece"" (p=0.883)","Output "" jordan"" (p=0.385)",11,16,204061, greece,48619,Jordan,48619|19770|38365|92167|50441,Jordan|Middle| jordan| rama| domaine,0.90237713|0.09510985|0.0011972563|0.00038869222|0.0001261899,1,1,0,1,1,1,0,1,0.8682636618614197,7.211761743342038e-11,1.2671252989093773e-06,0.0011972562642768025
0,capital_country,-2.0,4.0,1,0,204061,38365, greece, jordan,"Output "" greece"" (p=0.883)","Output "" jordan"" (p=0.385)",11,16,204061, greece,38365, jordan,38365|18853|48619|204061|573, jordan| Jordan|Jordan| greece| the,0.56350726|0.097922869|0.067301348|0.052414339|0.052414339,1,1,1,1,1,1,1,1,0.8682636618614197,0.052414339035749435,1.2671252989093773e-06,0.5635072588920593
0,capital_country,-2.0,8.0,1,0,204061,38365, greece, jordan,"Output "" greece"" (p=0.883)","Output "" jordan"" (p=0.385)",11,16,204061, greece,48619,Jordan,48619|19770|38365|92167|96212,Jordan|Middle| jordan| rama|MIDDLE,0.91411543|0.085025981|0.00023882046|0.00014485195|0.0001278314,1,1,0,1,1,1,0,1,0.8682636618614197,2.687570478665524e-11,1.2671252989093773e-06,0.0002388204593444243
0,capital_country,-1.0,4.0,1,3,204061,709, greece, le,"Output "" greece"" (p=0.883)","Output "" le"" (p=0.719)",11,2,204061, greece,25553, Greece,25553|15556|38721|56254|28967, Greece| Greek| Athens| Greeks| Olympic,0.68119234|0.1722324|0.055915672|0.01602011|0.011010448,1,1,0,0,0,0,0,0,0.8682636618614197,0.002783877542242408,9.966712241293862e-06,2.905236578953918e-05
0,capital_country,-1.0,8.0,1,3,204061,709, greece, le,"Output "" greece"" (p=0.883)","Output "" le"" (p=0.719)",11,2,204061, greece,15556, Greek,15556|25553|28967|56254|38721, Greek| Greece| Olympic| Greeks| Athens,0.58387256|0.24339429|0.029069303|0.025653571|0.015559676,1,1,0,0,0,0,0,0,0.8682636618614197,0.00010484027006896213,9.966712241293862e-06,3.8568581658182666e-05
0,capital_country,-2.0,4.0,1,3,204061,709, greece, le,"Output "" greece"" (p=0.883)","Output "" le"" (p=0.719)",11,2,204061, greece,15556, Greek,15556|25553|38721|28967|85687, Greek| Greece| Athens| Olympic| Olympia,0.48949042|0.10922008|0.085060678|0.058461297|0.05159191,1,1,0,0,0,0,0,0,0.8682636618614197,1.6098165360745043e-06,9.966712241293862e-06,2.9778610155517526e-07
0,capital_country,-2.0,8.0,1,3,204061,709, greece, le,"Output "" greece"" (p=0.883)","Output "" le"" (p=0.719)",11,2,204061, greece,15556, Greek,15556|28967|20936|4645|25553, Greek| Olympic| Empire| English| Greece,0.64798731|0.077391051|0.046940047|0.041424442|0.019567521,1,1,0,0,0,0,0,0,0.8682636618614197,3.0398151551480623e-08,9.966712241293862e-06,2.39099961163447e-07
0,capital_country,-1.0,4.0,1,5,204061,2100, greece, bel,"Output "" greece"" (p=0.883)","Output "" bel"" (p=0.789)",11,3,204061, greece,25553, Greece,25553|38721|4238|13128|21355, Greece| Athens| Europe| Ohio| Turkey,0.68540293|0.15293407|0.026575955|0.020697376|0.012553593,1,1,0,0,0,0,0,0,0.8682636618614197,0.0035966644063591957,1.1293764146103058e-05,2.5290589178439404e-07
0,capital_country,-1.0,8.0,1,5,204061,2100, greece, bel,"Output "" greece"" (p=0.883)","Output "" bel"" (p=0.789)",11,3,204061, greece,25553, Greece,25553|13128|4238|38721|21355, Greece| Ohio| Europe| Athens| Turkey,0.35500762|0.13060002|0.1152541|0.089759983|0.06990514,1,1,0,0,0,0,0,0,0.8682636618614197,0.0006853259401395917,1.1293764146103058e-05,4.034892526760814e-07
0,capital_country,-2.0,4.0,1,5,204061,2100, greece, bel,"Output "" greece"" (p=0.883)","Output "" bel"" (p=0.789)",11,3,204061, greece,38721, Athens,38721|25553|13128|4238|85687, Athens| Greece| Ohio| Europe| Olympia,0.35105294|0.12914518|0.12914518|0.061003849|0.037000708,1,1,0,0,0,0,0,0,0.8682636618614197,3.556198862497695e-06,1.1293764146103058e-05,1.5166935762866984e-10
0,capital_country,-2.0,8.0,1,5,204061,2100, greece, bel,"Output "" greece"" (p=0.883)","Output "" bel"" (p=0.789)",11,3,204061, greece,13128, Ohio,13128|4238|38721|25553|4589, Ohio| Europe| Athens| Greece| West,0.42665434|0.12223852|0.074141398|0.027275098|0.027275098,1,1,0,0,0,0,0,0,0.8682636618614197,2.4383328423027706e-07,1.1293764146103058e-05,1.0502936714784639e-10
0,capital_country,-1.0,4.0,1,6,204061,12919, greece, hung,"Output "" greece"" (p=0.883)","Output "" hung"" (p=0.973)",11,8,204061, greece,132460, Hungry,132460|227499|2364|13473|5439, Hungry| Moly| Or| Virginia| Mac,0.8760218|0.029975818|0.0097317239|0.0075790738|0.0075790738,1,1,0,0,0,0,0,0,0.8682636618614197,1.3609001143777277e-06,2.0891361600661185e-06,0.00029387258109636605
0,capital_country,-1.0,8.0,1,6,204061,12919, greece, hung,"Output "" greece"" (p=0.883)","Output "" hung"" (p=0.973)",11,8,204061, greece,8418, Union,8418|5571|5439|132460|16443, Union| East| Mac| Hungry| Hong,0.59367412|0.10316509|0.10316509|0.055220295|0.033492807,1,1,0,0,0,0,0,0,0.8682636618614197,7.768732247768389e-18,2.0891361600661185e-06,3.392852363504062e-07
0,capital_country,-2.0,4.0,1,6,204061,12919, greece, hung,"Output "" greece"" (p=0.883)","Output "" hung"" (p=0.973)",11,8,204061, greece,227499, Moly,227499|2364|8418|13473|132460, Moly| Or| Union| Virginia| Hungry,0.54310608|0.13731872|0.12118335|0.044580862|0.023862416,1,1,0,0,0,0,0,0,0.8682636618614197,2.8303498433857044e-10,2.0891361600661185e-06,1.0076744416664951e-07
0,capital_country,-2.0,8.0,1,6,204061,12919, greece, hung,"Output "" greece"" (p=0.883)","Output "" hung"" (p=0.973)",11,8,204061, greece,8418, Union,8418|5571|16443|13473|1791, Union| East| Hong| Virginia| Ro,0.91317838|0.021475896|0.010144496|0.010144496|0.010144496,1,1,0,0,0,0,0,0,0.8682636618614197,1.068277962205191e-22,2.0891361600661185e-06,1.1191975297919488e-11
0,capital_country,-1.0,4.0,1,8,204061,1600, greece, den,"Output "" greece"" (p=0.883)","Output "" den"" (p=0.445)",11,9,204061, greece,25553, Greece,25553|38721|15556|204061|88530, Greece| Athens| Greek| greece| greek,0.42565838|0.29255044|0.12195317|0.057606596|0.018702123,1,1,0,0,0,0,0,0,0.8682636618614197,0.05760659649968147,1.3622880942421034e-05,0.005358248483389616
0,capital_country,-1.0,8.0,1,8,204061,1600, greece, den,"Output "" greece"" (p=0.883)","Output "" den"" (p=0.445)",11,9,204061, greece,1600, den,1600|15556|614|25553|499, den| Greek| be| Greece| d,0.66176933|0.069749974|0.047938414|0.037334472|0.032947555,1,1,1,1,1,1,1,1,0.8682636618614197,0.00017289289098698646,1.3622880942421034e-05,0.6617693305015564
0,capital_country,-2.0,4.0,1,8,204061,1600, greece, den,"Output "" greece"" (p=0.883)","Output "" den"" (p=0.445)",11,9,204061, greece,38721, Athens,38721|15556|25553|573|499, Athens| Greek| Greece| the| d,0.63062608|0.18067741|0.085345961|0.014830905|0.01155032,1,1,0,0,0,0,0,0,0.8682636618614197,0.0037498397286981344,1.3622880942421034e-05,0.000948107976000756
0,capital_country,-2.0,8.0,1,8,204061,1600, greece, den,"Output "" greece"" (p=0.883)","Output "" den"" (p=0.445)",11,9,204061, greece,15556, Greek,15556|1600|499|749|38721, Greek| den| d| do| Athens,0.47713089|0.17552666|0.073170394|0.044380084|0.034563247,1,1,0,0,1,1,0,0,0.8682636618614197,1.3138491340214387e-05,1.3622880942421034e-05,0.1755266636610031
0,capital_country,-1.0,4.0,1,9,204061,15600, greece, bang,"Output "" greece"" (p=0.883)","Output "" bang"" (p=0.953)",11,1,204061, greece,25553, Greece,25553|38721|15556|204061|37134, Greece| Athens| Greek| greece| Ancient,0.7653873|0.11737595|0.038106389|0.010917663|0.009634804,1,1,0,0,0,0,0,0,0.8682636618614197,0.010917662642896175,1.0731365307492524e-07,5.121654766959693e-10
0,capital_country,-1.0,8.0,1,9,204061,15600, greece, bang,"Output "" greece"" (p=0.883)","Output "" bang"" (p=0.953)",11,1,204061, greece,25553, Greece,25553|38721|15556|204061|573, Greece| Athens| Greek| greece| the,0.82631427|0.087092884|0.02202053|0.013356127|0.005567662,1,1,0,0,0,0,0,0,0.8682636618614197,0.013356126844882965,1.0731365307492524e-07,2.453635628008044e-10
0,capital_country,-2.0,4.0,1,9,204061,15600, greece, bang,"Output "" greece"" (p=0.883)","Output "" bang"" (p=0.953)",11,1,204061, greece,38721, Athens,38721|25553|15556|85687|184951, Athens| Greece| Greek| Olympia| Parthen,0.30264771|0.20800655|0.12616234|0.067529835|0.040958915,1,1,0,0,0,0,0,0,0.8682636618614197,1.3740185750066303e-05,1.0731365307492524e-07,1.2818897419247799e-12
0,capital_country,-2.0,8.0,1,9,204061,15600, greece, bang,"Output "" greece"" (p=0.883)","Output "" bang"" (p=0.953)",11,1,204061, greece,25553, Greece,25553|38721|15556|85687|687, Greece| Athens| Greek| Olympia| O,0.3189804|0.3189804|0.10355777|0.04891723|0.020391734,1,1,0,0,0,0,0,0,0.8682636618614197,2.387626955169253e-05,1.0731365307492524e-07,8.723151324538381e-13
0,capital_country,-1.0,4.0,2,3,86179,709, thailand, le,"Output "" thailand"" (p=0.891)","Output "" le"" (p=0.719)",11,2,86179, thailand,28141, Thailand,28141|86179|496|20461|709, Thailand| thailand| i| Egypt| le,0.4158456|0.28580624|0.026584119|0.017163999|0.016124083,1,1,0,0,1,1,0,0,0.8800681233406067,0.28580623865127563,1.8873421140597202e-05,0.01612408272922039
0,capital_country,-1.0,8.0,2,3,86179,709, thailand, le,"Output "" thailand"" (p=0.891)","Output "" le"" (p=0.719)",11,2,86179, thailand,28141, Thailand,28141|20461|709|496|22878, Thailand| Egypt| le| i| Vietnam,0.33990398|0.29996422|0.046001002|0.046001002|0.027901018,1,1,0,0,1,1,0,0,0.8800681233406067,0.011630874127149582,1.8873421140597202e-05,0.04600100219249725
0,capital_country,-2.0,4.0,2,3,86179,709, thailand, le,"Output "" thailand"" (p=0.891)","Output "" le"" (p=0.719)",11,2,86179, thailand,20461, Egypt,20461|22878|496|28141|709, Egypt| Vietnam| i| Thailand| le,0.25529245|0.15484269|0.064548038|0.056963447|0.050270058,1,1,0,0,1,1,0,0,0.8800681233406067,0.026907624676823616,1.8873421140597202e-05,0.05027005821466446
0,capital_country,-2.0,8.0,2,3,86179,709, thailand, le,"Output "" thailand"" (p=0.891)","Output "" le"" (p=0.719)",11,2,86179, thailand,20461, Egypt,20461|22878|4316|19066|709, Egypt| Vietnam| South| Ukraine| le,0.72266638|0.046198513|0.021822633|0.016995484|0.016995484,1,1,0,0,1,1,0,0,0.8800681233406067,0.00021394158829934895,1.8873421140597202e-05,0.01699548400938511
0,capital_country,-1.0,4.0,2,4,86179,77341, thailand, germany,"Output "" thailand"" (p=0.891)","Output "" germany"" (p=0.961)",11,10,86179, thailand,573, the,573|86179|32376|5730|109548, the| thailand| democratic| former| russia,0.21220435|0.088459931|0.078065626|0.068892665|0.064718671,1,1,0,0,0,0,0,0,0.8800681233406067,0.08845993131399155,7.94600709923543e-05,0.0008146878681145608
0,capital_country,-1.0,8.0,2,4,86179,77341, thailand, germany,"Output "" thailand"" (p=0.891)","Output "" germany"" (p=0.961)",11,10,86179, thailand,32376, democratic,32376|582|573|5730|11124, democratic| re| the| former| Russia,0.57837337|0.27320427|0.053797103|0.04189723|0.0072806468,1,1,0,0,0,0,0,0,0.8800681233406067,1.3916288708060165e-06,7.94600709923543e-05,8.440656529273838e-07
0,capital_country,-2.0,4.0,2,4,86179,77341, thailand, germany,"Output "" thailand"" (p=0.891)","Output "" germany"" (p=0.961)",11,10,86179, thailand,573, the,573|11124|32376|62663|25510, the| Russia| democratic| Myanmar| Cuba,0.17894915|0.12298984|0.084529601|0.061843175|0.048163511,1,1,0,0,0,0,0,0,0.8800681233406067,0.006938611622899771,7.94600709923543e-05,0.0008286990341730416
0,capital_country,-2.0,8.0,2,4,86179,77341, thailand, germany,"Output "" thailand"" (p=0.891)","Output "" germany"" (p=0.961)",11,10,86179, thailand,32376, democratic,32376|582|11124|25682|573, democratic| re| Russia| Democratic| the,0.66141587|0.10143141|0.061521258|0.029060585|0.029060585,1,1,0,0,0,0,0,0,0.8800681233406067,1.3063319670436613e-07,7.94600709923543e-05,9.65256049312302e-07
0,capital_country,-1.0,4.0,2,5,86179,2100, thailand, bel,"Output "" thailand"" (p=0.891)","Output "" bel"" (p=0.789)",11,3,86179, thailand,86179, thailand,86179|28141|71354|113964|22878, thailand| Thailand| asia| vietnam| Vietnam,0.33252093|0.29344869|0.065477252|0.030929264|0.02729498,1,1,0,0,0,0,0,0,0.8800681233406067,0.3325209319591522,1.8873421140597202e-05,0.00011154834646731615
0,capital_country,-1.0,8.0,2,5,86179,2100, thailand, bel,"Output "" thailand"" (p=0.891)","Output "" bel"" (p=0.789)",11,3,86179, thailand,28141, Thailand,28141|86179|12222|71354|22878, Thailand| thailand| Asia| asia| Vietnam,0.26970664|0.1274004|0.099219538|0.077272251|0.077272251,1,1,0,0,0,0,0,0,0.8800681233406067,0.12740039825439453,1.8873421140597202e-05,0.00021704184473492205
0,capital_country,-2.0,4.0,2,5,86179,2100, thailand, bel,"Output "" thailand"" (p=0.891)","Output "" bel"" (p=0.789)",11,3,86179, thailand,22878, Vietnam,22878|12222|37265|71354|4316, Vietnam| Asia| Southeast| asia| South,0.26232314|0.096503302|0.085163854|0.066325679|0.045584925,1,1,0,0,0,0,0,0,0.8800681233406067,0.031330034136772156,1.8873421140597202e-05,4.424898361321539e-05
0,capital_country,-2.0,8.0,2,5,86179,2100, thailand, bel,"Output "" thailand"" (p=0.891)","Output "" bel"" (p=0.789)",11,3,86179, thailand,12222, Asia,12222|22878|37265|4316|30160, Asia| Vietnam| Southeast| South| Peru,0.23996183|0.21176557|0.12844232|0.10003097|0.028659355,1,1,0,0,0,0,0,0,0.8800681233406067,0.0038786218501627445,1.8873421140597202e-05,2.4550572561565787e-05
0,capital_country,-1.0,4.0,2,7,86179,83354, thailand, australia,"Output "" thailand"" (p=0.891)","Output "" australia"" (p=0.918)",11,12,86179, thailand,8625, Australia,8625|14847|83354|32083|130535, Australia| Australian| australia|Australia| AUSTRALIA,0.99865073|0.00070921617|0.00055233808|4.5338675e-05|1.2989747e-05,1,1,0,1,1,1,0,1,0.8800681233406067,3.094638044084941e-12,4.2531912185950205e-05,0.0005523380823433399
0,capital_country,-1.0,8.0,2,7,86179,83354, thailand, australia,"Output "" thailand"" (p=0.891)","Output "" australia"" (p=0.918)",11,12,86179, thailand,8625, Australia,8625|14847|32083|109395|92405, Australia| Australian|Australia| Aussie| Australians,0.93980128|0.060079485|0.00011598069|1.0034296e-06|7.8147178e-07,1,1,0,1,0,1,0,1,0.8800681233406067,4.674864546218854e-21,4.2531912185950205e-05,2.2389539822142979e-07
0,capital_country,-2.0,4.0,2,7,86179,83354, thailand, australia,"Output "" thailand"" (p=0.891)","Output "" australia"" (p=0.918)",11,12,86179, thailand,8625, Australia,8625|14847|83354|32083|179161, Australia| Australian| australia|Australia| Australie,0.99898881|0.00091095991|5.8235717e-05|2.7508606e-05|7.8813473e-06,1,1,0,1,1,1,0,1,0.8800681233406067,2.36358529997387e-14,4.2531912185950205e-05,5.82357170060277e-05
0,capital_country,-2.0,8.0,2,7,86179,83354, thailand, australia,"Output "" thailand"" (p=0.891)","Output "" australia"" (p=0.918)",11,12,86179, thailand,8625, Australia,8625|14847|32083|179161|109395, Australia| Australian|Australia| Australie| Aussie,0.90458739|0.095342807|6.7710025e-05|7.5219043e-07|5.858065e-07,1,1,0,1,0,1,0,1,0.8800681233406067,5.664285725662295e-23,4.2531912185950205e-05,6.174354894028511e-08
0,capital_country,-1.0,4.0,2,8,86179,1600, thailand, den,"Output "" thailand"" (p=0.891)","Output "" den"" (p=0.445)",11,9,86179, thailand,28141, Thailand,28141|86179|52717|35800|22878, Thailand| thailand| Bangkok| Thai| Vietnam,0.52176988|0.16939387|0.037796885|0.037796885|0.029436244,1,1,0,0,0,0,0,0,0.8800681233406067,0.1693938672542572,2.1386387743405066e-05,0.025977391749620438
0,capital_country,-1.0,8.0,2,8,86179,1600, thailand, den,"Output "" thailand"" (p=0.891)","Output "" den"" (p=0.445)",11,9,86179, thailand,1600, den,1600|4433|702|614|499, den| green| li| be| d,0.78607392|0.034537677|0.020948159|0.018486686|0.016314443,1,1,1,1,1,1,1,1,0.8800681233406067,1.4876845852995757e-05,2.1386387743405066e-05,0.7860739231109619
0,capital_country,-2.0,4.0,2,8,86179,1600, thailand, den,"Output "" thailand"" (p=0.891)","Output "" den"" (p=0.445)",11,9,86179, thailand,22878, Vietnam,22878|28141|11198|14000|19445, Vietnam| Thailand| Mexico| Indonesia| Singapore,0.3257255|0.093321919|0.072679184|0.049951624|0.03029719,1,1,0,0,0,0,0,0,0.8800681233406067,0.008680290542542934,2.1386387743405066e-05,0.01621691696345806
0,capital_country,-2.0,8.0,2,8,86179,1600, thailand, den,"Output "" thailand"" (p=0.891)","Output "" den"" (p=0.445)",11,9,86179, thailand,1600, den,1600|4433|499|702|11198, den| green| d| li| Mexico,0.60258865|0.13445571|0.049463492|0.033995729|0.023364898,1,1,1,1,1,1,1,1,0.8800681233406067,1.3620489198729047e-06,2.1386387743405066e-05,0.6025886535644531
0,capital_country,-1.0,4.0,3,0,709,38365, le, jordan,"Output "" le"" (p=0.719)","Output "" jordan"" (p=0.385)",2,16,709, le,709, le,709|38365|2345|71117|6511, le| jordan| sy| ira| sau,0.4394213|0.23520528|0.033884533|0.026389301|0.026389301,1,1,0,0,1,1,0,0,0.7236522436141968,0.43942129611968994,0.0007959737558849156,0.23520527780056
0,capital_country,-1.0,8.0,3,0,709,38365, le, jordan,"Output "" le"" (p=0.719)","Output "" jordan"" (p=0.385)",2,16,709, le,74931, jugu,74931|215320|233573|72514|37395, jugu| gonzález| sánchez| ecu| dj,0.26393089|0.097094759|0.07561747|0.07561747|0.058890946,1,1,0,0,0,0,0,0,0.7236522436141968,4.99502584716538e-06,0.0007959737558849156,0.01687253639101982
0,capital_country,-2.0,4.0,3,0,709,38365, le, jordan,"Output "" le"" (p=0.719)","Output "" jordan"" (p=0.385)",2,16,709, le,709, le,709|38365|2345|91174|7185, le| jordan| sy| israel| middle,0.43647525|0.23362836|0.029702513|0.026212376|0.024624249,1,1,0,0,1,1,0,0,0.7236522436141968,0.4364752471446991,0.0007959737558849156,0.23362836241722107
0,capital_country,-2.0,8.0,3,0,709,38365, le, jordan,"Output "" le"" (p=0.719)","Output "" jordan"" (p=0.385)",2,16,709, le,74931, jugu,74931|215320|72514|37395|233573, jugu| gonzález| ecu| dj| sánchez,0.22705208|0.10725182|0.083527803|0.083527803|0.065051511,1,1,0,0,0,0,0,0,0.7236522436141968,6.252208549994975e-06,0.0007959737558849156,0.0239311121404171
0,capital_country,-1.0,4.0,3,1,709,204061, le, greece,"Output "" le"" (p=0.719)","Output "" greece"" (p=0.883)",2,11,709, le,7185, middle,7185|709|573|614|91174, middle| le| the| be| israel,0.79300594|0.030748177|0.030748177|0.030748177|0.016458312,1,1,0,0,0,0,0,0,0.7236522436141968,0.03074817731976509,2.5586536139599048e-05,0.001438111299648881
0,capital_country,-1.0,8.0,3,1,709,204061, le, greece,"Output "" le"" (p=0.719)","Output "" greece"" (p=0.883)",2,11,709, le,12919, hung,12919|20940|204061|73017|7185, hung| swit| greece| mexico| middle,0.1678248|0.14810486|0.13070209|0.13070209|0.13070209,1,1,0,0,1,1,0,0,0.7236522436141968,8.633724064566195e-06,2.5586536139599048e-05,0.13070209324359894
0,capital_country,-2.0,4.0,3,1,709,204061, le, greece,"Output "" le"" (p=0.719)","Output "" greece"" (p=0.883)",2,11,709, le,7185, middle,7185|573|614|709|91174, middle| the| be| le| israel,0.82758945|0.041203249|0.024991035|0.01515783|0.0081134019,1,1,0,0,0,0,0,0,0.7236522436141968,0.015157829970121384,2.5586536139599048e-05,0.00103150331415236
0,capital_country,-2.0,8.0,3,1,709,204061, le, greece,"Output "" le"" (p=0.719)","Output "" greece"" (p=0.883)",2,11,709, le,7185, middle,73017|12919|7185|204061|20940, mexico| hung| middle| greece| swit,0.16052005|0.16052005|0.16052005|0.12501314|0.12501314,1,1,0,0,1,1,0,0,0.7236522436141968,5.0086887313227635e-06,2.5586536139599048e-05,0.12501314282417297
0,capital_country,-1.0,4.0,3,2,709,86179, le, thailand,"Output "" le"" (p=0.719)","Output "" thailand"" (p=0.891)",2,9,709, le,39352, Tail,39352|573|2345|723|955, Tail| the| sy|..|...,0.11299856|0.0936791|0.064384632|0.053376742|0.050142806,1,1,0,0,0,0,0,0,0.7236522436141968,0.002203121315687895,1.3852788072199473e-07,0.00012046755000483245
0,capital_country,-1.0,8.0,3,2,709,86179, le, thailand,"Output "" le"" (p=0.719)","Output "" thailand"" (p=0.891)",2,9,709, le,39352, Tail,39352|4169|45891|1604|4029, Tail| TH|Tail|cha| CH,0.68722355|0.28647739|0.014262869|0.0052470164|0.0019302696,1,1,0,0,0,0,0,0,0.7236522436141968,2.7616834166743764e-11,1.3852788072199473e-07,9.639221365542738e-11
0,capital_country,-2.0,4.0,3,2,709,86179, le, thailand,"Output "" le"" (p=0.719)","Output "" thailand"" (p=0.891)",2,9,709, le,39352, Tail,39352|573|723|955|235248, Tail| the|..|...| ,0.17918177|0.12314971|0.058171801|0.054647349|0.051336437,1,1,0,0,0,0,0,0,0.7236522436141968,0.0009402596042491496,1.3852788072199473e-07,8.476697985315695e-05
0,capital_country,-2.0,8.0,3,2,709,86179, le, thailand,"Output "" le"" (p=0.719)","Output "" thailand"" (p=0.891)",2,9,709, le,39352, Tail,39352|4169|45891|1604|4029, Tail| TH|Tail|cha| CH,0.69310689|0.28892991|0.0098866383|0.0028325694|0.0017180402,1,1,0,0,0,0,0,0,0.7236522436141968,7.0424065884422404e-12,1.3852788072199473e-07,5.203673950071597e-11
0,capital_country,-1.0,4.0,3,5,709,2100, le, bel,"Output "" le"" (p=0.719)","Output "" bel"" (p=0.789)",2,3,709, le,709, le,709|573|7185|47430|614, le| the| middle| Lebanon| be,0.36977959|0.17467152|0.093494922|0.072813913|0.056707539,1,1,0,0,0,0,0,0,0.7236522436141968,0.3697795867919922,0.00027508119819685817,0.0036251915153115988
0,capital_country,-1.0,8.0,3,5,709,2100, le, bel,"Output "" le"" (p=0.719)","Output "" bel"" (p=0.789)",2,3,709, le,573, the,573|709|47430|7185|614, the| le| Lebanon| middle| be,0.32188255|0.13418061|0.12605101|0.098168626|0.067470245,1,1,0,0,0,0,0,0,0.7236522436141968,0.13418060541152954,0.00027508119819685817,0.011014214716851711
0,capital_country,-2.0,4.0,3,5,709,2100, le, bel,"Output "" le"" (p=0.719)","Output "" bel"" (p=0.789)",2,3,709, le,573, the,573|709|7185|47430|614, the| le| middle| Lebanon| be,0.30189055|0.18310587|0.1258467|0.11105934|0.04349146,1,1,0,0,0,0,0,0,0.7236522436141968,0.18310587108135223,0.00027508119819685817,0.0043062372133135796
0,capital_country,-2.0,8.0,3,5,709,2100, le, bel,"Output "" le"" (p=0.719)","Output "" bel"" (p=0.789)",2,3,709, le,573, the,573|47430|7185|709|614, the| Lebanon| middle| le| be,0.43882501|0.14246562|0.11095234|0.052410174|0.040817082,1,1,0,0,0,0,0,0,0.7236522436141968,0.052410174161195755,0.00027508119819685817,0.010320175439119339
0,capital_country,-1.0,4.0,3,8,709,1600, le, den,"Output "" le"" (p=0.719)","Output "" den"" (p=0.445)",2,9,709, le,614, be,614|709|702|7185|573, be| le| li| middle| the,0.8337279|0.053298436|0.036631446|0.0251764|0.0081735812,1,1,0,0,0,0,0,0,0.7236522436141968,0.05329843610525131,2.613828883113456e-06,0.00011658987205009907
0,capital_country,-1.0,8.0,3,8,709,1600, le, den,"Output "" le"" (p=0.719)","Output "" den"" (p=0.445)",2,9,709, le,614, be,614|1600|702|717|111059, be| den| li| al| kabul,0.68980592|0.13583083|0.026746679|0.02360386|0.018382706,1,1,0,0,1,1,0,0,0.7236522436141968,0.0024878287222236395,2.613828883113456e-06,0.1358308345079422
0,capital_country,-2.0,4.0,3,8,709,1600, le, den,"Output "" le"" (p=0.719)","Output "" den"" (p=0.445)",2,9,709, le,614, be,614|709|7185|702|573, be| le| middle| li| the,0.81251925|0.051942617|0.04045295|0.035699606|0.010228108,1,1,0,0,0,0,0,0,0.7236522436141968,0.0519426167011261,2.613828883113456e-06,0.00014589611964765936
0,capital_country,-2.0,8.0,3,8,709,1600, le, den,"Output "" le"" (p=0.719)","Output "" den"" (p=0.445)",2,9,709, le,614, be,614|1600|717|111059|702, be| den| al| kabul| li,0.70146739|0.12189674|0.027198842|0.021182479|0.021182479,1,1,0,0,1,1,0,0,0.7236522436141968,0.0019702776335179806,2.613828883113456e-06,0.12189674377441406
0,capital_country,-1.0,4.0,3,9,709,15600, le, bang,"Output "" le"" (p=0.719)","Output "" bang"" (p=0.953)",2,1,709, le,709, le,709|573|47430|7185|702, le| the| Lebanon| middle| li,0.61165291|0.093800016|0.044307988|0.03910166|0.03910166,1,1,0,0,0,0,0,0,0.7236522436141968,0.6116529107093811,2.7236725145485252e-05,1.486367364122998e-05
0,capital_country,-1.0,8.0,3,9,709,15600, le, bang,"Output "" le"" (p=0.719)","Output "" bang"" (p=0.953)",2,1,709, le,709, le,709|573|702|47430|955, le| the| li| Lebanon|...,0.65110302|0.07776317|0.036732718|0.032416508|0.028607471,1,1,0,0,0,0,0,0,0.7236522436141968,0.6511030197143555,2.7236725145485252e-05,7.711194484727457e-06
0,capital_country,-2.0,4.0,3,9,709,15600, le, bang,"Output "" le"" (p=0.719)","Output "" bang"" (p=0.953)",2,1,709, le,709, le,709|573|47430|7185|955, le| the| Lebanon| middle|...,0.38726422|0.20728761|0.086410336|0.06729643|0.031788584,1,1,0,0,0,0,0,0,0.7236522436141968,0.387264221906662,2.7236725145485252e-05,1.2083762157999445e-05
0,capital_country,-2.0,8.0,3,9,709,15600, le, bang,"Output "" le"" (p=0.719)","Output "" bang"" (p=0.953)",2,1,709, le,709, le,709|573|47430|955|7185, le| the| Lebanon|...| middle,0.42625564|0.17768979|0.074072123|0.057687428|0.044927012,1,1,0,0,0,0,0,0,0.7236522436141968,0.42625564336776733,2.7236725145485252e-05,6.482099706772715e-06
0,capital_country,-1.0,4.0,4,2,77341,86179, germany, thailand,"Output "" germany"" (p=0.961)","Output "" thailand"" (p=0.891)",10,9,77341, germany,77341, germany,77341|2554|3700|6286|518, germany| cam| sich| bur| b,0.61563528|0.094410732|0.032627475|0.030650673|0.02106588,1,1,0,0,0,0,0,0,0.9550687670707703,0.6156352758407593,1.4836996342637576e-06,7.137231295928359e-05
0,capital_country,-1.0,8.0,4,2,77341,86179, germany, thailand,"Output "" germany"" (p=0.961)","Output "" thailand"" (p=0.891)",10,9,77341, germany,1604,cha,1604|2554|3700|39352|6286,cha| cam| sich| Tail| bur,0.45142749|0.18818296|0.11413874|0.088891335|0.032701299,1,1,0,0,0,0,0,0,0.9550687670707703,2.6056181923195254e-06,1.4836996342637576e-06,1.1829488777426178e-10
0,capital_country,-2.0,4.0,4,2,77341,86179, germany, thailand,"Output "" germany"" (p=0.961)","Output "" thailand"" (p=0.891)",10,9,77341, germany,77341, germany,77341|2554|3700|25378|788, germany| cam| sich| vien| ch,0.46423513|0.21928915|0.062827393|0.03810674|0.018000349,1,1,0,0,0,0,0,0,0.9550687670707703,0.4642351269721985,1.4836996342637576e-06,4.191511470708065e-05
0,capital_country,-2.0,8.0,4,2,77341,86179, germany, thailand,"Output "" germany"" (p=0.961)","Output "" thailand"" (p=0.891)",10,9,77341, germany,2554, cam,2554|1604|3700|39352|6286, cam|cha| sich| Tail| bur,0.40061572|0.24298573|0.16700147|0.078885905|0.017601827,1,1,0,0,0,0,0,0,0.9550687670707703,2.0406287148944102e-06,1.4836996342637576e-06,6.367350396940807e-11
0,capital_country,-1.0,4.0,4,9,77341,15600, germany, bang,"Output "" germany"" (p=0.961)","Output "" bang"" (p=0.953)",10,1,77341, germany,77341, germany,77341|9066|118517|46368|138059, germany| Germany| deutschland| german| austria,0.98401928|0.006228562|0.0013897801|0.0013055776|0.00069882529,1,1,0,0,0,0,0,0,0.9550687670707703,0.9840192794799805,1.2040652109135408e-05,2.8559395559568657e-06
0,capital_country,-1.0,8.0,4,9,77341,15600, germany, bang,"Output "" germany"" (p=0.961)","Output "" bang"" (p=0.953)",10,1,77341, germany,77341, germany,77341|9066|118517|46368|138059, germany| Germany| deutschland| german| austria,0.98770499|0.0042968579|0.0015807258|0.00090067036|0.00048209412,1,1,0,0,0,0,0,0,0.9550687670707703,0.9877049922943115,1.2040652109135408e-05,1.3124416682330775e-06
0,capital_country,-2.0,4.0,4,9,77341,15600, germany, bang,"Output "" germany"" (p=0.961)","Output "" bang"" (p=0.953)",10,1,77341, germany,77341, germany,77341|9066|138059|46368|118517, germany| Germany| austria| german| deutschland,0.97908908|0.0084707802|0.0024269193|0.0014720008|0.0012990362,1,1,0,0,0,0,0,0,0.9550687670707703,0.979089081287384,1.2040652109135408e-05,2.507729732315056e-06
0,capital_country,-2.0,8.0,4,9,77341,15600, germany, bang,"Output "" germany"" (p=0.961)","Output "" bang"" (p=0.953)",10,1,77341, germany,77341, germany,77341|9066|138059|118517|46368, germany| Germany| austria| deutschland| german,0.98297805|0.0066232542|0.001674621|0.0014778477|0.0010812165,1,1,0,0,0,0,0,0,0.9550687670707703,0.9829780459403992,1.2040652109135408e-05,1.347622742287058e-06
0,capital_country,-1.0,4.0,5,3,2100,709, bel, le,"Output "" bel"" (p=0.789)","Output "" le"" (p=0.719)",3,2,2100, bel,2100, bel,2100|25032|573|30674|235417, bel| europe| the| Belgium|…,0.43820074|0.12554662|0.12554662|0.052335616|0.040759016,1,1,0,0,0,0,0,0,0.7961058616638184,0.4382007420063019,7.65150471124798e-05,0.0055161332711577415
0,capital_country,-1.0,8.0,5,3,2100,709, bel, le,"Output "" bel"" (p=0.789)","Output "" le"" (p=0.719)",3,2,2100, bel,573, the,573|30674|235417|25032|597, the| Belgium|…| europe| y,0.22308566|0.092995934|0.072425306|0.072425306|0.056404889,1,1,0,0,0,0,0,0,0.7961058616638184,0.049777138978242874,7.65150471124798e-05,0.049777138978242874
0,capital_country,-2.0,4.0,5,3,2100,709, bel, le,"Output "" bel"" (p=0.789)","Output "" le"" (p=0.719)",3,2,2100, bel,2100, bel,2100|573|25032|235417|30674, bel| the| europe|…| Belgium,0.34655535|0.18549772|0.12749061|0.036526665|0.036526665,1,1,0,0,0,0,0,0,0.7961058616638184,0.34655535221099854,7.65150471124798e-05,0.009235387668013573
0,capital_country,-2.0,8.0,5,3,2100,709, bel, le,"Output "" bel"" (p=0.789)","Output "" le"" (p=0.719)",3,2,2100, bel,573, the,573|709|25032|235417|30674, the| le| europe|…| Belgium,0.28028041|0.070865989|0.062539019|0.055190485|0.055190485,1,1,0,0,1,1,0,0,0.7961058616638184,0.03347472473978996,7.65150471124798e-05,0.07086598873138428
0,capital_country,-1.0,4.0,5,6,2100,12919, bel, hung,"Output "" bel"" (p=0.789)","Output "" hung"" (p=0.973)",3,8,2100, bel,12919, hung,12919|132460|7667|28126|16866, hung| Hungry| mac| hungry| bos,0.67667687|0.28208089|0.012393769|0.0058544017|0.0027654236,1,1,1,1,1,1,1,1,0.7961058616638184,5.065050572738983e-05,3.809460167758516e-06,0.676676869392395
0,capital_country,-1.0,8.0,5,6,2100,12919, bel, hung,"Output "" bel"" (p=0.789)","Output "" hung"" (p=0.973)",3,8,2100, bel,132460, Hungry,132460|5439|7667|899|12919, Hungry| Mac| mac| ro| hung,0.34700918|0.16391553|0.14465494|0.12765755|0.068330154,1,1,0,0,1,1,0,0,0.7961058616638184,8.02476141092967e-11,3.809460167758516e-06,0.06833015382289886
0,capital_country,-2.0,4.0,5,6,2100,12919, bel, hung,"Output "" bel"" (p=0.789)","Output "" hung"" (p=0.973)",3,8,2100, bel,12919, hung,12919|132460|7667|28126|718, hung| Hungry| mac| hungry| ma,0.77705204|0.15301061|0.02658926|0.0076179509|0.0040775952,1,1,1,1,1,1,1,1,0.7961058616638184,5.816377233713865e-05,3.809460167758516e-06,0.7770520448684692
0,capital_country,-2.0,8.0,5,6,2100,12919, bel, hung,"Output "" bel"" (p=0.789)","Output "" hung"" (p=0.973)",3,8,2100, bel,899, ro,5439|899|7667|132460|12919, Mac| ro| mac| Hungry| hung,0.20012225|0.20012225|0.17660727|0.17660727|0.073620871,1,1,0,0,1,1,0,0,0.7961058616638184,6.325627521786004e-11,3.809460167758516e-06,0.07362087070941925
0,capital_country,-1.0,4.0,5,8,2100,1600, bel, den,"Output "" bel"" (p=0.789)","Output "" den"" (p=0.445)",3,9,2100, bel,2100, bel,2100|1600|25032|30674|614, bel| den| europe| Belgium| be,0.65775627|0.14676528|0.04204895|0.01986252|0.01752861,1,1,0,0,1,1,0,0,0.7961058616638184,0.6577562689781189,0.001356261782348156,0.14676527678966522
0,capital_country,-1.0,8.0,5,8,2100,1600, bel, den,"Output "" bel"" (p=0.789)","Output "" den"" (p=0.445)",3,9,2100, bel,1600, den,1600|2100|614|717|499, den| bel| be| al| d,0.7312029|0.068012461|0.032126814|0.015175631|0.011818794,1,1,1,1,1,1,1,1,0.7961058616638184,0.06801246106624603,0.001356261782348156,0.7312029004096985
0,capital_country,-2.0,4.0,5,8,2100,1600, bel, den,"Output "" bel"" (p=0.789)","Output "" den"" (p=0.445)",3,9,2100, bel,2100, bel,2100|1600|25032|573|614, bel| den| europe| the| be,0.53697622|0.22384499|0.044077694|0.02359309|0.018374316,1,1,0,0,1,1,0,0,0.7961058616638184,0.5369762182235718,0.001356261782348156,0.2238449901342392
0,capital_country,-2.0,8.0,5,8,2100,1600, bel, den,"Output "" bel"" (p=0.789)","Output "" den"" (p=0.445)",3,9,2100, bel,1600, den,1600|2100|614|717|499, den| bel| be| al| d,0.77967829|0.034256674|0.020777723|0.012602326|0.012602326,1,1,1,1,1,1,1,1,0.7961058616638184,0.034256674349308014,0.001356261782348156,0.7796782851219177
0,capital_country,-1.0,4.0,5,9,2100,15600, bel, bang,"Output "" bel"" (p=0.789)","Output "" bang"" (p=0.953)",3,1,2100, bel,2100, bel,2100|25032|573|235417|30674, bel| europe| the|…| Belgium,0.79782248|0.065489255|0.039721243|0.016558276|0.014612629,1,1,0,0,0,0,0,0,0.7961058616638184,0.7978224754333496,1.0253022537654033e-06,4.0237989651359385e-07
0,capital_country,-1.0,8.0,5,9,2100,15600, bel, bang,"Output "" bel"" (p=0.789)","Output "" bang"" (p=0.953)",3,1,2100, bel,2100, bel,2100|25032|573|235417|30674, bel| europe| the|…| Belgium,0.82188225|0.059536956|0.028123265|0.024818694|0.010345971,1,1,0,0,0,0,0,0,0.7961058616638184,0.8218822479248047,1.0253022537654033e-06,1.477996676158e-07
0,capital_country,-2.0,4.0,5,9,2100,15600, bel, bang,"Output "" bel"" (p=0.789)","Output "" bang"" (p=0.953)",3,1,2100, bel,2100, bel,2100|25032|573|235417|77341, bel| europe| the|…| germany,0.73239678|0.07719405|0.068123505|0.017224321|0.015200409,1,1,0,0,0,0,0,0,0.7961058616638184,0.7323967814445496,1.0253022537654033e-06,4.455604596387275e-07
0,capital_country,-2.0,8.0,5,9,2100,15600, bel, bang,"Output "" bel"" (p=0.789)","Output "" bang"" (p=0.953)",3,1,2100, bel,2100, bel,2100|25032|573|235417|955, bel| europe| the|…|...,0.7648108|0.071138486|0.048892718|0.026170386|0.014008,1,1,0,0,0,0,0,0,0.7961058616638184,0.7648108005523682,1.0253022537654033e-06,1.6590064433330554e-07
0,capital_country,-1.0,4.0,6,0,12919,38365, hung, jordan,"Output "" hung"" (p=0.973)","Output "" jordan"" (p=0.385)",8,16,12919, hung,38365, jordan,38365|71117|91174|210854|61235, jordan| ira| israel| egypt| italy,0.98363608|0.014030815|0.001783818|9.4538889e-05|7.3626965e-05,1,1,1,1,1,1,1,1,0.9737045764923096,3.8635883470306e-07,1.6252814649675429e-09,0.9836360812187195
0,capital_country,-1.0,8.0,6,0,12919,38365, hung, jordan,"Output "" hung"" (p=0.973)","Output "" jordan"" (p=0.385)",8,16,12919, hung,38365, jordan,38365|48619|71117|67542|18853, jordan|Jordan| ira|jordan| Jordan,0.99592173|0.0040701046|6.9339108e-06|5.6917003e-07|5.0229079e-07,1,1,1,1,1,1,1,1,0.9737045764923096,2.5158614320269374e-20,1.6252814649675429e-09,0.9959217309951782
0,capital_country,-2.0,4.0,6,0,12919,38365, hung, jordan,"Output "" hung"" (p=0.973)","Output "" jordan"" (p=0.385)",8,16,12919, hung,38365, jordan,38365|71117|91174|48619|61235, jordan| ira| israel|Jordan| italy,0.99493402|0.0040660677|0.00080065627|5.4485339e-05|5.1184245e-05,1,1,1,1,1,1,1,1,0.9737045764923096,2.1829713592325106e-09,1.6252814649675429e-09,0.9949340224266052
0,capital_country,-2.0,8.0,6,0,12919,38365, hung, jordan,"Output "" hung"" (p=0.973)","Output "" jordan"" (p=0.385)",8,16,12919, hung,38365, jordan,38365|48619|71117|18853|67542, jordan|Jordan| ira| Jordan|jordan,0.99682426|0.0031726733|2.2531513e-06|5.0274599e-07|1.8494993e-07,1,1,1,1,1,1,1,1,0.9737045764923096,3.169872076167157e-22,1.6252814649675429e-09,0.9968242645263672
0,capital_country,-1.0,4.0,6,3,12919,709, hung, le,"Output "" hung"" (p=0.973)","Output "" le"" (p=0.719)",8,2,12919, hung,138059, austria,138059|42680|12919|77341|61235, austria| Hungary| hung| germany| italy,0.65173918|0.13661195|0.056948334|0.053498011|0.011937019,1,1,0,0,0,0,0,0,0.9737045764923096,0.056948333978652954,1.1780531394833815e-06,0.00021863412985112518
0,capital_country,-1.0,8.0,6,3,12919,709, hung, le,"Output "" hung"" (p=0.973)","Output "" le"" (p=0.719)",8,2,12919, hung,42680, Hungary,42680|138059|26684|11965|91174, Hungary| austria| Austria| Israel| israel,0.42442253|0.25742528|0.044733804|0.037085626|0.030745067,1,1,0,0,0,0,0,0,0.9737045764923096,0.006860151421278715,1.1780531394833815e-06,0.0047149090096354485
0,capital_country,-2.0,4.0,6,3,12919,709, hung, le,"Output "" hung"" (p=0.973)","Output "" le"" (p=0.719)",8,2,12919, hung,138059, austria,138059|77341|42680|61235|91174, austria| germany| Hungary| italy| israel,0.69135225|0.093564346|0.056749646|0.039003424|0.034420401,1,1,0,0,0,0,0,0,0.9737045764923096,0.001609863480553031,1.1780531394833815e-06,7.529432332376018e-05
0,capital_country,-2.0,8.0,6,3,12919,709, hung, le,"Output "" hung"" (p=0.973)","Output "" le"" (p=0.719)",8,2,12919, hung,11965, Israel,11965|138059|42680|26684|18853, Israel| austria| Hungary| Austria| Jordan,0.20679589|0.20679589|0.09768346|0.09768346|0.086205348,1,1,0,0,0,0,0,0,0.9737045764923096,0.0001296044938499108,1.1780531394833815e-06,0.0012296532513573766
0,capital_country,-1.0,4.0,6,7,12919,83354, hung, australia,"Output "" hung"" (p=0.973)","Output "" australia"" (p=0.918)",8,12,12919, hung,8625, Australia,8625|83354|219614|41111|32083, Australia| australia| australian| austral|Australia,0.98607963|0.01241291|0.00079353084|0.00042474645|0.00010739273,1,1,0,1,1,1,0,1,0.9737045764923096,8.143117934513236e-14,5.676177897839807e-05,0.012412910349667072
0,capital_country,-1.0,8.0,6,7,12919,83354, hung, australia,"Output "" hung"" (p=0.973)","Output "" australia"" (p=0.918)",8,12,12919, hung,8625, Australia,8625|14847|32083|219614|83354, Australia| Australian|Australia| australian| australia,0.99672371|0.0031723531|9.5796764e-05|3.7144434e-06|2.2529239e-06,1,1,0,1,1,1,0,1,0.9737045764923096,1.5780272573845252e-23,5.676177897839807e-05,2.252923877676949e-06
0,capital_country,-2.0,4.0,6,7,12919,83354, hung, australia,"Output "" hung"" (p=0.973)","Output "" australia"" (p=0.918)",8,12,12919, hung,8625, Australia,8625|83354|219614|41111|32083, Australia| australia| australian| austral|Australia,0.97959751|0.017941955|0.0012997108|0.00078831444|0.00017589673,1,1,0,1,1,1,0,1,0.9737045764923096,2.7681049421764744e-15,5.676177897839807e-05,0.017941955476999283
0,capital_country,-2.0,8.0,6,7,12919,83354, hung, australia,"Output "" hung"" (p=0.973)","Output "" australia"" (p=0.918)",8,12,12919, hung,8625, Australia,8625|14847|32083|219614|83354, Australia| Australian|Australia| australian| australia,0.99744749|0.0024724251|7.4660777e-05|2.8949123e-06|1.3674597e-06,1,1,0,1,1,1,0,1,0.9737045764923096,6.123119117840929e-25,5.676177897839807e-05,1.3674597312274273e-06
0,capital_country,-1.0,4.0,7,1,83354,204061, australia, greece,"Output "" australia"" (p=0.918)","Output "" greece"" (p=0.883)",13,11,83354, australia,83354, australia,83354|888|204061|73017|69308, australia| new| greece| mexico| canada,0.43444282|0.29858792|0.096937299|0.019088086|0.014865816,1,1,0,0,1,1,0,0,0.9152761101722717,0.43444281816482544,3.6670804547611624e-05,0.09693729877471924
0,capital_country,-1.0,8.0,7,1,83354,204061, australia, greece,"Output "" australia"" (p=0.918)","Output "" greece"" (p=0.883)",13,11,83354, australia,204061, greece,204061|20940|73017|93838|67424, greece| swit| mexico| spain| chile,0.58564037|0.14807308|0.069944769|0.020039512|0.020039512,1,1,1,1,1,1,1,1,0.9152761101722717,0.004471419379115105,3.6670804547611624e-05,0.5856403708457947
0,capital_country,-2.0,4.0,7,1,83354,204061, australia, greece,"Output "" australia"" (p=0.918)","Output "" greece"" (p=0.883)",13,11,83354, australia,888, new,888|83354|69308|204061|73017, new| australia| canada| greece| mexico,0.31743377|0.14994511|0.11677738|0.090946302|0.090946302,1,1,0,0,1,1,0,0,0.9152761101722717,0.14994511008262634,3.6670804547611624e-05,0.09094630181789398
0,capital_country,-2.0,8.0,7,1,83354,204061, australia, greece,"Output "" australia"" (p=0.918)","Output "" greece"" (p=0.883)",13,11,83354, australia,204061, greece,204061|73017|20940|67424|82870, greece| mexico| swit| chile| nz,0.41481626|0.28509879|0.08168216|0.034050193|0.026518317,1,1,1,1,1,1,1,1,0.9152761101722717,0.000907406909391284,3.6670804547611624e-05,0.4148162603378296
0,capital_country,-1.0,4.0,7,2,83354,86179, australia, thailand,"Output "" australia"" (p=0.918)","Output "" thailand"" (p=0.891)",13,9,83354, australia,83354, australia,83354|6286|3586|4169|235417, australia| bur| ta| TH|…,0.26761636|0.098450571|0.098450571|0.067664012|0.059713285,1,1,0,0,0,0,0,0,0.9152761101722717,0.2676163613796234,5.679685637005605e-05,0.0038173424545675516
0,capital_country,-1.0,8.0,7,2,83354,86179, australia, thailand,"Output "" australia"" (p=0.918)","Output "" thailand"" (p=0.891)",13,9,83354, australia,4169, TH,4169|1604|6286|39352|3586, TH|cha| bur| Tail| ta,0.63105881|0.29809108|0.016817147|0.016817147|0.0070104306,1,1,0,0,0,0,0,0,0.9152761101722717,3.606506027153955e-07,5.679685637005605e-05,3.844888851745054e-10
0,capital_country,-2.0,4.0,7,2,83354,86179, australia, thailand,"Output "" australia"" (p=0.918)","Output "" thailand"" (p=0.891)",13,9,83354, australia,3586, ta,3586|2345|6286|235417|573, ta| sy| bur|…| the,0.42156962|0.044433109|0.039212082|0.039212082|0.034604542,1,1,0,0,0,0,0,0,0.9152761101722717,0.03460454195737839,5.679685637005605e-05,0.0015204173978418112
0,capital_country,-2.0,8.0,7,2,83354,86179, australia, thailand,"Output "" australia"" (p=0.918)","Output "" thailand"" (p=0.891)",13,9,83354, australia,4169, TH,4169|1604|3586|6286|39352, TH|cha| ta| bur| Tail,0.64142585|0.20824048|0.059661895|0.019369382|0.01508489,1,1,0,0,0,0,0,0,0.9152761101722717,1.0502559888436735e-07,5.679685637005605e-05,2.8591923273424413e-10
0,capital_country,-1.0,4.0,7,5,83354,2100, australia, bel,"Output "" australia"" (p=0.918)","Output "" bel"" (p=0.789)",13,3,83354, australia,83354, australia,83354|8625|573|235417|69308, australia| Australia| the|…| canada,0.70795441|0.039940059|0.027450372|0.024224868|0.010098428,1,1,0,0,0,0,0,0,0.9152761101722717,0.7079544067382812,4.662170340452576e-06,0.0001271204382646829
0,capital_country,-1.0,8.0,7,5,83354,2100, australia, bel,"Output "" australia"" (p=0.918)","Output "" bel"" (p=0.789)",13,3,83354, australia,83354, australia,83354|573|8625|235417|69308, australia| the| Australia|…| canada,0.55962247|0.052052997|0.035775468|0.031571742|0.014913434,1,1,0,0,0,0,0,0,0.9152761101722717,0.5596224665641785,4.662170340452576e-06,0.0010803255718201399
0,capital_country,-2.0,4.0,7,5,83354,2100, australia, bel,"Output "" australia"" (p=0.918)","Output "" bel"" (p=0.789)",13,3,83354, australia,83354, australia,83354|573|69308|190417|235417, australia| the| canada| toronto|…,0.30980429|0.10057873|0.06912668|0.041927449|0.037000846,1,1,0,0,0,0,0,0,0.9152761101722717,0.3098042905330658,4.662170340452576e-06,0.00018239890050608665
0,capital_country,-2.0,8.0,7,5,83354,2100, australia, bel,"Output "" australia"" (p=0.918)","Output "" bel"" (p=0.789)",13,3,83354, australia,83354, australia,83354|573|190417|69308|82870, australia| the| toronto| canada| nz,0.12451967|0.096976012|0.085581034|0.066650577|0.058818929,1,1,0,0,0,0,0,0,0.9152761101722717,0.12451966851949692,4.662170340452576e-06,0.001012035645544529
0,capital_country,-1.0,4.0,7,6,83354,12919, australia, hung,"Output "" australia"" (p=0.918)","Output "" hung"" (p=0.973)",13,8,83354, australia,12919, hung,12919|132460|53918|28126|718, hung| Hungry| hong| hungry| ma,0.72043812|0.20640899|0.019199025|0.0080033457|0.0037805124,1,1,1,1,1,1,1,1,0.9152761101722717,0.0020235625561326742,3.948422886423941e-07,0.7204381227493286
0,capital_country,-1.0,8.0,7,6,83354,12919, australia, hung,"Output "" australia"" (p=0.918)","Output "" hung"" (p=0.973)",13,8,83354, australia,132460, Hungry,132460|12919|899|718|5439, Hungry| hung| ro| ma| Mac,0.38189933|0.33702496|0.066364147|0.066364147|0.027664695,1,1,0,0,1,1,0,0,0.9152761101722717,5.816319426088512e-09,3.948422886423941e-07,0.3370249569416046
0,capital_country,-2.0,4.0,7,6,83354,12919, australia, hung,"Output "" australia"" (p=0.918)","Output "" hung"" (p=0.973)",13,8,83354, australia,12919, hung,12919|132460|53918|718|28126, hung| Hungry| hong| ma| hungry,0.64787388|0.12757392|0.053180724|0.041417189|0.019564096,1,1,1,1,1,1,1,1,0.9152761101722717,0.0012506907805800438,3.948422886423941e-07,0.6478738784790039
0,capital_country,-2.0,8.0,7,6,83354,12919, australia, hung,"Output "" australia"" (p=0.918)","Output "" hung"" (p=0.973)",13,8,83354, australia,132460, Hungry,132460|12919|718|899|5439, Hungry| hung| ma| ro| Mac,0.24280706|0.21427648|0.21427648|0.16687869|0.03723567,1,1,0,0,1,1,0,0,0.9152761101722717,1.2779761693337832e-09,3.948422886423941e-07,0.2142764776945114
0,capital_country,-1.0,4.0,8,1,1600,204061, den, greece,"Output "" den"" (p=0.445)","Output "" greece"" (p=0.883)",9,11,1600, den,1600, den,1600|182758|4641|77341|20940, den| sweden| nor| germany| swit,0.29469621|0.20254155|0.13920464|0.10841268|0.074510865,1,1,0,0,0,0,0,0,0.44800078868865967,0.29469621181488037,0.0018308769213035703,0.016625622287392616
0,capital_country,-1.0,8.0,8,1,1600,204061, den, greece,"Output "" den"" (p=0.445)","Output "" greece"" (p=0.883)",9,11,1600, den,20940, swit,20940|182758|68158|77341|37142, swit| sweden| korea| germany| turkey,0.44654593|0.099637866|0.087930098|0.068480037|0.060433418,1,1,0,0,0,0,0,0,0.44800078868865967,0.0005228514783084393,0.0018308769213035703,0.04153523966670036
0,capital_country,-2.0,4.0,8,1,1600,204061, den, greece,"Output "" den"" (p=0.445)","Output "" greece"" (p=0.883)",9,11,1600, den,182758, sweden,182758|1600|4641|77341|192474, sweden| den| nor| germany| finland,0.37273365|0.17606692|0.094241828|0.083168119|0.039285839,1,1,0,0,0,0,0,0,0.44800078868865967,0.17606692016124725,0.0018308769213035703,0.009933015331625938
0,capital_country,-2.0,8.0,8,1,1600,204061, den, greece,"Output "" den"" (p=0.445)","Output "" greece"" (p=0.883)",9,11,1600, den,182758, sweden,182758|20940|68158|204061|77341, sweden| swit| korea| greece| germany,0.202831|0.17899773|0.084552534|0.074617364|0.074617364,1,1,0,0,1,1,0,0,0.44800078868865967,0.0003049440565519035,0.0018308769213035703,0.07461736351251602
0,capital_country,-1.0,4.0,8,2,1600,86179, den, thailand,"Output "" den"" (p=0.445)","Output "" thailand"" (p=0.891)",9,9,1600, den,39352, Tail,39352|4169|14630|170510|16718, Tail| TH| Ay| Ratt| Jam,0.53692025|0.093302734|0.064125977|0.049941357|0.03889437,1,1,0,0,0,0,0,0,0.44800078868865967,2.7621787012321874e-05,0.0006327341543510556,1.225709365826333e-05
0,capital_country,-1.0,8.0,8,2,1600,86179, den, thailand,"Output "" den"" (p=0.445)","Output "" thailand"" (p=0.891)",9,9,1600, den,39352, Tail,39352|14630|4169|1604|16718, Tail| Ay| TH|cha| Jam,0.45114765|0.27363488|0.078397699|0.069185734|0.017492892,1,1,0,0,0,0,0,0,0.44800078868865967,1.0887829266642557e-12,0.0006327341543510556,5.092305835905156e-14
0,capital_country,-2.0,4.0,8,2,1600,86179, den, thailand,"Output "" den"" (p=0.445)","Output "" thailand"" (p=0.891)",9,9,1600, den,2900, Dis,2900|39352|170510|6297|14630, Dis| Tail| Ratt| Ve| Ay,0.30320811|0.2361387|0.098437257|0.098437257|0.052689664,1,1,0,0,0,0,0,0,0.44800078868865967,1.3230371243011518e-09,0.0006327341543510556,3.173800999789478e-09
0,capital_country,-2.0,8.0,8,2,1600,86179, den, thailand,"Output "" den"" (p=0.445)","Output "" thailand"" (p=0.891)",9,9,1600, den,14630, Ay,14630|39352|2900|170510|2932, Ay| Tail| Dis| Ratt| Bu,0.43078786|0.33549792|0.058300797|0.03120617|0.016703459,1,1,0,0,0,0,0,0,0.44800078868865967,7.781951090265354e-17,0.0006327341543510556,2.6893701393824187e-17
0,capital_country,-1.0,4.0,8,3,1600,709, den, le,"Output "" den"" (p=0.445)","Output "" le"" (p=0.719)",9,2,1600, den,32923, Denmark,32923|573|84667|61451|24318, Denmark| the| Greenland| Copenhagen| Sweden,0.56999111|0.077139914|0.022100955|0.019504024|0.013404907,1,1,0,0,0,0,0,0,0.44800078868865967,0.010439751669764519,0.0005583859165199101,0.0007104340475052595
0,capital_country,-1.0,8.0,8,3,1600,709, den, le,"Output "" den"" (p=0.445)","Output "" le"" (p=0.719)",9,2,1600, den,32923, Denmark,32923|573|24318|84667|44668, Denmark| the| Sweden| Greenland| Danish,0.57934839|0.025454791|0.022463774|0.019824211|0.019824211,1,1,0,0,0,0,0,0,0.44800078868865967,0.0008710150141268969,0.0005583859165199101,0.0012673194287344813
0,capital_country,-2.0,4.0,8,3,1600,709, den, le,"Output "" den"" (p=0.445)","Output "" le"" (p=0.719)",9,2,1600, den,32923, Denmark,32923|84667|21386|573|24318, Denmark| Greenland| Dy| the| Sweden,0.52212429|0.042858575|0.025995038|0.025995038|0.020244956,1,1,0,0,0,0,0,0,0.44800078868865967,3.4489708923501894e-05,0.0005583859165199101,5.99341274210019e-06
0,capital_country,-2.0,8.0,8,3,1600,709, den, le,"Output "" den"" (p=0.445)","Output "" le"" (p=0.719)",9,2,1600, den,32923, Denmark,32923|44668|3520|84667|24318, Denmark| Danish| United| Greenland| Sweden,0.51288474|0.05405765|0.037153244|0.019886699|0.019886699,1,1,0,0,0,0,0,0,0.44800078868865967,2.780988324957434e-06,0.0005583859165199101,1.703561792965047e-05
0,capital_country,-1.0,4.0,8,4,1600,77341, den, germany,"Output "" den"" (p=0.445)","Output "" germany"" (p=0.961)",9,10,1600, den,5730, former,5730|573|6119|32923|12740, former| the| Dem| Denmark| DR,0.71634275|0.051891699|0.040413294|0.019089887|0.013120276,1,1,0,0,0,0,0,0,0.44800078868865967,0.0006532200495712459,0.01737087592482567,0.00010017454042099416
0,capital_country,-1.0,8.0,8,4,1600,77341, den, germany,"Output "" den"" (p=0.445)","Output "" germany"" (p=0.961)",9,10,1600, den,5730, former,5730|91270|25682|95073|6119, former|dération| Democratic|DDR| Dem,0.77322638|0.092348725|0.038496673|0.023349414|0.014162136,1,1,0,0,0,0,0,0,0.44800078868865967,1.1776223551862586e-08,0.01737087592482567,3.1695273072784858e-09
0,capital_country,-2.0,4.0,8,4,1600,77341, den, germany,"Output "" den"" (p=0.445)","Output "" germany"" (p=0.961)",9,10,1600, den,6119, Dem,6119|5213|5730|4450|1302, Dem| Da| former| Ke| De,0.65190417|0.08822564|0.053511556|0.028642671|0.015331318,1,1,0,0,0,0,0,0,0.44800078868865967,1.3705854939871642e-07,0.01737087592482567,6.891736603620302e-08
0,capital_country,-2.0,8.0,8,4,1600,77341, den, germany,"Output "" den"" (p=0.445)","Output "" germany"" (p=0.961)",9,10,1600, den,6119, Dem,6119|25682|5730|91270|5213, Dem| Democratic| former|dération| Da,0.36333448|0.24971589|0.19447893|0.1336633|0.0058727544,1,1,0,0,0,0,0,0,0.44800078868865967,9.427111001547583e-12,0.01737087592482567,6.086599974031159e-12
0,capital_country,-1.0,4.0,8,6,1600,12919, den, hung,"Output "" den"" (p=0.445)","Output "" hung"" (p=0.973)",9,8,1600, den,3511, Es,3511|132460|2513|118764|3776, Es| Hungry| Bo| تانيه| Trans,0.45690188|0.21582517|0.079397634|0.029208759|0.029208759,1,1,0,0,0,0,0,0,0.44800078868865967,9.798447536013555e-06,0.001258342177607119,0.0014542186399921775
0,capital_country,-1.0,8.0,8,6,1600,12919, den, hung,"Output "" den"" (p=0.445)","Output "" hung"" (p=0.973)",9,8,1600, den,5439, Mac,5439|8418|26436|15419|2513, Mac| Union| Margaret| Elizabeth| Bo,0.92987478|0.019298935|0.011705397|0.010329977|0.006265447,1,1,0,0,0,0,0,0,0.44800078868865967,4.110259224990309e-14,0.001258342177607119,2.6458051749500555e-08
0,capital_country,-2.0,4.0,8,6,1600,12919, den, hung,"Output "" den"" (p=0.445)","Output "" hung"" (p=0.973)",9,8,1600, den,3511, Es,3511|28755|2513|1164|3776, Es| Ves| Bo| Com| Trans,0.47943187|0.17637315|0.10697571|0.064884044|0.039354164,1,1,0,0,0,0,0,0,0.44800078868865967,1.1197577309829398e-09,0.001258342177607119,1.0079737933210708e-07
0,capital_country,-2.0,8.0,8,6,1600,12919, den, hung,"Output "" den"" (p=0.445)","Output "" hung"" (p=0.973)",9,8,1600, den,5439, Mac,5439|8418|15419|26436|2513, Mac| Union| Elizabeth| Margaret| Bo,0.87923932|0.072172359|0.01610383|0.0097674672|0.0067130746,1,1,0,0,0,0,0,0,0.44800078868865967,1.764440353073081e-18,0.001258342177607119,1.370016838690702e-12
0,capital_country,-1.0,4.0,8,9,1600,15600, den, bang,"Output "" den"" (p=0.445)","Output "" bang"" (p=0.953)",9,1,1600, den,32923, Denmark,32923|573|1600|61451|7164, Denmark| the| den| Copenhagen| Den,0.35289389|0.11456787|0.032824244|0.028967293|0.022559751,1,1,0,0,0,0,0,0,0.44800078868865967,0.03282424435019493,0.00023276987485587597,3.5748478239838732e-06
0,capital_country,-1.0,8.0,8,9,1600,15600, den, bang,"Output "" den"" (p=0.445)","Output "" bang"" (p=0.953)",9,1,1600, den,32923, Denmark,32923|573|1600|955|235417, Denmark| the| den|...|…,0.34675372|0.11257445|0.041413829|0.03225312|0.02846328,1,1,0,0,0,0,0,0,0.44800078868865967,0.04141382873058319,0.00023276987485587597,2.5699080197227886e-06
0,capital_country,-2.0,4.0,8,9,1600,15600, den, bang,"Output "" den"" (p=0.445)","Output "" bang"" (p=0.953)",9,1,1600, den,6297, Ve,6297|32923|2900|13889|608, Ve| Denmark| Dis| Kal| D,0.18617266|0.11291943|0.068489105|0.060441412|0.060441412,1,1,0,0,0,0,0,0,0.44800078868865967,6.582600235560676e-06,0.00023276987485587597,7.631391629736584e-10
0,capital_country,-2.0,8.0,8,9,1600,15600, den, bang,"Output "" den"" (p=0.445)","Output "" bang"" (p=0.953)",9,1,1600, den,32923, Denmark,32923|6297|608|10855|2900, Denmark| Ve| D| Ros| Dis,0.1748731|0.15432496|0.072897948|0.050101984|0.050101984,1,1,0,0,0,0,0,0,0.44800078868865967,1.3089572348690126e-05,0.00023276987485587597,8.122648109676334e-10
0,capital_country,-1.0,4.0,9,0,15600,38365, bang, jordan,"Output "" bang"" (p=0.953)","Output "" jordan"" (p=0.385)",1,16,15600, bang,38365, jordan,38365|709|71117|15600|597, jordan| le| ira| bang| y,0.90430969|0.021267325|0.018768348|0.012899284|0.010045974,1,1,1,1,1,1,1,1,0.949939489364624,0.01289928425103426,2.757029051281279e-06,0.9043096899986267
0,capital_country,-1.0,8.0,9,0,15600,38365, bang, jordan,"Output "" bang"" (p=0.953)","Output "" jordan"" (p=0.385)",1,16,15600, bang,48619,Jordan,48619|38365|19770|67462|118250,Jordan| jordan|Middle| leo| leu,0.99514341|0.0040669236|0.00020248021|0.00010837985|7.4488307e-05,1,1,0,1,1,1,0,1,0.949939489364624,1.1344553768610766e-12,2.757029051281279e-06,0.004066923633217812
0,capital_country,-2.0,4.0,9,0,15600,38365, bang, jordan,"Output "" bang"" (p=0.953)","Output "" jordan"" (p=0.385)",1,16,15600, bang,38365, jordan,38365|709|71117|15600|597, jordan| le| ira| bang| y,0.89218348|0.026941607|0.020982144|0.012726313|0.011230933,1,1,1,1,1,1,1,1,0.949939489364624,0.012726313434541225,2.757029051281279e-06,0.8921834826469421
0,capital_country,-2.0,8.0,9,0,15600,38365, bang, jordan,"Output "" bang"" (p=0.953)","Output "" jordan"" (p=0.385)",1,16,15600, bang,48619,Jordan,48619|38365|19770|67462|118250,Jordan| jordan|Middle| leo| leu,0.99387723|0.0052153892|0.00020222258|0.00013898542|9.5523181e-05,1,1,0,1,1,1,0,1,0.949939489364624,1.2838706877141282e-12,2.757029051281279e-06,0.005215389188379049
0,capital_country,-1.0,4.0,9,1,15600,204061, bang, greece,"Output "" bang"" (p=0.953)","Output "" greece"" (p=0.883)",1,11,15600, bang,15600, bang,15600|31664|61427|123996|64028, bang| india| bh| pakistan| bots,0.97312683|0.0084191961|0.0016578382|0.0016578382|0.001463037,1,1,0,0,0,0,0,0,0.949939489364624,0.9731268286705017,2.147176246580784e-06,0.00021077044948469847
0,capital_country,-1.0,8.0,9,1,15600,204061, bang, greece,"Output "" bang"" (p=0.953)","Output "" greece"" (p=0.883)",1,11,15600, bang,20940, swit,20940|31664|204061|2726|37142, swit| india| greece| ind| turkey,0.57952356|0.11411496|0.032694485|0.032694485|0.02546249,1,1,0,0,1,1,0,0,0.949939489364624,0.017500096932053566,2.147176246580784e-06,0.032694485038518906
0,capital_country,-2.0,4.0,9,1,15600,204061, bang, greece,"Output "" bang"" (p=0.953)","Output "" greece"" (p=0.883)",1,11,15600, bang,15600, bang,15600|31664|61427|64028|123996, bang| india| bh| bots| pakistan,0.97123915|0.0084028654|0.0018749327|0.0018749327|0.0016546224,1,1,0,0,0,0,0,0,0.949939489364624,0.9712391495704651,2.147176246580784e-06,0.0002537445107009262
0,capital_country,-2.0,8.0,9,1,15600,204061, bang, greece,"Output "" bang"" (p=0.953)","Output "" greece"" (p=0.883)",1,11,15600, bang,20940, swit,20940|31664|204061|37142|2726, swit| india| greece| turkey| ind,0.61623532|0.094502747|0.03476562|0.02707549|0.02707549,1,1,0,0,1,1,0,0,0.949939489364624,0.014492466114461422,2.147176246580784e-06,0.03476561978459358
0,capital_country,-1.0,4.0,9,2,15600,86179, bang, thailand,"Output "" bang"" (p=0.953)","Output "" thailand"" (p=0.891)",1,9,15600, bang,15600, bang,15600|43229|6286|518|1222, bang| BD| bur| b| bu,0.49884486|0.14292145|0.086686231|0.024836022|0.017069532,1,1,0,0,0,0,0,0,0.949939489364624,0.49884486198425293,7.110471779014915e-05,0.002459099283441901
0,capital_country,-1.0,8.0,9,2,15600,86179, bang, thailand,"Output "" bang"" (p=0.953)","Output "" thailand"" (p=0.891)",1,9,15600, bang,39352, Tail,39352|1604|45891|4169|14630, Tail|cha|Tail| TH| Ay,0.80430675|0.084773302|0.066021517|0.018915482|0.0054193763,1,1,0,0,0,0,0,0,0.949939489364624,8.587615525357251e-07,7.110471779014915e-05,9.064915484913172e-11
0,capital_country,-2.0,4.0,9,2,15600,86179, bang, thailand,"Output "" bang"" (p=0.953)","Output "" thailand"" (p=0.891)",1,9,15600, bang,15600, bang,15600|43229|6286|518|4169, bang| BD| bur| b| TH,0.46220151|0.17003445|0.091012865|0.027757358|0.017921498,1,1,0,0,0,0,0,0,0.949939489364624,0.4622015058994293,7.110471779014915e-05,0.0025818366557359695
0,capital_country,-2.0,8.0,9,2,15600,86179, bang, thailand,"Output "" bang"" (p=0.953)","Output "" thailand"" (p=0.891)",1,9,15600, bang,39352, Tail,39352|1604|45891|4169|14630, Tail|cha|Tail| TH| Ay,0.8531912|0.054542683|0.048133753|0.020065134|0.0057487567,1,1,0,0,0,0,0,0,0.949939489364624,7.094529905771196e-07,7.110471779014915e-05,9.615865742551577e-11
0,capital_country,-1.0,4.0,9,3,15600,709, bang, le,"Output "" bang"" (p=0.953)","Output "" le"" (p=0.719)",1,2,15600, bang,15600, bang,15600|40188|123996|210483|31664, bang| Bangladesh| pakistan| bengal| india,0.92985183|0.019298458|0.0043060686|0.0033535694|0.0033535694,1,1,0,0,0,0,0,0,0.949939489364624,0.9298518300056458,7.4943809522665106e-06,0.0003534636052791029
0,capital_country,-1.0,8.0,9,3,15600,709, bang, le,"Output "" bang"" (p=0.953)","Output "" le"" (p=0.719)",1,2,15600, bang,15600, bang,15600|40188|597|2345|709, bang| Bangladesh| y| sy| le,0.73611104|0.099621795|0.020881863|0.016262811|0.011177256,1,1,0,0,1,1,0,0,0.949939489364624,0.736111044883728,7.4943809522665106e-06,0.011177255772054195
0,capital_country,-2.0,4.0,9,3,15600,709, bang, le,"Output "" bang"" (p=0.953)","Output "" le"" (p=0.719)",1,2,15600, bang,15600, bang,15600|40188|123996|31664|83625, bang| Bangladesh| pakistan| india| beng,0.92670196|0.019233085|0.0042914818|0.0033422092|0.0031397149,1,1,0,0,0,0,0,0,0.949939489364624,0.9267019629478455,7.4943809522665106e-06,0.000399169948650524
0,capital_country,-2.0,8.0,9,3,15600,709, bang, le,"Output "" bang"" (p=0.953)","Output "" le"" (p=0.719)",1,2,15600, bang,15600, bang,15600|40188|597|2345|709, bang| Bangladesh| y| sy| le,0.72352636|0.097918645|0.021848602|0.019281324|0.012448958,1,1,0,0,1,1,0,0,0.949939489364624,0.7235263586044312,7.4943809522665106e-06,0.012448958121240139
0,capital_country,-1.0,4.0,9,5,15600,2100, bang, bel,"Output "" bang"" (p=0.953)","Output "" bel"" (p=0.789)",1,3,15600, bang,15600, bang,15600|40188|61427|210483|31664, bang| Bangladesh| bh| bengal| india,0.9280833|0.024732582|0.0062533761|0.0045750677|0.0045750677,1,1,0,0,0,0,0,0,0.949939489364624,0.9280833005905151,2.0371840946609154e-05,9.495249832980335e-05
0,capital_country,-1.0,8.0,9,5,15600,2100, bang, bel,"Output "" bang"" (p=0.953)","Output "" bel"" (p=0.789)",1,3,15600, bang,15600, bang,15600|40188|31664|61427|123996, bang| Bangladesh| india| bh| pakistan,0.83843648|0.068823054|0.0093141887|0.0082197422|0.0077217328,1,1,0,0,0,0,0,0,0.949939489364624,0.838436484336853,2.0371840946609154e-05,0.0005954360822215676
0,capital_country,-2.0,4.0,9,5,15600,2100, bang, bel,"Output "" bang"" (p=0.953)","Output "" bel"" (p=0.789)",1,3,15600, bang,15600, bang,15600|40188|61427|31664|210483, bang| Bangladesh| bh| india| bengal,0.92574656|0.02467031|0.0070681619|0.0045635486|0.0040273173,1,1,0,0,0,0,0,0,0.949939489364624,0.9257465600967407,2.0371840946609154e-05,0.00010082192602567375
0,capital_country,-2.0,8.0,9,5,15600,2100, bang, bel,"Output "" bang"" (p=0.953)","Output "" bel"" (p=0.789)",1,3,15600, bang,15600, bang,15600|40188|61427|31664|123996, bang| Bangladesh| bh| india| pakistan,0.83361965|0.068427667|0.0092606787|0.0092606787|0.0076773716,1,1,0,0,0,0,0,0,0.949939489364624,0.8336196541786194,2.0371840946609154e-05,0.0006301970570348203
0,capital_country,-1.0,4.0,9,6,15600,12919, bang, hung,"Output "" bang"" (p=0.953)","Output "" hung"" (p=0.973)",1,8,15600, bang,132460, Hungry,132460|12919|7667|146564|53918, Hungry| hung| mac|Hungry| hong,0.63038689|0.2319064|0.051745307|0.014825279|0.014825279,1,1,0,0,1,1,0,0,0.949939489364624,0.0008363849483430386,7.5690564699471e-05,0.23190639913082123
0,capital_country,-1.0,8.0,9,6,15600,12919, bang, hung,"Output "" bang"" (p=0.953)","Output "" hung"" (p=0.973)",1,8,15600, bang,5439, Mac,5439|7667|8418|132460|3776, Mac| mac| Union| Hungry| Trans,0.62232524|0.084222563|0.065592594|0.065592594|0.057885259,1,1,0,0,0,0,0,0,0.949939489364624,8.119176338194922e-12,7.5690564699471e-05,9.861448052106425e-05
0,capital_country,-2.0,4.0,9,6,15600,12919, bang, hung,"Output "" bang"" (p=0.953)","Output "" hung"" (p=0.973)",1,8,15600, bang,132460, Hungry,132460|12919|7667|53918|6889, Hungry| hung| mac| hong| rom,0.65495461|0.21263263|0.053761948|0.015403057|0.011995913,1,1,0,0,1,1,0,0,0.949939489364624,0.0006767630111426115,7.5690564699471e-05,0.21263262629508972
0,capital_country,-2.0,8.0,9,6,15600,12919, bang, hung,"Output "" bang"" (p=0.953)","Output "" hung"" (p=0.973)",1,8,15600, bang,5439, Mac,5439|7667|8418|132460|3776, Mac| mac| Union| Hungry| Trans,0.62917835|0.085150033|0.066314906|0.066314906|0.058522701,1,1,0,0,0,0,0,0,0.949939489364624,6.392852393288795e-12,7.5690564699471e-05,7.764677866362035e-05
0,capital_country,-1.0,4.0,9,8,15600,1600, bang, den,"Output "" bang"" (p=0.953)","Output "" den"" (p=0.445)",1,9,15600, bang,15600, bang,15600|40188|14154|499|1600, bang| Bangladesh| Bang| d| den,0.84348696|0.041994743|0.037060231|0.015449003|0.013633697,1,1,0,0,1,1,0,0,0.949939489364624,0.8434869647026062,0.00021901792206335813,0.013633697293698788
0,capital_country,-1.0,8.0,9,8,15600,1600, bang, den,"Output "" bang"" (p=0.953)","Output "" den"" (p=0.445)",1,9,15600, bang,1600, den,1600|717|499|842|15600, den| al| d| per| bang,0.40640119|0.14950666|0.07062193|0.055000417|0.048537701,1,1,1,1,1,1,1,1,0.949939489364624,0.04853770136833191,0.00021901792206335813,0.4064011871814728
0,capital_country,-2.0,4.0,9,8,15600,1600, bang, den,"Output "" bang"" (p=0.953)","Output "" den"" (p=0.445)",1,9,15600, bang,15600, bang,15600|40188|14154|499|1600, bang| Bangladesh| Bang| d| den,0.82868564|0.046751246|0.041257825|0.015177906|0.013394455,1,1,0,0,1,1,0,0,0.949939489364624,0.8286856412887573,0.00021901792206335813,0.013394455425441265
0,capital_country,-2.0,8.0,9,8,15600,1600, bang, den,"Output "" bang"" (p=0.953)","Output "" den"" (p=0.445)",1,9,15600, bang,1600, den,1600|717|499|842|15600, den| al| d| per| bang,0.37231445|0.15520374|0.083074585|0.057096273|0.044466622,1,1,1,1,1,1,1,1,0.949939489364624,0.04446662217378616,0.00021901792206335813,0.372314453125
3,person_nationality,-1.0,4.0,30,32,33890,26299, french, english,"Output "" french"" (p=0.902)","Output "" english"" (p=0.699)",17,10,33890, french,76526, british,76526|26299|26645|85747|33890, british| english| brit| england| french,0.48183292|0.42521605|0.050784815|0.034903862|0.0036788394,1,1,0,0,1,1,0,0,0.9032580256462097,0.003678839420899749,0.0017436982598155737,0.42521604895591736
3,person_nationality,-1.0,8.0,30,32,33890,26299, french, english,"Output "" french"" (p=0.902)","Output "" english"" (p=0.699)",17,10,33890, french,76526, british,76526|26299|85747|26645|30318, british| english| england| brit| london,0.76786149|0.13343431|0.04908774|0.04908774|0.00025758884,1,1,0,0,1,1,0,0,0.9032580256462097,1.0527066933718743e-06,0.0017436982598155737,0.13343431055545807
3,person_nationality,-2.0,4.0,30,32,33890,26299, french, english,"Output "" french"" (p=0.902)","Output "" english"" (p=0.699)",17,10,33890, french,76526, british,76526|26299|85747|26645|14223, british| english| england| brit| uk,0.47580114|0.32701302|0.10616559|0.064392678|0.0087146023,1,1,0,0,1,1,0,0,0.9032580256462097,0.004664590582251549,0.0017436982598155737,0.3270130157470703
3,person_nationality,-2.0,8.0,30,32,33890,26299, french, english,"Output "" french"" (p=0.902)","Output "" english"" (p=0.699)",17,10,33890, french,76526, british,76526|85747|26299|26645|14223, british| england| english| brit| uk,0.78349262|0.082579516|0.082579516|0.050087005|0.0005564164,1,1,0,0,1,1,0,0,0.9032580256462097,1.0741363212218857e-06,0.0017436982598155737,0.08257951587438583
3,person_nationality,-1.0,4.0,30,33,33890,21670, french, american,"Output "" french"" (p=0.902)","Output "" american"" (p=0.637)",17,16,33890, french,21670, american,21670|38043|10879|33890|106447, american| america| amer| french| amerikan,0.57457894|0.077760808|0.068623669|0.019661011|0.017350782,1,1,1,1,1,1,1,1,0.9032580256462097,0.019661011174321175,0.0001956375053850934,0.5745789408683777
3,person_nationality,-1.0,8.0,30,33,33890,21670, french, american,"Output "" french"" (p=0.902)","Output "" american"" (p=0.637)",17,16,33890, french,106447, amerikan,106447|38043|21670|64927|66932, amerikan| america| american| estadounidense| americana,0.34844512|0.088100724|0.088100724|0.077748619|0.068612911,1,1,0,0,1,1,0,0,0.9032580256462097,8.301250886688649e-08,0.0001956375053850934,0.08810072392225266
3,person_nationality,-2.0,4.0,30,33,33890,21670, french, american,"Output "" french"" (p=0.902)","Output "" american"" (p=0.637)",17,16,33890, french,21670, american,21670|38043|10879|606|24292, american| america| amer| u| italian,0.28775617|0.082443528|0.038943566|0.018395636|0.016234094,1,1,1,1,1,1,1,1,0.9032580256462097,0.009846474975347519,0.0001956375053850934,0.28775617480278015
3,person_nationality,-2.0,8.0,30,33,33890,21670, french, american,"Output "" french"" (p=0.902)","Output "" american"" (p=0.637)",17,16,33890, french,38043, america,38043|232539|106447|64927|60334, america| utah| amerikan| estadounidense| americano,0.1241896|0.1241896|0.10959694|0.075324804|0.075324804,1,1,0,0,0,0,0,0,0.9032580256462097,2.6110042128379973e-08,0.0001956375053850934,0.0586630143225193
3,person_nationality,-1.0,4.0,30,34,33890,88530, french, greek,"Output "" french"" (p=0.902)","Output "" greek"" (p=0.762)",17,6,33890, french,88530, greek,88530|67827|33890|46174|2248, greek| latin| french| gree| gre,0.70752233|0.08450149|0.051252745|0.035225458|0.027433617,1,1,1,1,1,1,1,1,0.9032580256462097,0.05125274509191513,1.4937108971935231e-06,0.7075223326683044
3,person_nationality,-1.0,8.0,30,34,33890,88530, french, greek,"Output "" french"" (p=0.902)","Output "" greek"" (p=0.762)",17,6,33890, french,88530, greek,88530|204061|15556|46174|2248, greek| greece| Greek| gree| gre,0.65530658|0.18774848|0.14621866|0.0093474453|0.00059756223,1,1,1,1,1,1,1,1,0.9032580256462097,2.155145921278745e-06,1.4937108971935231e-06,0.6553065776824951
3,person_nationality,-2.0,4.0,30,34,33890,88530, french, greek,"Output "" french"" (p=0.902)","Output "" greek"" (p=0.762)",17,6,33890, french,88530, greek,88530|15556|2248|46174|12387, greek| Greek| gre| gree| ancient,0.55765051|0.2324633|0.045774739|0.027763782|0.027763782,1,1,1,1,1,1,1,1,0.9032580256462097,0.02162245474755764,1.4937108971935231e-06,0.5576505064964294
3,person_nationality,-2.0,8.0,30,34,33890,88530, french, greek,"Output "" french"" (p=0.902)","Output "" greek"" (p=0.762)",17,6,33890, french,15556, Greek,15556|88530|204061|46174|2248, Greek| greek| greece| gree| gre,0.83132452|0.11250754|0.053144798|0.0023350196|0.00021719062,1,1,0,1,1,1,0,1,0.9032580256462097,3.2653292691975366e-07,1.4937108971935231e-06,0.11250753700733185
3,person_nationality,-1.0,4.0,30,35,33890,24292, french, italian,"Output "" french"" (p=0.902)","Output "" italian"" (p=0.498)",17,9,33890, french,33890, french,33890|24292|30363|40521|2100, french| italian| france| polish| bel,0.55361956|0.17973395|0.07492426|0.02146616|0.010139897,1,1,0,0,1,1,0,0,0.9032580256462097,0.5536195635795593,0.00026740480097942054,0.17973394691944122
3,person_nationality,-1.0,8.0,30,35,33890,24292, french, italian,"Output "" french"" (p=0.902)","Output "" italian"" (p=0.498)",17,9,33890, french,24292, italian,24292|61235|33890|54118|40521, italian| italy| french|tingham| polish,0.94053227|0.0081371982|0.0081371982|0.0063372562|0.0063372562,1,1,1,1,1,1,1,1,0.9032580256462097,0.00813719816505909,0.00026740480097942054,0.9405322670936584
3,person_nationality,-2.0,4.0,30,35,33890,24292, french, italian,"Output "" french"" (p=0.902)","Output "" italian"" (p=0.498)",17,9,33890, french,33890, french,33890|24292|40521|30363|1513, french| italian| polish| france| sc,0.47117615|0.25220242|0.023458479|0.020702036|0.008629892,1,1,0,0,1,1,0,0,0.9032580256462097,0.4711761474609375,0.00026740480097942054,0.25220242142677307
3,person_nationality,-2.0,8.0,30,35,33890,24292, french, italian,"Output "" french"" (p=0.902)","Output "" italian"" (p=0.498)",17,9,33890, french,24292, italian,24292|54118|61235|40521|33890, italian|tingham| italy| polish| french,0.92731661|0.013227461|0.010301557|0.0070801494|0.0048661111,1,1,1,1,1,1,1,1,0.9032580256462097,0.004866111092269421,0.00026740480097942054,0.9273166060447693
3,person_nationality,-1.0,4.0,30,36,33890,46368, french, german,"Output "" french"" (p=0.902)","Output "" german"" (p=0.318)",17,3,33890, french,33890, french,33890|573|30363|533|683, french| the| france| l| la,0.40086704|0.047876742|0.037286442|0.015543302|0.0094274897,1,1,0,0,0,0,0,0,0.9032580256462097,0.4008670449256897,0.0003890716761816293,0.0004142149700783193
3,person_nationality,-1.0,8.0,30,36,33890,46368, french, german,"Output "" french"" (p=0.902)","Output "" german"" (p=0.318)",17,3,33890, french,33890, french,33890|30363|573|583|533, french| france| the| g| l,0.049740791|0.011814474|0.0086436532|0.007627998|0.0067316843,1,1,0,0,0,0,0,0,0.9032580256462097,0.04974079132080078,0.0003890716761816293,0.00024520157603546977
3,person_nationality,-2.0,4.0,30,36,33890,46368, french, german,"Output "" french"" (p=0.902)","Output "" german"" (p=0.318)",17,3,33890, french,33890, french,33890|533|499|573|548, french| l| d| the| r,0.12025106|0.044237897|0.01627421|0.012674368|0.01118509,1,1,0,0,0,0,0,0,0.9032580256462097,0.12025105953216553,0.0003890716761816293,0.000180790142621845
3,person_nationality,-2.0,8.0,30,36,33890,46368, french, german,"Output "" french"" (p=0.902)","Output "" german"" (p=0.318)",17,3,33890, french,45188,"++){",45188|33890|533|548|499,"++){| french| l| r| d",0.010580515|0.008240114|0.008240114|0.0068312944|0.0068312944,1,1,0,0,0,0,0,0,0.9032580256462097,0.008240113966166973,0.0003890716761816293,6.697165372315794e-05
3,person_nationality,-1.0,4.0,30,38,33890,21670, french, american,"Output "" french"" (p=0.902)","Output "" american"" (p=0.430)",17,4,33890, french,1144, am,1144|6987|24128|4181|33890, am| French| ame| Am| french,0.48297381|0.15679865|0.10776602|0.039644904|0.034986507,1,1,0,0,0,0,0,0,0.9032580256462097,0.03498650714755058,0.0001956375053850934,0.0001343190233455971
3,person_nationality,-1.0,8.0,30,38,33890,21670, french, american,"Output "" french"" (p=0.902)","Output "" american"" (p=0.430)",17,4,33890, french,4181, Am,4181|3725|5419|33102|230251, Am| American|Am| Ame|انجليز,0.95032275|0.017405769|0.0072558033|0.0064032241|0.0038837518,1,1,0,0,0,1,0,0,0.9032580256462097,6.836748500660406e-09,0.0001956375053850934,1.0941550616927476e-11
3,person_nationality,-2.0,4.0,30,38,33890,21670, french, american,"Output "" french"" (p=0.902)","Output "" american"" (p=0.430)",17,4,33890, french,4181, Am,4181|1144|6987|4645|219222, Am| am| French| English| Amiens,0.453697|0.12998638|0.11471257|0.042200394|0.037241716,1,1,0,0,0,0,0,0,0.9032580256462097,0.0005312245339155197,0.0001956375053850934,9.050047538039507e-07
3,person_nationality,-2.0,8.0,30,38,33890,21670, french, american,"Output "" french"" (p=0.902)","Output "" american"" (p=0.430)",17,4,33890, french,4181, Am,4181|3725|5419|33102|177836, Am| American|Am| Ame| Avignon,0.97576869|0.0084420526|0.005120364|0.001662339|0.0005396824,1,1,0,0,0,1,0,0,0.9032580256462097,3.2508166297740004e-11,0.0001956375053850934,4.8874051778325517e-14
3,person_nationality,-1.0,4.0,31,30,25149,33890, roman, french,"Output "" roman"" (p=0.334)","Output "" french"" (p=0.902)",1,17,25149, roman,573, the,573|25149|33890|7288|235248, the| roman| french| SP| ,0.5519684|0.10868901|0.039984457|0.031139927|0.014709459,1,1,0,0,1,1,0,0,0.321681410074234,0.10868901014328003,0.00667628413066268,0.039984457194805145
3,person_nationality,-1.0,8.0,31,30,25149,33890, roman, french,"Output "" roman"" (p=0.334)","Output "" french"" (p=0.902)",1,17,25149, roman,145654, käyttö,145654|224749|234242|223479|167848, käyttö| enää| päivä| elämä| hänen,0.32047704|0.32047704|0.13359469|0.071508095|0.03377803,1,1,0,0,0,0,0,0,0.321681410074234,5.530737645642603e-09,0.00667628413066268,1.2340742872041233e-09
3,person_nationality,-2.0,4.0,31,30,25149,33890, roman, french,"Output "" roman"" (p=0.334)","Output "" french"" (p=0.902)",1,17,25149, roman,573, the,573|25149|33890|7288|33949, the| roman| french| SP| ROM,0.54416096|0.10715164|0.034787044|0.030699462|0.014501398,1,1,0,0,1,1,0,0,0.321681410074234,0.10715164244174957,0.00667628413066268,0.03478704392910004
3,person_nationality,-2.0,8.0,31,30,25149,33890, roman, french,"Output "" roman"" (p=0.334)","Output "" french"" (p=0.902)",1,17,25149, roman,145654, käyttö,145654|224749|234242|223479|167848, käyttö| enää| päivä| elämä| hänen,0.31288239|0.31288239|0.13042879|0.089642309|0.032977562,1,1,0,0,0,0,0,0,0.321681410074234,5.399670932604295e-09,0.00667628413066268,1.2048293474009597e-09
3,person_nationality,-1.0,4.0,31,32,25149,26299, roman, english,"Output "" roman"" (p=0.334)","Output "" english"" (p=0.699)",1,10,25149, roman,26299, english,26299|76526|26645|85747|25149, english| british| brit| england| roman,0.43998903|0.23550916|0.18341471|0.12605897|0.0055386443,1,1,1,1,1,1,1,1,0.321681410074234,0.005538644269108772,0.018148023635149002,0.43998903036117554
3,person_nationality,-1.0,8.0,31,32,25149,26299, roman, english,"Output "" roman"" (p=0.334)","Output "" english"" (p=0.699)",1,10,25149, roman,26299, english,26299|76526|85747|26645|30318, english| british| england| brit| london,0.48299745|0.42624375|0.057685822|0.030876992|0.00064083154,1,1,1,1,1,1,1,1,0.321681410074234,0.0002357487683184445,0.018148023635149002,0.48299744725227356
3,person_nationality,-2.0,4.0,31,32,25149,26299, roman, english,"Output "" roman"" (p=0.334)","Output "" english"" (p=0.699)",1,10,25149, roman,26299, english,26299|76526|26645|85747|25149, english| british| brit| england| roman,0.4777506|0.22567342|0.17575465|0.10660058|0.0053073303,1,1,1,1,1,1,1,1,0.321681410074234,0.005307330284267664,0.018148023635149002,0.47775059938430786
3,person_nationality,-2.0,8.0,31,32,25149,26299, roman, english,"Output "" roman"" (p=0.334)","Output "" english"" (p=0.699)",1,10,25149, roman,26299, english,26299|76526|85747|26645|30318, english| british| england| brit| london,0.48298439|0.42623222|0.057684261|0.030876158|0.00064081419,1,1,1,1,1,1,1,1,0.321681410074234,0.00023574239457957447,0.018148023635149002,0.48298439383506775
3,person_nationality,-1.0,4.0,31,33,25149,21670, roman, american,"Output "" roman"" (p=0.334)","Output "" american"" (p=0.637)",1,16,25149, roman,21670, american,21670|38043|10879|18711|130644, american| america| amer| usa| rome,0.92774332|0.028015422|0.016992213|0.010306299|0.0022996459,1,1,1,1,1,1,1,1,0.321681410074234,0.002029430354014039,0.003804031992331147,0.9277433156967163
3,person_nationality,-1.0,8.0,31,33,25149,21670, roman, american,"Output "" roman"" (p=0.334)","Output "" american"" (p=0.637)",1,16,25149, roman,21670, american,21670|10879|18711|106447|606, american| amer| usa| amerikan| u,0.67253733|0.17004406|0.042993873|0.033483662|0.029549228,1,1,1,1,1,1,1,1,0.321681410074234,2.840025217665243e-06,0.003804031992331147,0.6725373268127441
3,person_nationality,-2.0,4.0,31,33,25149,21670, roman, american,"Output "" roman"" (p=0.334)","Output "" american"" (p=0.637)",1,16,25149, roman,21670, american,21670|38043|10879|18711|130644, american| america| amer| usa| rome,0.92761499|0.028011546|0.016989863|0.010304873|0.0022993279,1,1,1,1,1,1,1,1,0.321681410074234,0.0020291495602577925,0.003804031992331147,0.9276149868965149
3,person_nationality,-2.0,8.0,31,33,25149,21670, roman, american,"Output "" roman"" (p=0.334)","Output "" american"" (p=0.637)",1,16,25149, roman,21670, american,21670|10879|18711|106447|606, american| amer| usa| amerikan| u,0.6193589|0.20107639|0.050840072|0.034941841|0.034941841,1,1,1,1,1,1,1,1,0.321681410074234,3.358317599122529e-06,0.003804031992331147,0.6193588972091675
3,person_nationality,-1.0,4.0,31,34,25149,88530, roman, greek,"Output "" roman"" (p=0.334)","Output "" greek"" (p=0.762)",1,6,25149, roman,88530, greek,88530|25149|204061|46174|12387, greek| roman| greece| gree| ancient,0.62096339|0.13855566|0.084038258|0.074163504|0.016548114,1,1,1,1,1,1,1,1,0.321681410074234,0.13855566084384918,0.0058918003924191,0.6209633946418762
3,person_nationality,-1.0,8.0,31,34,25149,88530, roman, greek,"Output "" roman"" (p=0.334)","Output "" greek"" (p=0.762)",1,6,25149, roman,88530, greek,88530|46174|15556|204061|12387, greek| gree| Greek| greece| ancient,0.87985235|0.043805268|0.038658015|0.016115058|0.009774277,1,1,1,1,1,1,1,1,0.321681410074234,0.002800377318635583,0.0058918003924191,0.8798523545265198
3,person_nationality,-2.0,4.0,31,34,25149,88530, roman, greek,"Output "" roman"" (p=0.334)","Output "" greek"" (p=0.762)",1,6,25149, roman,88530, greek,88530|25149|204061|46174|12387, greek| roman| greece| gree| ancient,0.6269049|0.13988139|0.084842347|0.066075288|0.01670645,1,1,1,1,1,1,1,1,0.321681410074234,0.13988138735294342,0.0058918003924191,0.6269049048423767
3,person_nationality,-2.0,8.0,31,34,25149,88530, roman, greek,"Output "" roman"" (p=0.334)","Output "" greek"" (p=0.762)",1,6,25149, roman,88530, greek,88530|15556|46174|204061|12387, greek| Greek| gree| greece| ancient,0.87954015|0.043789726|0.038644299|0.01610934|0.0097708087,1,1,1,1,1,1,1,1,0.321681410074234,0.002799383597448468,0.0058918003924191,0.8795401453971863
3,person_nationality,-1.0,4.0,31,37,25149,33890, roman, french,"Output "" roman"" (p=0.334)","Output "" french"" (p=0.902)",1,6,25149, roman,25149, roman,25149|130644|61235|13825|573, roman| rome| italy| egy| the,0.3254731|0.19740941|0.03887222|0.03887222|0.03887222,1,1,0,0,0,0,0,0,0.321681410074234,0.3254730999469757,0.00667628413066268,0.00814806018024683
3,person_nationality,-1.0,8.0,31,37,25149,33890, roman, french,"Output "" roman"" (p=0.334)","Output "" french"" (p=0.902)",1,6,25149, roman,173000, élas,173000|233819|175618|230870|190032, élas| supérieurs| sauvages| colorés| varandra,0.039774306|0.03097626|0.03097626|0.03097626|0.027336456,1,1,0,0,0,0,0,0,0.321681410074234,2.046183681159164e-06,0.00667628413066268,3.1069657069338064e-08
3,person_nationality,-2.0,4.0,31,37,25149,33890, roman, french,"Output "" roman"" (p=0.334)","Output "" french"" (p=0.902)",1,6,25149, roman,25149, roman,25149|130644|61235|573|13825, roman| rome| italy| the| egy,0.30715445|0.21110396|0.041568834|0.041568834|0.039050303,1,1,0,0,0,0,0,0,0.321681410074234,0.30715444684028625,0.00667628413066268,0.007689461577683687
3,person_nationality,-2.0,8.0,31,37,25149,33890, roman, french,"Output "" roman"" (p=0.334)","Output "" french"" (p=0.902)",1,6,25149, roman,173000, élas,233819|230870|173000|190249|175618, supérieurs| colorés| élas| enfans| sauvages,0.035497896|0.035497896|0.035497896|0.031326782|0.027645789,1,1,0,0,0,0,0,0,0.321681410074234,2.0693378246505745e-06,0.00667628413066268,2.7729143425858638e-08
3,person_nationality,-1.0,4.0,31,38,25149,21670, roman, american,"Output "" roman"" (p=0.334)","Output "" american"" (p=0.430)",1,4,25149, roman,25149, roman,25149|573|130644|11344|9783, roman| the| rome| Rome| Roman,0.26192755|0.23115025|0.09635777|0.054902997|0.051576588,1,1,0,0,0,0,0,0,0.321681410074234,0.2619275450706482,0.003804031992331147,0.007430312689393759
3,person_nationality,-1.0,8.0,31,38,25149,21670, roman, american,"Output "" roman"" (p=0.334)","Output "" american"" (p=0.430)",1,4,25149, roman,4181, Am,4181|5167|4959|33102|3725, Am| AM| Mer| Ame| American,0.81479943|0.066882811|0.031593204|0.016910622|0.014019398,1,1,0,0,0,1,0,0,0.321681410074234,6.775291581107012e-07,0.003804031992331147,1.5621103022223082e-10
3,person_nationality,-2.0,4.0,31,38,25149,21670, roman, american,"Output "" roman"" (p=0.334)","Output "" american"" (p=0.430)",1,4,25149, roman,25149, roman,25149|573|130644|11344|9783, roman| the| rome| Rome| Roman,0.2560463|0.22596008|0.094194181|0.064738646|0.057131656,1,1,0,0,0,0,0,0,0.321681410074234,0.2560462951660156,0.003804031992331147,0.007263474632054567
3,person_nationality,-2.0,8.0,31,38,25149,21670, roman, american,"Output "" roman"" (p=0.334)","Output "" american"" (p=0.430)",1,4,25149, roman,4181, Am,4181|5167|4959|33102|3725, Am| AM| Mer| Ame| American,0.81777602|0.067127138|0.031708617|0.015944095|0.01497809,1,1,0,0,0,1,0,0,0.321681410074234,5.295878509059548e-07,0.003804031992331147,1.2210170374782336e-10
3,person_nationality,-1.0,4.0,31,39,25149,24292, roman, italian,"Output "" roman"" (p=0.334)","Output "" italian"" (p=0.730)",1,11,25149, roman,24292, italian,24292|56065|61235|94915|67827, italian| italien| italy|italian| latin,0.90782088|0.01884122|0.011427779|0.011427779|0.010084979,1,1,1,1,1,1,1,1,0.321681410074234,0.004763806704431772,0.033904969692230225,0.9078208804130554
3,person_nationality,-1.0,8.0,31,39,25149,24292, roman, italian,"Output "" roman"" (p=0.334)","Output "" italian"" (p=0.730)",1,11,25149, roman,94915,italian,94915|191850|103230|24292|33357,italian| italiens| italiani| italian| italiano,0.40132901|0.14764071|0.11498269|0.10147186|0.042299766,1,1,0,1,1,1,0,1,0.321681410074234,3.3371659924341657e-07,0.033904969692230225,0.10147186368703842
3,person_nationality,-2.0,4.0,31,39,25149,24292, roman, italian,"Output "" roman"" (p=0.334)","Output "" italian"" (p=0.730)",1,11,25149, roman,24292, italian,24292|56065|61235|94915|67827, italian| italien| italy|italian| latin,0.90978813|0.021396168|0.011452543|0.010106835|0.0089192493,1,1,1,1,1,1,1,1,0.321681410074234,0.004213155247271061,0.033904969692230225,0.9097881317138672
3,person_nationality,-2.0,8.0,31,39,25149,24292, roman, italian,"Output "" roman"" (p=0.334)","Output "" italian"" (p=0.730)",1,11,25149, roman,94915,italian,94915|191850|103230|24292|33357,italian| italiens| italiani| italian| italiano,0.37763518|0.15742175|0.12260019|0.095481128|0.04510209,1,1,0,1,1,1,0,1,0.321681410074234,3.1401449973600393e-07,0.033904969692230225,0.09548112750053406
3,person_nationality,-1.0,4.0,32,30,26299,33890, english, french,"Output "" english"" (p=0.699)","Output "" french"" (p=0.902)",10,17,26299, english,5783, America,5783|3725|6987|890|15950, America| American| French| Y| Americans,0.34109932|0.2068872|0.11073874|0.076109551|0.052309278,1,1,0,0,0,1,0,0,0.6943279504776001,0.0001296617410844192,0.0004930939176119864,9.39266465138644e-06
3,person_nationality,-1.0,8.0,32,30,26299,33890, english, french,"Output "" english"" (p=0.699)","Output "" french"" (p=0.902)",10,17,26299, english,234242, päivä,234242|224576|193052|223479|145654, päivä| aikaa| vastaan| elämä| käyttö,0.21378718|0.16649763|0.16649763|0.16649763|0.078647919,1,1,0,0,0,0,0,0,0.6943279504776001,2.067153136655333e-17,0.0004930939176119864,2.0877507941757404e-16
3,person_nationality,-2.0,4.0,32,30,26299,33890, english, french,"Output "" english"" (p=0.699)","Output "" french"" (p=0.902)",10,17,26299, english,5783, America,5783|6987|3725|15950|5132, America| French| American| Americans| German,0.64930141|0.18602797|0.068435863|0.028528314|0.025176147,1,1,0,0,0,1,0,0,0.6943279504776001,2.0934690425633562e-08,0.0004930939176119864,4.388149399403574e-09
3,person_nationality,-2.0,8.0,32,30,26299,33890, english, french,"Output "" english"" (p=0.699)","Output "" french"" (p=0.902)",10,17,26299, english,224576, aikaa,224576|234242|193052|223479|145654, aikaa| päivä| vastaan| elämä| käyttö,0.32057291|0.24966243|0.15142792|0.11793219|0.043384824,1,1,0,0,0,0,0,0,0.6943279504776001,5.677274001135864e-19,0.0004930939176119864,1.8800549736993113e-17
3,person_nationality,-1.0,4.0,32,33,26299,21670, english, american,"Output "" english"" (p=0.699)","Output "" american"" (p=0.637)",10,16,26299, english,21670, american,21670|13964|10879|60334|38043, american|American| amer| americano| america,0.76445389|0.071105286|0.04312754|0.029641094|0.026158173,1,1,1,1,1,1,1,1,0.6943279504776001,0.007494442630559206,0.018503213301301003,0.7644538879394531
3,person_nationality,-1.0,8.0,32,33,26299,21670, english, american,"Output "" english"" (p=0.699)","Output "" american"" (p=0.637)",10,16,26299, english,60385, américain,60385|60334|106447|205183|123902, américain| americano| amerikan|hdysval| catholique,0.28188777|0.11750831|0.071272388|0.071272388|0.055506989,1,1,0,0,0,0,0,0,0.6943279504776001,5.334868546924554e-06,0.018503213301301003,0.026219645515084267
3,person_nationality,-2.0,4.0,32,33,26299,21670, english, american,"Output "" english"" (p=0.699)","Output "" american"" (p=0.637)",10,16,26299, english,13964,American,13964|3725|21670|5783|15950,American| American| american| America| Americans,0.5443036|0.42390406|0.009969268|0.009969268|0.0041558086,1,1,0,1,1,1,0,1,0.6943279504776001,2.180768206017092e-05,0.018503213301301003,0.00996926799416542
3,person_nationality,-2.0,8.0,32,33,26299,21670, english, american,"Output "" english"" (p=0.699)","Output "" american"" (p=0.637)",10,16,26299, english,60385, américain,60385|111170|13964|205183|60334, américain|Amerika|American|hdysval| americano,0.25551289|0.25551289|0.10651362|0.082952894|0.064603776,1,1,0,0,0,1,0,0,0.6943279504776001,3.50297739259986e-07,0.018503213301301003,0.008743170648813248
3,person_nationality,-1.0,4.0,32,34,26299,88530, english, greek,"Output "" english"" (p=0.699)","Output "" greek"" (p=0.762)",10,6,26299, english,15556, Greek,15556|25553|56254|4149|3725, Greek| Greece| Greeks| Gre| American,0.99944085|0.0002958792|0.0002033546|2.1433418e-05|1.6692362e-05,1,1,0,1,0,1,0,1,0.6943279504776001,1.1247225017996243e-07,5.8891670050797984e-05,2.9006978365941904e-06
3,person_nationality,-1.0,8.0,32,34,26299,88530, english, greek,"Output "" english"" (p=0.699)","Output "" greek"" (p=0.762)",10,6,26299, english,15556, Greek,15556|25553|56254|4149|120164, Greek| Greece| Greeks| Gre| Greco,0.99958748|0.00033532424|7.4820957e-05|1.7596201e-06|3.9262432e-07,1,1,0,1,0,1,0,1,0.6943279504776001,2.019850432743997e-11,5.8891670050797984e-05,9.927097721629252e-08
3,person_nationality,-2.0,4.0,32,34,26299,88530, english, greek,"Output "" english"" (p=0.699)","Output "" greek"" (p=0.762)",10,6,26299, english,15556, Greek,15556|25553|56254|3725|5132, Greek| Greece| Greeks| American| German,0.99896908|0.00091094186|9.6012569e-05|7.8811909e-06|5.4166585e-06,1,1,0,1,0,1,0,1,0.6943279504776001,3.7712426931291176e-11,5.8891670050797984e-05,1.4151483318514124e-09
3,person_nationality,-2.0,8.0,32,34,26299,88530, english, greek,"Output "" english"" (p=0.699)","Output "" greek"" (p=0.762)",10,6,26299, english,15556, Greek,15556|25553|56254|4149|120164, Greek| Greece| Greeks| Gre| Greco,0.99924481|0.00070963806|4.5365643e-05|1.4438891e-07|8.7576296e-08,1,1,0,1,0,1,0,1,0.6943279504776001,5.977610611628426e-15,5.8891670050797984e-05,5.488640444917259e-11
3,person_nationality,-1.0,4.0,32,35,26299,24292, english, italian,"Output "" english"" (p=0.699)","Output "" italian"" (p=0.498)",10,9,26299, english,24292, italian,24292|26299|33890|46368|21670, italian| english| french| german| american,0.35202512|0.31066108|0.078547426|0.078547426|0.069317855,1,1,1,1,1,1,1,1,0.6943279504776001,0.31066107749938965,0.00015038515266496688,0.3520251214504242
3,person_nationality,-1.0,8.0,32,35,26299,24292, english, italian,"Output "" english"" (p=0.699)","Output "" italian"" (p=0.498)",10,9,26299, english,24292, italian,24292|33890|73958|26299|46368, italian| french| spanish| english| german,0.94850999|0.017372567|0.0063910098|0.0049773236|0.0038763436,1,1,1,1,1,1,1,1,0.6943279504776001,0.004977323580533266,0.00015038515266496688,0.9485099911689758
3,person_nationality,-2.0,4.0,32,35,26299,24292, english, italian,"Output "" english"" (p=0.699)","Output "" italian"" (p=0.498)",10,9,26299, english,24292, italian,24292|26299|46368|21670|33890, italian| english| german| american| french,0.34488139|0.23703329|0.12687479|0.098810174|0.076953441,1,1,1,1,1,1,1,1,0.6943279504776001,0.23703329265117645,0.00015038515266496688,0.3448813855648041
3,person_nationality,-2.0,8.0,32,35,26299,24292, english, italian,"Output "" english"" (p=0.699)","Output "" italian"" (p=0.498)",10,9,26299, english,24292, italian,24292|33890|46368|94915|73958, italian| french| german|italian| spanish,0.97844338|0.0058180369|0.0031141709|0.0031141709|0.0024253188,1,1,1,1,1,1,1,1,0.6943279504776001,0.0014710300602018833,0.00015038515266496688,0.9784433841705322
3,person_nationality,-1.0,4.0,32,36,26299,46368, english, german,"Output "" english"" (p=0.699)","Output "" german"" (p=0.318)",10,3,26299, english,26299, english,26299|21670|76526|10879|573, english| american| british| amer| the,0.43680799|0.30021346|0.040629469|0.019192003|0.016936883,1,1,0,0,0,0,0,0,0.6943279504776001,0.4368079900741577,0.0022098938934504986,0.01494674663990736
3,person_nationality,-1.0,8.0,32,36,26299,46368, english, german,"Output "" english"" (p=0.699)","Output "" german"" (p=0.318)",10,3,26299, english,21670, american,21670|26299|76526|10879|46368, american| english| british| amer| german,0.30101985|0.30101985|0.052309401|0.052309401|0.019243555,1,1,0,0,1,1,0,0,0.6943279504776001,0.3010198473930359,0.0022098938934504986,0.019243555143475533
3,person_nationality,-2.0,4.0,32,36,26299,46368, english, german,"Output "" english"" (p=0.699)","Output "" german"" (p=0.318)",10,3,26299, english,3725, American,3725|5132|5783|15950|4645, American| German| America| Americans| English,0.77976078|0.10552914|0.038822003|0.030234607|0.0052539869,1,1,0,0,0,1,0,0,0.6943279504776001,0.001172322896309197,0.0022098938934504986,7.494409510400146e-05
3,person_nationality,-2.0,8.0,32,36,26299,46368, english, german,"Output "" english"" (p=0.699)","Output "" german"" (p=0.318)",10,3,26299, english,21670, american,21670|26299|10879|573|46368, american| english| amer| the| german,0.38744208|0.16150989|0.040836096|0.026365766|0.021857988,1,1,0,0,1,1,0,0,0.6943279504776001,0.16150988638401031,0.0022098938934504986,0.021857988089323044
3,person_nationality,-1.0,4.0,32,38,26299,21670, english, american,"Output "" english"" (p=0.699)","Output "" american"" (p=0.430)",10,4,26299, english,3725, American,3725|5132|6987|5783|11200, American| German| French| America| Russian,0.89887297|0.057463024|0.0077767749|0.0060565583|0.0047168527,1,1,0,1,0,1,0,1,0.6943279504776001,9.916870657988852e-10,0.018503213301301003,2.2127528975790511e-10
3,person_nationality,-1.0,8.0,32,38,26299,21670, english, american,"Output "" english"" (p=0.699)","Output "" american"" (p=0.430)",10,4,26299, english,3725, American,3725|4181|21237|4612|997, American| Am| Python| North| St,0.78791493|0.13691907|0.0087529449|0.0087529449|0.0087529449,1,1,0,1,0,1,0,1,0.6943279504776001,3.0432051498186733e-15,0.018503213301301003,3.175869633774459e-17
3,person_nationality,-2.0,4.0,32,38,26299,21670, english, american,"Output "" english"" (p=0.699)","Output "" american"" (p=0.430)",10,4,26299, english,3725, American,3725|5132|5783|6987|11200, American| German| America| French| Russian,0.50832671|0.24011654|0.041725997|0.032496236|0.025308095,1,1,0,1,0,1,0,1,0.6943279504776001,4.756729678114663e-14,0.018503213301301003,2.391833848764801e-14
3,person_nationality,-2.0,8.0,32,38,26299,21670, english, american,"Output "" english"" (p=0.699)","Output "" american"" (p=0.430)",10,4,26299, english,3725, American,3725|4181|21237|30139|6458, American| Am| Python| Marvel| White,0.34034881|0.1607694|0.097511575|0.059143752|0.046061203,1,1,0,1,0,1,0,1,0.6943279504776001,1.6222799297769812e-19,0.018503213301301003,5.214809922237111e-21
3,person_nationality,-1.0,4.0,33,30,21670,33890, american, french,"Output "" american"" (p=0.637)","Output "" french"" (p=0.902)",16,17,21670, american,2703, Ne,2703|60367|7334|1271|4447, Ne| Electricity| Gal| Z| Fin,0.062995538|0.038208727|0.033719085|0.029756987|0.023174766,1,1,0,0,0,0,0,0,0.6272305846214294,6.860766916361172e-06,6.417215627152473e-05,3.832392891922609e-08
3,person_nationality,-1.0,8.0,33,30,21670,33890, american, french,"Output "" american"" (p=0.637)","Output "" french"" (p=0.902)",16,17,21670, american,234242, päivä,234242|224576|223479|170376|212437, päivä| aikaa| elämä| ympä| vandens,0.31557685|0.24577151|0.19140704|0.070414715|0.042708684,1,1,0,0,0,0,0,0,0.6272305846214294,1.2846784598372443e-16,6.417215627152473e-05,1.7559472099592437e-16
3,person_nationality,-2.0,4.0,33,30,21670,33890, american, french,"Output "" american"" (p=0.637)","Output "" french"" (p=0.902)",16,17,21670, american,2703, Ne,2703|8503|32440|2466|1074, Ne| Fra| Fur| Ver| Ch,0.073924467|0.057572436|0.044837456|0.034919448|0.034919448,1,1,0,0,0,0,0,0,0.6272305846214294,5.717630369161952e-09,6.417215627152473e-05,5.6053672120581766e-11
3,person_nationality,-2.0,8.0,33,30,21670,33890, american, french,"Output "" american"" (p=0.637)","Output "" french"" (p=0.902)",16,17,21670, american,224576, aikaa,224576|234242|223479|170376|193052, aikaa| päivä| elämä| ympä| vastaan,0.46913823|0.28454673|0.081523992|0.063490957|0.038509209,1,1,0,0,0,0,0,0,0.6272305846214294,1.135614342687819e-18,6.417215627152473e-05,4.219319264457436e-18
3,person_nationality,-1.0,4.0,33,31,21670,25149, american, roman,"Output "" american"" (p=0.637)","Output "" roman"" (p=0.334)",16,1,21670, american,3725, American,3725|5783|1622|2379|752, American| America| New| US| U,0.33377177|0.10835982|0.10835982|0.045171093|0.035179283,1,1,0,0,0,0,0,0,0.6272305846214294,0.021337313577532768,9.841120117926039e-06,5.87553870445845e-07
3,person_nationality,-1.0,8.0,33,31,21670,25149, american, roman,"Output "" american"" (p=0.637)","Output "" roman"" (p=0.334)",16,1,21670, american,3725, American,3725|5783|1622|2379|752, American| America| New| US| U,0.30968845|0.10054112|0.088727228|0.053815778|0.041911773,1,1,0,0,0,0,0,0,0.6272305846214294,0.0419117733836174,9.841120117926039e-06,9.567836514179362e-07
3,person_nationality,-2.0,4.0,33,31,21670,25149, american, roman,"Output "" american"" (p=0.637)","Output "" roman"" (p=0.334)",16,1,21670, american,1622, New,1622|5928|5892|12920|8974, New| Japan| China| Electric| Chinese,0.2127393|0.10049094|0.078262426|0.028791135|0.028791135,1,1,0,0,0,0,0,0,0.6272305846214294,0.00011766278475988656,9.841120117926039e-06,6.859112833268455e-09
3,person_nationality,-2.0,8.0,33,31,21670,25149, american, roman,"Output "" american"" (p=0.637)","Output "" roman"" (p=0.334)",16,1,21670, american,1622, New,1622|5928|5892|12920|8974, New| Japan| China| Electric| Chinese,0.25709191|0.083465517|0.057364959|0.027097287|0.027097287,1,1,0,0,0,0,0,0,0.6272305846214294,0.0002344374661333859,9.841120117926039e-06,1.206060407099585e-08
3,person_nationality,-1.0,4.0,33,36,21670,46368, american, german,"Output "" american"" (p=0.637)","Output "" german"" (p=0.318)",16,3,21670, american,21670, american,21670|573|38043|19080|16756, american| the| america| electricity| electrical,0.44547322|0.21042666|0.060288243|0.046952531|0.036566667,1,1,0,0,0,0,0,0,0.6272305846214294,0.44547322392463684,0.00025380580336786807,0.001037316513247788
3,person_nationality,-1.0,8.0,33,36,21670,46368, american, german,"Output "" american"" (p=0.637)","Output "" german"" (p=0.318)",16,3,21670, american,21670, american,21670|573|38043|76526|37029, american| the| america| british| chinese,0.45595345|0.14802641|0.037426937|0.017679233|0.017679233,1,1,0,0,0,0,0,0,0.6272305846214294,0.455953449010849,0.00025380580336786807,0.002392624272033572
3,person_nationality,-2.0,4.0,33,36,21670,46368, american, german,"Output "" american"" (p=0.637)","Output "" german"" (p=0.318)",16,3,21670, american,573, the,573|21670|19080|16756|6038, the| american| electricity| electrical| electric,0.24053061|0.24053061|0.10026807|0.10026807|0.041797951,1,1,0,0,0,0,0,0,0.6272305846214294,0.2405306100845337,0.00025380580336786807,0.0012621887726709247
3,person_nationality,-2.0,8.0,33,36,21670,46368, american, german,"Output "" american"" (p=0.637)","Output "" german"" (p=0.318)",16,3,21670, american,21670, american,21670|573|37029|16756|46344, american| the| chinese| electrical| japanese,0.31216598|0.1670904|0.047872201|0.032902051|0.029035956,1,1,0,0,0,0,0,0,0.6272305846214294,0.3121659755706787,0.00025380580336786807,0.003929589409381151
3,person_nationality,-1.0,4.0,33,37,21670,33890, american, french,"Output "" american"" (p=0.637)","Output "" french"" (p=0.902)",16,6,21670, american,60367, Electricity,60367|8186|714|48929|752, Electricity| Light| The| Elect| U,0.093604088|0.072898939|0.050102659|0.044215441|0.034435023,1,1,0,0,0,0,0,0,0.6272305846214294,0.014354651793837547,6.417215627152473e-05,1.1551661373232491e-05
3,person_nationality,-1.0,8.0,33,37,21670,33890, american, french,"Output "" american"" (p=0.637)","Output "" french"" (p=0.902)",16,6,21670, american,160057, ögon,160057|183327|125808|154152|173000, ögon| aveug| énergé| jouets| élas,0.073254995|0.044431403|0.034603212|0.020987909|0.018521763,1,1,0,0,0,0,0,0,0.6272305846214294,3.972067759150377e-07,6.417215627152473e-05,1.0480769585541339e-09
3,person_nationality,-2.0,4.0,33,37,21670,33890, american, french,"Output "" american"" (p=0.637)","Output "" french"" (p=0.902)",16,6,21670, american,6649, Power,6649|60367|48929|12920|3776, Power| Electricity| Elect| Electric| Trans,0.049213745|0.049213745|0.043430977|0.026342221|0.026342221,1,1,0,0,0,0,0,0,0.6272305846214294,5.7623368775239214e-05,6.417215627152473e-05,9.222059560443086e-08
3,person_nationality,-2.0,8.0,33,37,21670,33890, american, french,"Output "" american"" (p=0.637)","Output "" french"" (p=0.902)",16,6,21670, american,160057, ögon,160057|36535|3776|48929|15449, ögon| Charge| Trans| Elect| Trust,0.049592614|0.038622767|0.030079441|0.023425892|0.020673277,1,1,0,0,0,0,0,0,0.6272305846214294,1.51704959705512e-08,6.417215627152473e-05,1.0221798407705762e-10
3,person_nationality,-1.0,4.0,33,39,21670,24292, american, italian,"Output "" american"" (p=0.637)","Output "" italian"" (p=0.730)",16,11,21670, american,24292, italian,24292|191850|94915|56065|33357, italian| italiens|italian| italien| italiano,0.66271764|0.18987179|0.11516304|0.02569635|0.0018614375,1,1,1,1,1,1,1,1,0.6272305846214294,8.178585267160088e-05,0.00021041241416241974,0.6627176403999329
3,person_nationality,-1.0,8.0,33,39,21670,24292, american, italian,"Output "" american"" (p=0.637)","Output "" italian"" (p=0.730)",16,11,21670, american,191850, italiens,191850|94915|103230|143647|162324, italiens|italian| italiani| italiane| émotions,0.9996075|0.00020338851|5.827178e-05|3.5343623e-05|2.7525643e-05,1,1,0,0,0,1,0,0,0.6272305846214294,1.1171699653420627e-14,0.00021041241416241974,3.7251904814183945e-06
3,person_nationality,-2.0,4.0,33,39,21670,24292, american, italian,"Output "" american"" (p=0.637)","Output "" italian"" (p=0.730)",16,11,21670, american,24292, italian,24292|94915|191850|56065|83901, italian|italian| italiens| italien| ITAL,0.53342003|0.32353559|0.11902209|0.014215162|0.0040727118,1,1,1,1,1,1,1,1,0.6272305846214294,5.1267878006910905e-05,0.00021041241416241974,0.5334200263023376
3,person_nationality,-2.0,8.0,33,39,21670,24292, american, italian,"Output "" american"" (p=0.637)","Output "" italian"" (p=0.730)",16,11,21670, american,191850, italiens,191850|94915|162324|103230|143647, italiens|italian| émotions| italiani| italiane,0.99847776|0.0011690973|7.4737894e-05|7.4737894e-05|5.8205926e-05,1,1,0,0,0,1,0,0,0.6272305846214294,7.669512336956792e-15,0.00021041241416241974,6.134859631856671e-06
3,person_nationality,-1.0,4.0,34,30,88530,33890, greek, french,"Output "" greek"" (p=0.762)","Output "" french"" (p=0.902)",6,17,88530, greek,88530, greek,88530|33890|573|10849|1212, greek| french| the| math| what,0.34617889|0.2099681|0.099181913|0.025077116|0.015210039,1,1,0,0,1,1,0,0,0.7545505166053772,0.34617888927459717,0.0009404679294675589,0.20996810495853424
3,person_nationality,-1.0,8.0,34,30,88530,33890, greek, french,"Output "" greek"" (p=0.762)","Output "" french"" (p=0.902)",6,17,88530, greek,224873, löytyy,224873|167848|234242|223479|170376, löytyy| hänen| päivä| elämä| ympä,0.22125848|0.17231627|0.15206859|0.10451511|0.081396453,1,1,0,0,0,0,0,0,0.7545505166053772,8.003886442509156e-10,0.0009404679294675589,4.326860203462957e-09
3,person_nationality,-2.0,4.0,34,30,88530,33890, greek, french,"Output "" greek"" (p=0.762)","Output "" french"" (p=0.902)",6,17,88530, greek,33890, french,33890|573|88530|10849|1212, french| the| greek| math| what,0.3484849|0.11313649|0.077757493|0.036730036|0.019660175,1,1,1,1,1,1,1,1,0.7545505166053772,0.07775749266147614,0.0009404679294675589,0.34848490357398987
3,person_nationality,-2.0,8.0,34,30,88530,33890, greek, french,"Output "" greek"" (p=0.762)","Output "" french"" (p=0.902)",6,17,88530, greek,224873, löytyy,224873|234242|170376|167848|223479, löytyy| päivä| ympä| hänen| elämä,0.2133919|0.16618977|0.12942873|0.12942873|0.1007992,1,1,0,0,0,0,0,0,0.7545505166053772,4.354941407491708e-11,0.0009404679294675589,1.5351697690846322e-09
3,person_nationality,-1.0,4.0,34,32,88530,26299, greek, english,"Output "" greek"" (p=0.762)","Output "" english"" (p=0.699)",6,10,88530, greek,26299, english,26299|76526|26645|85747|88530, english| british| brit| england| greek,0.48700768|0.37928197|0.084629238|0.039976023|0.0013679045,1,1,1,1,1,1,1,1,0.7545505166053772,0.0013679044786840677,0.00120758474804461,0.48700767755508423
3,person_nationality,-1.0,8.0,34,32,88530,26299, greek, english,"Output "" greek"" (p=0.762)","Output "" english"" (p=0.699)",6,10,88530, greek,76526, british,76526|26299|85747|26645|14223, british| english| england| brit| uk,0.44375205|0.34559444|0.16324727|0.04677112|0.00014886222,1,1,0,0,1,1,0,0,0.7545505166053772,3.967043994634878e-06,0.00120758474804461,0.3455944359302521
3,person_nationality,-2.0,4.0,34,32,88530,26299, greek, english,"Output "" greek"" (p=0.762)","Output "" english"" (p=0.699)",6,10,88530, greek,26299, english,26299|76526|85747|26645|169359, english| british| england| brit| christi,0.5459134|0.33111319|0.057538845|0.057538845|0.00072430714,1,1,1,1,1,1,1,1,0.7545505166053772,0.00026645773323252797,0.00120758474804461,0.5459133982658386
3,person_nationality,-2.0,8.0,34,32,88530,26299, greek, english,"Output "" greek"" (p=0.762)","Output "" english"" (p=0.699)",6,10,88530, greek,76526, british,76526|26299|85747|26645|14223, british| english| england| brit| uk,0.46795401|0.28382844|0.22104582|0.02640016|0.0002015677,1,1,0,0,1,1,0,0,0.7545505166053772,5.661621571562137e-07,0.00120758474804461,0.2838284373283386
3,person_nationality,-1.0,4.0,34,35,88530,24292, greek, italian,"Output "" greek"" (p=0.762)","Output "" italian"" (p=0.498)",6,9,88530, greek,24292, italian,24292|33890|88530|97262|73958, italian| french| greek| arabic| spanish,0.68070269|0.11828838|0.038402617|0.033890188|0.02055544,1,1,1,1,1,1,1,1,0.7545505166053772,0.03840261697769165,0.0010656897211447358,0.6807026863098145
3,person_nationality,-1.0,8.0,34,35,88530,24292, greek, italian,"Output "" greek"" (p=0.762)","Output "" italian"" (p=0.498)",6,9,88530, greek,24292, italian,24292|73958|66271|33890|26299, italian| spanish| portug| french| english,0.92758167|0.021814631|0.016989252|0.016989252|0.0022992452,1,1,1,1,1,1,1,1,0.7545505166053772,0.0007464555674232543,0.0010656897211447358,0.9275816679000854
3,person_nationality,-2.0,4.0,34,35,88530,24292, greek, italian,"Output "" greek"" (p=0.762)","Output "" italian"" (p=0.498)",6,9,88530, greek,24292, italian,24292|33890|73958|97262|66271, italian| french| spanish| arabic| portug,0.61685008|0.1767305|0.050634135|0.039433904|0.018627258,1,1,1,1,1,1,1,1,0.7545505166053772,0.007764996495097876,0.0010656897211447358,0.6168500781059265
3,person_nationality,-2.0,8.0,34,35,88530,24292, greek, italian,"Output "" greek"" (p=0.762)","Output "" italian"" (p=0.498)",6,9,88530, greek,24292, italian,24292|73958|66271|33890|97262, italian| spanish| portug| french| arabic,0.9030804|0.044961724|0.021238415|0.016540494|0.0028743071,1,1,1,1,1,1,1,1,0.7545505166053772,0.00012628824333660305,0.0010656897211447358,0.903080403804779
3,person_nationality,-1.0,4.0,34,36,88530,46368, greek, german,"Output "" greek"" (p=0.762)","Output "" german"" (p=0.318)",6,3,88530, greek,48234, christian,48234|67024|88530|169359|97262, christian| muslim| greek| christi| arabic,0.22417407|0.13596845|0.11999173|0.05668008|0.03895561,1,1,0,0,0,0,0,0,0.7545505166053772,0.119991734623909,0.002401568926870823,0.004952650051563978
3,person_nationality,-1.0,8.0,34,36,88530,46368, greek, german,"Output "" greek"" (p=0.762)","Output "" german"" (p=0.318)",6,3,88530, greek,67024, muslim,67024|48234|169359|24292|88530, muslim| christian| christi| italian| greek,0.14100961|0.12444054|0.075477004|0.058781549|0.035652813,1,1,0,0,0,0,0,0,0.7545505166053772,0.03565281257033348,0.002401568926870823,0.004532746504992247
3,person_nationality,-2.0,4.0,34,36,88530,46368, greek, german,"Output "" greek"" (p=0.762)","Output "" german"" (p=0.318)",6,3,88530, greek,48234, christian,48234|67024|169359|24292|40223, christian| muslim| christi| italian| arab,0.28293926|0.28293926|0.043390144|0.026317449|0.023225069,1,1,0,0,0,0,0,0,0.7545505166053772,0.01596234180033207,0.002401568926870823,0.002773839049041271
3,person_nationality,-2.0,8.0,34,36,88530,46368, greek, german,"Output "" greek"" (p=0.762)","Output "" german"" (p=0.318)",6,3,88530, greek,67024, muslim,67024|48234|169359|24292|84936, muslim| christian| christi| italian| catholic,0.28760889|0.15394595|0.06417422|0.044106252|0.018386221,1,1,0,0,0,0,0,0,0.7545505166053772,0.004648764617741108,0.002401568926870823,0.0024883043952286243
3,person_nationality,-1.0,4.0,35,30,24292,33890, italian, french,"Output "" italian"" (p=0.498)","Output "" french"" (p=0.902)",9,17,24292, italian,6987, French,6987|3725|7334|2379|12710, French| American| Gal| US| Italian,0.15076333|0.1174146|0.055462737|0.055462737|0.043194417,1,1,0,1,0,1,0,1,0.4855574071407318,0.00013747836055699736,0.021333903074264526,9.44873972912319e-05
3,person_nationality,-1.0,8.0,35,30,24292,33890, italian, french,"Output "" italian"" (p=0.498)","Output "" french"" (p=0.902)",9,17,24292, italian,234242, päivä,234242|223479|170376|193052|145654, päivä| elämä| ympä| vastaan| käyttö,0.45493972|0.2759349|0.079056665|0.037343726|0.029083323,1,1,0,0,0,0,0,0,0.4855574071407318,1.4858929787541636e-13,0.021333903074264526,7.159433202535981e-12
3,person_nationality,-2.0,4.0,35,30,24292,33890, italian, french,"Output "" italian"" (p=0.498)","Output "" french"" (p=0.902)",9,17,24292, italian,3725, American,3725|6987|5783|6081|5132, American| French| America| France| German,0.19765379|0.19765379|0.17442885|0.15393293|0.064168788,1,1,0,0,0,1,0,0,0.4855574071407318,2.5455770469307026e-07,0.021333903074264526,1.7495477777629276e-07
3,person_nationality,-2.0,8.0,35,30,24292,33890, italian, french,"Output "" italian"" (p=0.498)","Output "" french"" (p=0.902)",9,17,24292, italian,234242, päivä,234242|223479|193052|170376|224576, päivä| elämä| vastaan| ympä| aikaa,0.45559761|0.27633393|0.061658431|0.061658431|0.037397727,1,1,0,0,0,0,0,0,0.4855574071407318,5.420191358051054e-15,0.021333903074264526,4.30579074998938e-13
3,person_nationality,-1.0,4.0,35,31,24292,25149, italian, roman,"Output "" italian"" (p=0.498)","Output "" roman"" (p=0.334)",9,1,24292, italian,3725, American,3725|12710|5132|4645|15556, American| Italian| German| English| Greek,0.20925485|0.20925485|0.12691948|0.067935102|0.028319562,1,1,0,0,0,0,0,0,0.4855574071407318,0.0029848599806427956,0.0021123425103724003,1.3822643268213142e-05
3,person_nationality,-1.0,8.0,35,31,24292,25149, italian, roman,"Output "" italian"" (p=0.498)","Output "" roman"" (p=0.334)",9,1,24292, italian,3725, American,3725|12710|5132|4645|15556, American| Italian| German| English| Greek,0.20887358|0.20887358|0.11180198|0.067811325|0.036296785,1,1,0,0,0,0,0,0,0.4855574071407318,0.006307435687631369,0.0021123425103724003,2.5777047994779423e-05
3,person_nationality,-2.0,4.0,35,31,24292,25149, italian, roman,"Output "" italian"" (p=0.498)","Output "" roman"" (p=0.334)",9,1,24292, italian,3725, American,3725|5132|9783|5783|4645, American| German| Roman| America| English,0.24878177|0.15089378|0.03366895|0.03366895|0.03366895,1,1,0,0,0,1,0,0,0.4855574071407318,3.4446813970134826e-06,0.0021123425103724003,3.377046908781267e-08
3,person_nationality,-2.0,8.0,35,31,24292,25149, italian, roman,"Output "" italian"" (p=0.498)","Output "" roman"" (p=0.334)",9,1,24292, italian,3725, American,3725|5132|9783|5783|4645, American| German| Roman| America| English,0.24618353|0.14931786|0.033317316|0.033317316|0.033317316,1,1,0,0,0,1,0,0,0.4855574071407318,8.704434549144935e-06,0.0021123425103724003,5.8650016399042215e-08
3,person_nationality,-1.0,4.0,35,32,24292,26299, italian, english,"Output "" italian"" (p=0.498)","Output "" english"" (p=0.699)",9,10,24292, italian,26299, english,26299|76526|26645|85747|30318, english| british| brit| england| london,0.4332751|0.4332751|0.075291917|0.051747333|0.0017706964,1,1,1,1,1,1,1,1,0.4855574071407318,0.0009477854473516345,0.06571304798126221,0.43327510356903076
3,person_nationality,-1.0,8.0,35,32,24292,26299, italian, english,"Output "" italian"" (p=0.498)","Output "" english"" (p=0.699)",9,10,24292, italian,76526, british,76526|26299|85747|26645|30318, british| english| england| brit| london,0.67054975|0.21769562|0.06237084|0.048574463|0.0002888343,1,1,0,0,1,1,0,0,0.4855574071407318,1.7174714912471245e-06,0.06571304798126221,0.21769562363624573
3,person_nationality,-2.0,4.0,35,32,24292,26299, italian, english,"Output "" italian"" (p=0.498)","Output "" english"" (p=0.699)",9,10,24292, italian,76526, british,76526|26299|26645|85747|30318, british| english| brit| england| london,0.40483105|0.35726216|0.14892904|0.07971596|0.0024072134,1,1,0,0,1,1,0,0,0.4855574071407318,0.0006896782433614135,0.06571304798126221,0.35726216435432434
3,person_nationality,-2.0,8.0,35,32,24292,26299, italian, english,"Output "" italian"" (p=0.498)","Output "" english"" (p=0.699)",9,10,24292, italian,76526, british,76526|26299|85747|26645|30318, british| english| england| brit| london,0.68237078|0.1522575|0.092348844|0.071921349|0.00048460226,1,1,0,0,1,1,0,0,0.4855574071407318,1.0600632549540023e-06,0.06571304798126221,0.15225750207901
3,person_nationality,-1.0,4.0,35,33,24292,21670, italian, american,"Output "" italian"" (p=0.498)","Output "" american"" (p=0.637)",9,16,24292, italian,21670, american,21670|10879|38043|60334|917, american| amer| america| americano| us,0.92825049|0.028030736|0.021830359|0.0048710117|0.0026072648,1,1,1,1,1,1,1,1,0.4855574071407318,0.0026072647888213396,0.03517366200685501,0.9282504916191101
3,person_nationality,-1.0,8.0,35,33,24292,21670, italian, american,"Output "" italian"" (p=0.498)","Output "" american"" (p=0.637)",9,16,24292, italian,21670, american,21670|38043|10879|106447|60334, american| america| amer| amerikan| americano,0.54141498|0.15511799|0.12080601|0.064662799|0.044442046,1,1,1,1,1,1,1,1,0.4855574071407318,4.592185723595321e-05,0.03517366200685501,0.5414149761199951
3,person_nationality,-2.0,4.0,35,33,24292,21670, italian, american,"Output "" italian"" (p=0.498)","Output "" american"" (p=0.637)",9,16,24292, italian,21670, american,21670|3725|38043|13964|60334, american| American| america|American| americano,0.84937334|0.037318859|0.032933779|0.029063957|0.01762818,1,1,1,1,1,1,1,1,0.4855574071407318,0.0009945138590410352,0.03517366200685501,0.8493733406066895
3,person_nationality,-2.0,8.0,35,33,24292,21670, italian, american,"Output "" italian"" (p=0.498)","Output "" american"" (p=0.637)",9,16,24292, italian,21670, american,21670|38043|60334|10879|106447, american| america| americano| amer| amerikan,0.53843188|0.15426332|0.093565419|0.072868831|0.06430652,1,1,1,1,1,1,1,1,0.4855574071407318,1.6800628145574592e-05,0.03517366200685501,0.5384318828582764
3,person_nationality,-1.0,4.0,35,34,24292,88530, italian, greek,"Output "" italian"" (p=0.498)","Output "" greek"" (p=0.762)",9,6,24292, italian,15556, Greek,15556|25553|56254|4149|88530, Greek| Greece| Greeks| Gre| greek,0.95771635|0.025522277|0.010639269|0.0039139679|0.0006002264,1,1,0,1,1,1,0,1,0.4855574071407318,1.4878125966788502e-06,0.01661485992372036,0.0006002263980917633
3,person_nationality,-1.0,8.0,35,34,24292,88530, italian, greek,"Output "" italian"" (p=0.498)","Output "" greek"" (p=0.762)",9,6,24292, italian,15556, Greek,15556|25553|4149|56254|88530, Greek| Greece| Gre| Greeks| greek,0.95131379|0.022372756|0.022372756|0.0034309733|0.00017081809,1,1,0,1,1,1,0,1,0.4855574071407318,1.049542674991244e-09,0.01661485992372036,0.00017081809346564114
3,person_nationality,-2.0,4.0,35,34,24292,88530, italian, greek,"Output "" italian"" (p=0.498)","Output "" greek"" (p=0.762)",9,6,24292, italian,15556, Greek,15556|25553|56254|4149|120164, Greek| Greece| Greeks| Gre| Greco,0.86405027|0.11693649|0.015825633|0.0021417667|0.00028985657,1,1,0,1,0,1,0,1,0.4855574071407318,4.013410936920536e-09,0.01661485992372036,2.5077508780668722e-06
3,person_nationality,-2.0,8.0,35,34,24292,88530, italian, greek,"Output "" italian"" (p=0.498)","Output "" greek"" (p=0.762)",9,6,24292, italian,15556, Greek,15556|25553|4149|56254|120164, Greek| Greece| Gre| Greeks| Greco,0.8354727|0.14518337|0.011917378|0.0072282553|0.00010310552,1,1,0,1,0,1,0,1,0.4855574071407318,1.8941371908443028e-12,0.01661485992372036,6.947195743123302e-07
3,person_nationality,-1.0,4.0,35,36,24292,46368, italian, german,"Output "" italian"" (p=0.498)","Output "" german"" (p=0.318)",9,3,24292, italian,24292, italian,24292|23099|21670|160859|573, italian| physics| american| newton| the,0.23901391|0.14496927|0.077596456|0.032347016|0.032347016,1,1,0,0,0,0,0,0,0.4855574071407318,0.2390139102935791,0.02417447790503502,0.008178605698049068
3,person_nationality,-1.0,8.0,35,36,24292,46368, italian, german,"Output "" italian"" (p=0.498)","Output "" german"" (p=0.318)",9,3,24292, italian,24292, italian,24292|21670|160859|26299|23099, italian| american| newton| english| physics,0.2396629|0.060596272|0.034526717|0.028623652|0.028623652,1,1,0,0,0,0,0,0,0.4855574071407318,0.23966290056705475,0.02417447790503502,0.0063867997378110886
3,person_nationality,-2.0,4.0,35,36,24292,46368, italian, german,"Output "" italian"" (p=0.498)","Output "" german"" (p=0.318)",9,3,24292, italian,23099, physics,23099|8042|177746|15491|24292, physics| science| astronomer| apple| italian,0.26639646|0.059441086|0.046292759|0.046292759|0.040853221,1,1,0,0,0,0,0,0,0.4855574071407318,0.04085322096943855,0.02417447790503502,0.0024534263648092747
3,person_nationality,-2.0,8.0,35,36,24292,46368, italian, german,"Output "" italian"" (p=0.498)","Output "" german"" (p=0.318)",9,3,24292, italian,24292, italian,24292|23099|21670|160859|573, italian| physics| american| newton| the,0.09582983|0.074632347|0.05812373|0.035253827|0.027455706,1,1,0,0,0,0,0,0,0.4855574071407318,0.09582982957363129,0.02417447790503502,0.003955369349569082
3,person_nationality,-1.0,4.0,35,37,24292,33890, italian, french,"Output "" italian"" (p=0.498)","Output "" french"" (p=0.902)",9,6,24292, italian,12710, Italian,12710|23099|24292|6809|17865, Italian| physics| italian| Science| Physics,0.074961253|0.051520068|0.040123869|0.040123869|0.03540919,1,1,0,0,0,0,0,0,0.4855574071407318,0.040123868733644485,0.021333903074264526,0.0011382264783605933
3,person_nationality,-1.0,8.0,35,37,24292,33890, italian, french,"Output "" italian"" (p=0.498)","Output "" french"" (p=0.902)",9,6,24292, italian,183327, aveug,183327|230870|127868|190032|211566, aveug| colorés| cérami| varandra| död,0.10191562|0.048141532|0.033087157|0.029199315|0.025768304,1,1,0,0,0,0,0,0,0.4855574071407318,2.1640589409344102e-07,0.021333903074264526,3.285949956577383e-09
3,person_nationality,-2.0,4.0,35,37,24292,33890, italian, french,"Output "" italian"" (p=0.498)","Output "" french"" (p=0.902)",9,6,24292, italian,1622, New,1622|3725|5132|12710|10379, New| American| German| Italian| Earth,0.10848646|0.084489338|0.035220396|0.035220396|0.024206603,1,1,0,0,0,0,0,0,0.4855574071407318,6.799135735491291e-05,0.021333903074264526,2.9873322091589216e-06
3,person_nationality,-2.0,8.0,35,37,24292,33890, italian, french,"Output "" italian"" (p=0.498)","Output "" french"" (p=0.902)",9,6,24292, italian,183327, aveug,183327|211566|230870|127868|160057, aveug| död| colorés| cérami| ögon,0.13283719|0.04312592|0.038058493|0.029639984|0.020371243,1,1,0,0,0,0,0,0,0.4855574071407318,1.0274188610992496e-08,0.021333903074264526,2.2698638801887938e-10
3,person_nationality,-1.0,4.0,35,38,24292,21670, italian, american,"Output "" italian"" (p=0.498)","Output "" american"" (p=0.430)",9,4,24292, italian,3725, American,3725|5132|4645|11200|12710, American| German| English| Russian| Italian,0.9116835|0.013004467|0.013004467|0.0061428752|0.0054210681,1,1,0,1,0,1,0,1,0.4855574071407318,1.1625702711626218e-07,0.03517366200685501,2.312047087116298e-07
3,person_nationality,-1.0,8.0,35,38,24292,21670, italian, american,"Output "" italian"" (p=0.498)","Output "" american"" (p=0.430)",9,4,24292, italian,3725, American,3725|4181|752|4959|997, American| Am| U| Mer| St,0.71934372|0.23353671|0.0079911873|0.0042773737|0.0042773737,1,1,0,1,0,1,0,1,0.4855574071407318,7.165481315934974e-14,0.03517366200685501,7.165481315934974e-14
3,person_nationality,-2.0,4.0,35,38,24292,21670, italian, american,"Output "" italian"" (p=0.498)","Output "" american"" (p=0.430)",9,4,24292, italian,3725, American,3725|5132|9865|14743|11200, American| German| Apple| Catholic| Russian,0.8782894|0.0097569143|0.0075986921|0.0075986921|0.0059178676,1,1,0,1,0,1,0,1,0.4855574071407318,7.953857017461985e-11,0.03517366200685501,4.2998141158712144e-10
3,person_nationality,-2.0,8.0,35,38,24292,21670, italian, american,"Output "" italian"" (p=0.498)","Output "" american"" (p=0.430)",9,4,24292, italian,3725, American,3725|4181|997|752|16359, American| Am| St| U| Mars,0.59799957|0.28247502|0.015936149|0.0075277039|0.0066431761,1,1,0,1,0,1,0,1,0.4855574071407318,6.97464464998177e-17,0.03517366200685501,2.0181804047974985e-16
3,person_nationality,-1.0,4.0,36,32,46368,26299, german, english,"Output "" german"" (p=0.318)","Output "" english"" (p=0.699)",3,10,46368, german,76526, british,76526|26299|26645|85747|33890, british| english| brit| england| french,0.54695499|0.29276395|0.13829188|0.012863149|0.0011964593,1,1,0,0,1,1,0,0,0.3128668963909149,0.0010558716021478176,0.007357924245297909,0.29276394844055176
3,person_nationality,-1.0,8.0,36,32,46368,26299, german, english,"Output "" german"" (p=0.318)","Output "" english"" (p=0.699)",3,10,46368, german,76526, british,76526|26299|26645|85747|30318, british| english| brit| england| london,0.77405685|0.1345109|0.08158499|0.0085989954|0.00025966714,1,1,0,0,1,1,0,0,0.3128668963909149,1.3626081454276573e-06,0.007357924245297909,0.13451090455055237
3,person_nationality,-2.0,4.0,36,32,46368,26299, german, english,"Output "" german"" (p=0.318)","Output "" english"" (p=0.699)",3,10,46368, german,76526, british,76526|26299|26645|85747|33890, british| english| brit| england| french,0.50697368|0.30749509|0.16459027|0.010521904|0.0018284327,1,1,0,0,1,1,0,0,0.3128668963909149,0.0016135862097144127,0.007357924245297909,0.3074950873851776
3,person_nationality,-2.0,8.0,36,32,46368,26299, german, english,"Output "" german"" (p=0.318)","Output "" english"" (p=0.699)",3,10,46368, german,76526, british,76526|26299|26645|85747|106548, british| english| brit| england|british,0.77407718|0.13451444|0.081587136|0.0085992217|0.00029424916,1,1,0,0,1,1,0,0,0.3128668963909149,1.7496694226792897e-06,0.007357924245297909,0.1345144361257553
3,person_nationality,-1.0,4.0,36,33,46368,21670, german, american,"Output "" german"" (p=0.318)","Output "" american"" (p=0.637)",3,16,46368, german,21670, american,21670|10879|38043|33890|46368, american| amer| america| french| german,0.75730026|0.10248944|0.020181367|0.017809995|0.012240618,1,1,1,1,1,1,1,1,0.3128668963909149,0.012240618467330933,0.007357924245297909,0.7573002576828003
3,person_nationality,-1.0,8.0,36,33,46368,21670, german, american,"Output "" german"" (p=0.318)","Output "" american"" (p=0.637)",3,16,46368, german,21670, american,21670|10879|106447|38043|18711, american| amer| amerikan| america| usa,0.64487118|0.18475869|0.046714313|0.028333662|0.028333662,1,1,1,1,1,1,1,1,0.3128668963909149,9.017984120873734e-05,0.007357924245297909,0.644871175289154
3,person_nationality,-2.0,4.0,36,33,46368,21670, german, american,"Output "" german"" (p=0.318)","Output "" american"" (p=0.637)",3,16,46368, german,21670, american,21670|10879|33890|38043|46368, american| amer| french| america| german,0.7684114|0.07147339|0.026293591|0.02047747|0.018071305,1,1,1,1,1,1,1,1,0.3128668963909149,0.018071305006742477,0.007357924245297909,0.76841139793396
3,person_nationality,-2.0,8.0,36,33,46368,21670, german, american,"Output "" german"" (p=0.318)","Output "" american"" (p=0.637)",3,16,46368, german,21670, american,21670|10879|106447|38043|18711, american| amer| amerikan| america| usa,0.67874587|0.17161383|0.049168188|0.029822012|0.018087965,1,1,1,1,1,1,1,1,0.3128668963909149,0.00010755496623460203,0.007357924245297909,0.6787458658218384
3,person_nationality,-1.0,4.0,36,35,46368,24292, german, italian,"Output "" german"" (p=0.318)","Output "" italian"" (p=0.498)",3,9,46368, german,33890, french,33890|46368|24292|79407|37029, french| german| italian| european| chinese,0.38322645|0.15975255|0.12441541|0.035645612|0.027760834,1,1,0,0,1,1,0,0,0.3128668963909149,0.15975254774093628,0.0018603744683787227,0.12441541254520416
3,person_nationality,-1.0,8.0,36,35,46368,24292, german, italian,"Output "" german"" (p=0.318)","Output "" italian"" (p=0.498)",3,9,46368, german,24292, italian,24292|33890|26299|73958|46368, italian| french| english| spanish| german,0.85134053|0.048029348|0.013760637|0.01214372|0.0083462493,1,1,1,1,1,1,1,1,0.3128668963909149,0.008346249349415302,0.0018603744683787227,0.8513405323028564
3,person_nationality,-2.0,4.0,36,35,46368,24292, german, italian,"Output "" german"" (p=0.318)","Output "" italian"" (p=0.498)",3,9,46368, german,33890, french,33890|46368|24292|75605|37029, french| german| italian| swiss| chinese,0.41663826|0.17368066|0.092964567|0.030181175|0.030181175,1,1,0,0,1,1,0,0,0.3128668963909149,0.17368066310882568,0.0018603744683787227,0.09296456724405289
3,person_nationality,-2.0,8.0,36,35,46368,24292, german, italian,"Output "" german"" (p=0.318)","Output "" italian"" (p=0.498)",3,9,46368, german,24292, italian,24292|33890|26299|73958|46368, italian| french| english| spanish| german,0.82708925|0.059914146|0.015148669|0.013368652|0.010411518,1,1,1,1,1,1,1,1,0.3128668963909149,0.010411517694592476,0.0018603744683787227,0.827089250087738
3,person_nationality,-1.0,4.0,37,32,33890,26299, french, english,"Output "" french"" (p=0.902)","Output "" english"" (p=0.699)",6,10,33890, french,76526, british,76526|26299|26645|33890|85747, british| english| brit| french| england,0.62929547|0.33683762|0.016770156|0.010171614|0.0054444727,1,1,0,0,1,1,0,0,0.9040551781654358,0.010171613655984402,0.016558349132537842,0.33683761954307556
3,person_nationality,-1.0,8.0,37,32,33890,26299, french, english,"Output "" french"" (p=0.902)","Output "" english"" (p=0.699)",6,10,33890, french,76526, british,76526|26299|26645|85747|14223, british| english| brit| england| uk,0.77819538|0.19675861|0.016150931|0.0086449711|9.6036943e-05,1,1,0,0,1,1,0,0,0.9040551781654358,3.533001654432155e-05,0.016558349132537842,0.19675861299037933
3,person_nationality,-2.0,4.0,37,32,33890,26299, french, english,"Output "" french"" (p=0.902)","Output "" english"" (p=0.699)",6,10,33890, french,76526, british,76526|26299|26645|33890|85747, british| english| brit| french| england,0.71295881|0.26228294|0.010169812|0.0069896029|0.0061683026,1,1,0,0,1,1,0,0,0.9040551781654358,0.00698960293084383,0.016558349132537842,0.26228293776512146
3,person_nationality,-2.0,8.0,37,32,33890,26299, french, english,"Output "" french"" (p=0.902)","Output "" english"" (p=0.699)",6,10,33890, french,76526, british,76526|26299|26645|85747|14223, british| english| brit| england| uk,0.81526989|0.16053616|0.014932189|0.0090568308|7.8356941e-05,1,1,0,0,1,1,0,0,0.9040551781654358,1.981173591047991e-05,0.016558349132537842,0.16053615510463715
3,person_nationality,-1.0,4.0,37,33,33890,21670, french, american,"Output "" french"" (p=0.902)","Output "" american"" (p=0.637)",6,16,33890, french,21670, american,21670|10879|38043|33890|30363, american| amer| america| french| france,0.75674564|0.090380378|0.062117465|0.04837713|0.0095260218,1,1,1,1,1,1,1,1,0.9040551781654358,0.048377130180597305,0.00135919195599854,0.7567456364631653
3,person_nationality,-1.0,8.0,37,33,33890,21670, french, american,"Output "" french"" (p=0.902)","Output "" american"" (p=0.637)",6,16,33890, french,21670, american,21670|10879|38043|106447|18711, american| amer| america| amerikan| usa,0.43732727|0.34059083|0.16088372|0.016957019|0.013206139,1,1,1,1,1,1,1,1,0.9040551781654358,1.9854627680615522e-05,0.00135919195599854,0.4373272657394409
3,person_nationality,-2.0,4.0,37,33,33890,21670, french, american,"Output "" french"" (p=0.902)","Output "" american"" (p=0.637)",6,16,33890, french,21670, american,21670|38043|10879|33890|30363, american| america| amer| french| france,0.77614278|0.081804849|0.081804849|0.030094322|0.0046151136,1,1,1,1,1,1,1,1,0.9040551781654358,0.030094321817159653,0.00135919195599854,0.7761427760124207
3,person_nationality,-2.0,8.0,37,33,33890,21670, french, american,"Output "" french"" (p=0.902)","Output "" american"" (p=0.637)",6,16,33890, french,21670, american,21670|10879|38043|18711|106447, american| amer| america| usa| amerikan,0.45868725|0.31525084|0.19120929|0.010787291|0.0057740202,1,1,1,1,1,1,1,1,0.9040551781654358,1.2630618584807962e-05,0.00135919195599854,0.4586872458457947
3,person_nationality,-1.0,4.0,37,34,33890,88530, french, greek,"Output "" french"" (p=0.902)","Output "" greek"" (p=0.762)",6,6,33890, french,15556, Greek,15556|88530|33890|6987|12387, Greek| greek| french| French| ancient,0.46155342|0.46155342|0.042931154|0.010854697|0.005127396,1,1,0,1,1,1,0,1,0.9040551781654358,0.04293115437030792,8.689024252817035e-05,0.4615534245967865
3,person_nationality,-1.0,8.0,37,34,33890,88530, french, greek,"Output "" french"" (p=0.902)","Output "" greek"" (p=0.762)",6,6,33890, french,15556, Greek,15556|88530|204061|12387|56254, Greek| greek| greece| ancient| Greeks,0.72363359|0.26620996|0.0037972806|0.0037972806|0.00074772886,1,1,0,1,1,1,0,1,0.9040551781654358,7.881004421506077e-05,8.689024252817035e-05,0.2662099599838257
3,person_nationality,-2.0,4.0,37,34,33890,88530, french, greek,"Output "" french"" (p=0.902)","Output "" greek"" (p=0.762)",6,6,33890, french,15556, Greek,15556|88530|6987|33890|56254, Greek| greek| French| french| Greeks,0.87245995|0.10420048|0.0075482572|0.0058785887|0.0024505605,1,1,0,1,1,1,0,1,0.9040551781654358,0.005878588650375605,8.689024252817035e-05,0.10420048236846924
3,person_nationality,-2.0,8.0,37,34,33890,88530, french, greek,"Output "" french"" (p=0.902)","Output "" greek"" (p=0.762)",6,6,33890, french,15556, Greek,15556|88530|56254|25553|12387, Greek| greek| Greeks| Greece| ancient,0.95326966|0.041883744|0.001433183|0.001433183|0.00098501123,1,1,0,1,1,1,0,1,0.9040551781654358,1.2399462320900057e-05,8.689024252817035e-05,0.041883744299411774
3,person_nationality,-1.0,4.0,37,36,33890,46368, french, german,"Output "" french"" (p=0.902)","Output "" german"" (p=0.318)",6,3,33890, french,33890, french,33890|30363|26299|573|76526, french| france| english| the| british,0.77217299|0.043563023|0.043563023|0.026422307|0.009720224,1,1,0,0,0,0,0,0,0.9040551781654358,0.7721729874610901,3.622123767854646e-05,0.00015711277956143022
3,person_nationality,-1.0,8.0,37,36,33890,46368, french, german,"Output "" french"" (p=0.902)","Output "" german"" (p=0.318)",6,3,33890, french,33890, french,33890|30363|26299|76526|573, french| france| english| british| the,0.51953286|0.062049352|0.062049352|0.031200372|0.022826681,1,1,0,0,0,0,0,0,0.9040551781654358,0.5195328593254089,3.622123767854646e-05,0.0006893060053698719
3,person_nationality,-2.0,4.0,37,36,33890,46368, french, german,"Output "" french"" (p=0.902)","Output "" german"" (p=0.318)",6,3,33890, french,33890, french,33890|26299|30363|573|76526, french| english| france| the| british,0.70874709|0.045308683|0.035286438|0.035286438|0.016668135,1,1,0,0,0,0,0,0,0.9040551781654358,0.7087470889091492,3.622123767854646e-05,0.00018516622367314994
3,person_nationality,-2.0,8.0,37,36,33890,46368, french, german,"Output "" french"" (p=0.902)","Output "" german"" (p=0.318)",6,3,33890, french,33890, french,33890|26299|30363|76526|573, french| english| france| british| the,0.38598824|0.08612562|0.059193213|0.055606879|0.031683844,1,1,0,0,0,0,0,0,0.9040551781654358,0.3859882354736328,3.622123767854646e-05,0.000745132565498352
3,person_nationality,-1.0,4.0,38,30,21670,33890, american, french,"Output "" american"" (p=0.430)","Output "" french"" (p=0.902)",4,17,21670, american,573, the,573|38043|21670|5783|7253, the| america| american| America| USA,0.43377388|0.15957651|0.085415132|0.075378589|0.019058693,1,1,0,0,0,0,0,0,0.42464539408683777,0.08541513234376907,0.0008197584538720548,0.011559681966900826
3,person_nationality,-1.0,8.0,38,30,21670,33890, american, french,"Output "" american"" (p=0.430)","Output "" french"" (p=0.902)",4,17,21670, american,234242, päivä,234242|223479|212437|218272|224749, päivä| elämä| vandens| vapa| enää,0.36770666|0.28637022|0.092970803|0.082046449|0.056389645,1,1,0,0,0,0,0,0,0.42464539408683777,1.8973652510245742e-11,0.0008197584538720548,3.773361484382676e-11
3,person_nationality,-2.0,4.0,38,30,21670,33890, american, french,"Output "" american"" (p=0.430)","Output "" french"" (p=0.902)",4,17,21670, american,573, the,573|38043|21670|5783|1167, the| america| american| America| our,0.46884382|0.15221129|0.071899533|0.049415775|0.018179048,1,1,0,0,0,0,0,0,0.42464539408683777,0.07189953327178955,0.0008197584538720548,0.016042953357100487
3,person_nationality,-2.0,8.0,38,30,21670,33890, american, french,"Output "" american"" (p=0.430)","Output "" french"" (p=0.902)",4,17,21670, american,234242, päivä,234242|223479|218272|224749|212437, päivä| elämä| vapa| enää| vandens,0.40609631|0.24630986|0.10267723|0.070568949|0.070568949,1,1,0,0,0,0,0,0,0.42464539408683777,5.350933585113182e-11,0.0008197584538720548,1.754503625717163e-10
3,person_nationality,-1.0,4.0,38,31,21670,25149, american, roman,"Output "" american"" (p=0.430)","Output "" roman"" (p=0.334)",4,1,21670, american,21670, american,21670|38043|573|10879|26299, american| america| the| amer| english,0.35644802|0.31456429|0.10212407|0.03315483|0.02582101,1,1,0,0,0,0,0,0,0.42464539408683777,0.3564480245113373,0.00015164005162660033,0.0001535373303340748
3,person_nationality,-1.0,8.0,38,31,21670,25149, american, roman,"Output "" american"" (p=0.430)","Output "" roman"" (p=0.334)",4,1,21670, american,21670, american,21670|38043|573|10879|26299, american| america| the| amer| english,0.39866012|0.27399483|0.0889531|0.042018466|0.032724015,1,1,0,0,0,0,0,0,0.42464539408683777,0.3986601233482361,0.00015164005162660033,0.00016131589654833078
3,person_nationality,-2.0,4.0,38,31,21670,25149, american, roman,"Output "" american"" (p=0.430)","Output "" roman"" (p=0.334)",4,1,21670, american,38043, america,38043|21670|573|26299|10879, america| american| the| english| amer,0.31188112|0.27523413|0.14732222|0.025600761|0.022592593,1,1,0,0,0,0,0,0,0.42464539408683777,0.2752341330051422,0.00015164005162660033,0.0001343404728686437
3,person_nationality,-2.0,8.0,38,31,21670,25149, american, roman,"Output "" american"" (p=0.430)","Output "" roman"" (p=0.334)",4,1,21670, american,21670, american,21670|38043|573|26299|10879, american| america| the| english| amer,0.32813308|0.28957641|0.12071343|0.034584969|0.026934803,1,1,0,0,0,0,0,0,0.42464539408683777,0.32813307642936707,0.00015164005162660033,0.00014134087541606277
3,person_nationality,-1.0,4.0,38,36,21670,46368, american, german,"Output "" american"" (p=0.430)","Output "" german"" (p=0.318)",4,3,21670, american,21670, american,21670|38043|573|10879|113638, american| america| the| amer| irish,0.40709621|0.2179029|0.080161989|0.042907622|0.033416491,1,1,0,0,0,0,0,0,0.42464539408683777,0.4070962071418762,0.00028330093482509255,0.0004206515441183001
3,person_nationality,-1.0,8.0,38,36,21670,46368, american, german,"Output "" american"" (p=0.430)","Output "" german"" (p=0.318)",4,3,21670, american,21670, american,21670|38043|573|113638|10879, american| america| the| irish| amer,0.32196906|0.10452805|0.063399464|0.049375556|0.049375556,1,1,0,0,0,0,0,0,0.42464539408683777,0.32196906208992004,0.00028330093482509255,0.0006616327445954084
3,person_nationality,-2.0,4.0,38,36,21670,46368, american, german,"Output "" american"" (p=0.430)","Output "" german"" (p=0.318)",4,3,21670, american,21670, american,21670|38043|573|113638|10879, american| america| the| irish| amer,0.30829734|0.24010222|0.12851745|0.032494299|0.032494299,1,1,0,0,0,0,0,0,0.42464539408683777,0.308297336101532,0.00028330093482509255,0.0004635062941815704
3,person_nationality,-2.0,8.0,38,36,21670,46368, american, german,"Output "" american"" (p=0.430)","Output "" german"" (p=0.318)",4,3,21670, american,21670, american,21670|38043|573|113638|10879, american| america| the| irish| amer,0.2614685|0.10899628|0.084886394|0.051486198|0.040097494,1,1,0,0,0,0,0,0,0.42464539408683777,0.2614684998989105,0.00028330093482509255,0.0007344112382270396
3,person_nationality,-1.0,4.0,38,39,21670,24292, american, italian,"Output "" american"" (p=0.430)","Output "" italian"" (p=0.730)",4,11,21670, american,24292, italian,24292|56065|33357|53350|94915, italian| italien| italiano| italia|italian,0.96160597|0.013716572|0.010682478|0.0050460449|0.0034680925,1,1,1,1,1,1,1,1,0.42464539408683777,9.24215346458368e-05,0.00043878506403416395,0.961605966091156
3,person_nationality,-1.0,8.0,38,39,21670,24292, american, italian,"Output "" american"" (p=0.430)","Output "" italian"" (p=0.730)",4,11,21670, american,191850, italiens,191850|103230|143647|33357|56065, italiens| italiani| italiane| italiano| italien,0.74891955|0.10135523|0.078935534|0.047876824|0.0083197448,1,1,0,0,0,0,0,0,0.42464539408683777,4.6613830850805726e-11,0.00043878506403416395,0.003929968923330307
3,person_nationality,-2.0,4.0,38,39,21670,24292, american, italian,"Output "" american"" (p=0.430)","Output "" italian"" (p=0.730)",4,11,21670, american,24292, italian,24292|33357|56065|94915|53350, italian| italiano| italien|italian| italia,0.97526586|0.0074462462|0.0051177256|0.003985689|0.0035173581,1,1,1,1,1,1,1,1,0.42464539408683777,0.00012035737017868087,0.00043878506403416395,0.9752658605575562
3,person_nationality,-2.0,8.0,38,39,21670,24292, american, italian,"Output "" american"" (p=0.430)","Output "" italian"" (p=0.730)",4,11,21670, american,191850, italiens,191850|33357|143647|103230|24292, italiens| italiano| italiane| italiani| italian,0.46079221|0.21766284|0.13201918|0.13201918|0.017866854,1,1,0,0,1,1,0,0,0.42464539408683777,1.870195248665496e-10,0.00043878506403416395,0.01786685362458229
3,person_nationality,-1.0,4.0,39,30,24292,33890, italian, french,"Output "" italian"" (p=0.730)","Output "" french"" (p=0.902)",11,17,24292, italian,6081, France,6081|6987|2703|12710|633, France| French| Ne| Italian| F,0.36097988|0.21894537|0.048853315|0.038047001|0.033576358,1,1,0,0,0,1,0,0,0.7280928492546082,5.048001912655309e-05,0.002625912893563509,5.048001912655309e-05
3,person_nationality,-1.0,8.0,39,30,24292,33890, italian, french,"Output "" italian"" (p=0.730)","Output "" french"" (p=0.902)",11,17,24292, italian,223479, elämä,223479|234242|167848|170376|212437, elämä| päivä| hänen| ympä| vandens,0.32449332|0.22302079|0.10534756|0.092968896|0.082044758,1,1,0,0,0,0,0,0,0.7280928492546082,1.999767322222179e-12,0.002625912893563509,1.9162317566046028e-10
3,person_nationality,-2.0,4.0,39,30,24292,33890, italian, french,"Output "" italian"" (p=0.730)","Output "" french"" (p=0.902)",11,17,24292, italian,6081, France,6081|6987|2703|5783|3725, France| French| Ne| America| American,0.81459618|0.06686613|0.031585321|0.024598673|0.0090493467,1,1,0,0,0,1,0,0,0.7280928492546082,6.6406045107214595e-09,0.002625912893563509,3.3723775771932196e-08
3,person_nationality,-2.0,8.0,39,30,24292,33890, italian, french,"Output "" italian"" (p=0.730)","Output "" french"" (p=0.902)",11,17,24292, italian,234242, päivä,234242|223479|167848|170376|2703, päivä| elämä| hänen| ympä| Ne,0.22731774|0.15623304|0.1073773|0.094760127|0.050721444,1,1,0,0,0,0,0,0,0.7280928492546082,4.2725019485864713e-13,0.002625912893563509,2.6696420074578953e-10
3,person_nationality,-1.0,4.0,39,37,24292,33890, italian, french,"Output "" italian"" (p=0.730)","Output "" french"" (p=0.902)",11,6,24292, italian,573, the,573|714|24292|7904|109," the| The| italian| SC|

",0.20585735|0.075730696|0.052048888|0.03156925|0.023096554,1,1,0,0,0,0,0,0,0.7280928492546082,0.05204888805747032,0.002625912893563509,0.0018958805594593287
3,person_nationality,-1.0,8.0,39,37,24292,33890, italian, french,"Output "" italian"" (p=0.730)","Output "" french"" (p=0.902)",11,6,24292, italian,175618, sauvages,175618|230870|77008|173000|148821, sauvages| colorés| chré| élas| noires,0.087712988|0.032267809|0.032267809|0.028476238|0.019571414,1,1,0,0,0,0,0,0,0.7280928492546082,5.1131992222508416e-06,0.002625912893563509,1.2025093099055084e-07
3,person_nationality,-2.0,4.0,39,37,24292,33890, italian, french,"Output "" italian"" (p=0.730)","Output "" french"" (p=0.902)",11,6,24292, italian,714, The,714|570|2742|6081|573, The| S| Go| France| the,0.074773319|0.04535231|0.040023275|0.035320416|0.035320416,1,1,0,0,0,0,0,0,0.7280928492546082,0.0005038186791352928,0.002625912893563509,7.258195546455681e-05
3,person_nationality,-2.0,8.0,39,37,24292,33890, italian, french,"Output "" italian"" (p=0.730)","Output "" french"" (p=0.902)",11,6,24292, italian,175618, sauvages,175618|6978|16052|6394|35359, sauvages| Game| SK| Free| Birth,0.064436905|0.056865368|0.050183512|0.039082959|0.03043784,1,1,0,0,0,0,0,0,0.7280928492546082,4.256476586306235e-06,0.002625912893563509,5.083636551717063e-07
3,person_nationality,-1.0,4.0,39,38,24292,21670, italian, american,"Output "" italian"" (p=0.730)","Output "" american"" (p=0.430)",11,4,24292, italian,3725, American,3725|12710|4645|41646|7737, American| Italian| English| Venice| European,0.89217436|0.012726184|0.00874657|0.0077188206|0.0068118349,1,1,0,1,0,1,0,1,0.7280928492546082,4.837590950046433e-06,0.00033384733251295984,1.0140141739611863e-06
3,person_nationality,-1.0,8.0,39,38,24292,21670, italian, american,"Output "" italian"" (p=0.730)","Output "" american"" (p=0.430)",11,4,24292, italian,3725, American,3725|4181|752|5167|3520, American| Am| U| AM| United,0.72474891|0.23529153|0.015041684|0.0038031335|0.0038031335,1,1,0,1,0,1,0,1,0.7280928492546082,4.707590654101645e-13,0.00033384733251295984,2.024709474515371e-13
3,person_nationality,-2.0,4.0,39,38,24292,21670, italian, american,"Output "" italian"" (p=0.730)","Output "" american"" (p=0.430)",11,4,24292, italian,3725, American,3725|5892|25553|5132|5783, American| China| Greece| German| America,0.86962521|0.020451624|0.012404537|0.010946966|0.0075237323,1,1,0,1,0,1,0,1,0.7280928492546082,1.395946691573613e-09,0.00033384733251295984,1.9080330648790778e-09
3,person_nationality,-2.0,8.0,39,38,24292,21670, italian, american,"Output "" italian"" (p=0.730)","Output "" american"" (p=0.430)",11,4,24292, italian,3725, American,3725|4181|3520|4612|4075, American| Am| United| North| Red,0.8872956|0.072833657|0.0059785508|0.0046561002|0.0046561002,1,1,0,1,0,1,0,1,0.7280928492546082,2.332135548977469e-16,0.00033384733251295984,6.540635952767201e-16
